6334,https://ftp.ncbi.nlm.nih.gov/genomes/all/GCF/000/181/795/GCF_000181795.1_Trichinella_spiralis-3.7.1/GCF_000181795.1_Trichinella_spiralis-3.7.1_cds_from_genomic.fna.gz,https://ftp.ncbi.nlm.nih.gov/genomes/all/GCA/001/447/595/GCA_001447595.1_T1_ISS3_r1.0/GCA_001447595.1_T1_ISS3_r1.0_genomic.fna.gz,nematoda
6334,https://ftp.ncbi.nlm.nih.gov/genomes/all/GCF/000/181/795/GCF_000181795.1_Trichinella_spiralis-3.7.1/GCF_000181795.1_Trichinella_spiralis-3.7.1_cds_from_genomic.fna.gz,https://ftp.ncbi.nlm.nih.gov/genomes/all/GCA/008/807/755/GCA_008807755.1_ASM880775v1/GCA_008807755.1_ASM880775v1_genomic.fna.gz,nematoda
6334,https://ftp.ncbi.nlm.nih.gov/genomes/all/GCF/000/181/795/GCF_000181795.1_Trichinella_spiralis-3.7.1/GCF_000181795.1_Trichinella_spiralis-3.7.1_cds_from_genomic.fna.gz,https://ftp.ncbi.nlm.nih.gov/genomes/all/GCA/008/807/775/GCA_008807775.1_ASM880777v1/GCA_008807775.1_ASM880777v1_genomic.fna.gz,nematoda
6334,https://ftp.ncbi.nlm.nih.gov/genomes/all/GCF/000/181/795/GCF_000181795.1_Trichinella_spiralis-3.7.1/GCF_000181795.1_Trichinella_spiralis-3.7.1_cds_from_genomic.fna.gz,https://ftp.ncbi.nlm.nih.gov/genomes/all/GCA/008/807/795/GCA_008807795.1_ASM880779v1/GCA_008807795.1_ASM880779v1_genomic.fna.gz,nematoda
6334,https://ftp.ncbi.nlm.nih.gov/genomes/all/GCF/000/181/795/GCF_000181795.1_Trichinella_spiralis-3.7.1/GCF_000181795.1_Trichinella_spiralis-3.7.1_cds_from_genomic.fna.gz,https://ftp.ncbi.nlm.nih.gov/genomes/all/GCA/008/807/815/GCA_008807815.1_ASM880781v1/GCA_008807815.1_ASM880781v1_genomic.fna.gz,nematoda
6526,https://ftp.ncbi.nlm.nih.gov/genomes/all/GCF/000/457/365/GCF_000457365.1_ASM45736v1/GCF_000457365.1_ASM45736v1_cds_from_genomic.fna.gz,https://ftp.ncbi.nlm.nih.gov/genomes/all/GCA/014/524/955/GCA_014524955.1_ASM1452495v1/GCA_014524955.1_ASM1452495v1_genomic.fna.gz,mollusca
6526,https://ftp.ncbi.nlm.nih.gov/genomes/all/GCF/000/457/365/GCF_000457365.1_ASM45736v1/GCF_000457365.1_ASM45736v1_cds_from_genomic.fna.gz,https://ftp.ncbi.nlm.nih.gov/genomes/all/GCA/014/524/965/GCA_014524965.1_ASM1452496v1/GCA_014524965.1_ASM1452496v1_genomic.fna.gz,mollusca
6526,https://ftp.ncbi.nlm.nih.gov/genomes/all/GCF/000/457/365/GCF_000457365.1_ASM45736v1/GCF_000457365.1_ASM45736v1_cds_from_genomic.fna.gz,https://ftp.ncbi.nlm.nih.gov/genomes/all/GCA/014/525/025/GCA_014525025.1_ASM1452502v1/GCA_014525025.1_ASM1452502v1_genomic.fna.gz,mollusca
6579,https://ftp.ncbi.nlm.nih.gov/genomes/all/GCF/902/652/985/GCF_902652985.1_xPecMax1.1/GCF_902652985.1_xPecMax1.1_cds_from_genomic.fna.gz,https://ftp.ncbi.nlm.nih.gov/genomes/all/GCA/020/750/765/GCA_020750765.1_ASM2075076v1/GCA_020750765.1_ASM2075076v1_genomic.fna.gz,mollusca
6579,https://ftp.ncbi.nlm.nih.gov/genomes/all/GCF/902/652/985/GCF_902652985.1_xPecMax1.1/GCF_902652985.1_xPecMax1.1_cds_from_genomic.fna.gz,https://ftp.ncbi.nlm.nih.gov/genomes/all/GCA/902/652/895/GCA_902652895.1_xPecMax1.1_alternate_haplotype/GCA_902652895.1_xPecMax1.1_alternate_haplotype_genomic.fna.gz,mollusca
6669,https://ftp.ncbi.nlm.nih.gov/genomes/all/GCF/021/134/715/GCF_021134715.1_ASM2113471v1/GCF_021134715.1_ASM2113471v1_cds_from_genomic.fna.gz,https://ftp.ncbi.nlm.nih.gov/genomes/all/GCA/000/187/875/GCA_000187875.1_V1.0/GCA_000187875.1_V1.0_genomic.fna.gz,arthropoda
6669,https://ftp.ncbi.nlm.nih.gov/genomes/all/GCF/021/134/715/GCF_021134715.1_ASM2113471v1/GCF_021134715.1_ASM2113471v1_cds_from_genomic.fna.gz,https://ftp.ncbi.nlm.nih.gov/genomes/all/GCA/900/092/285/GCA_900092285.2_PA42_4.1/GCA_900092285.2_PA42_4.1_genomic.fna.gz,arthropoda
6669,https://ftp.ncbi.nlm.nih.gov/genomes/all/GCF/021/134/715/GCF_021134715.1_ASM2113471v1/GCF_021134715.1_ASM2113471v1_cds_from_genomic.fna.gz,https://ftp.ncbi.nlm.nih.gov/genomes/all/GCA/911/175/335/GCA_911175335.1_PA42_4.2/GCA_911175335.1_PA42_4.2_genomic.fna.gz,arthropoda
6687,https://ftp.ncbi.nlm.nih.gov/genomes/all/GCF/015/228/065/GCF_015228065.1_NSTDA_Pmon_1/GCF_015228065.1_NSTDA_Pmon_1_cds_from_genomic.fna.gz,https://ftp.ncbi.nlm.nih.gov/genomes/all/GCA/002/291/185/GCA_002291185.1_Pmon_WGS_v1/GCA_002291185.1_Pmon_WGS_v1_genomic.fna.gz,arthropoda
6687,https://ftp.ncbi.nlm.nih.gov/genomes/all/GCF/015/228/065/GCF_015228065.1_NSTDA_Pmon_1/GCF_015228065.1_NSTDA_Pmon_1_cds_from_genomic.fna.gz,https://ftp.ncbi.nlm.nih.gov/genomes/all/GCA/007/890/405/GCA_007890405.1_Pmod26D_v1/GCA_007890405.1_Pmod26D_v1_genomic.fna.gz,arthropoda
6687,https://ftp.ncbi.nlm.nih.gov/genomes/all/GCF/015/228/065/GCF_015228065.1_NSTDA_Pmon_1/GCF_015228065.1_NSTDA_Pmon_1_cds_from_genomic.fna.gz,https://ftp.ncbi.nlm.nih.gov/genomes/all/GCA/021/397/565/GCA_021397565.1_NIGEL_Penmon_1.0/GCA_021397565.1_NIGEL_Penmon_1.0_genomic.fna.gz,arthropoda
6941,https://ftp.ncbi.nlm.nih.gov/genomes/all/GCF/013/339/725/GCF_013339725.1_ASM1333972v1/GCF_013339725.1_ASM1333972v1_cds_from_genomic.fna.gz,https://ftp.ncbi.nlm.nih.gov/genomes/all/GCA/000/181/235/GCA_000181235.2_CCG_Rmi_1.0/GCA_000181235.2_CCG_Rmi_1.0_genomic.fna.gz,arachnida
6941,https://ftp.ncbi.nlm.nih.gov/genomes/all/GCF/013/339/725/GCF_013339725.1_ASM1333972v1/GCF_013339725.1_ASM1333972v1_cds_from_genomic.fna.gz,https://ftp.ncbi.nlm.nih.gov/genomes/all/GCA/002/176/555/GCA_002176555.1_Rmi2.0/GCA_002176555.1_Rmi2.0_genomic.fna.gz,arachnida
6941,https://ftp.ncbi.nlm.nih.gov/genomes/all/GCF/013/339/725/GCF_013339725.1_ASM1333972v1/GCF_013339725.1_ASM1333972v1_cds_from_genomic.fna.gz,https://ftp.ncbi.nlm.nih.gov/genomes/all/GCA/013/435/995/GCA_013435995.1_ASM1343599v1/GCA_013435995.1_ASM1343599v1_genomic.fna.gz,arachnida
6945,https://ftp.ncbi.nlm.nih.gov/genomes/all/GCF/016/920/785/GCF_016920785.2_ASM1692078v2/GCF_016920785.2_ASM1692078v2_cds_from_genomic.fna.gz,https://ftp.ncbi.nlm.nih.gov/genomes/all/GCA/000/208/615/GCA_000208615.1_JCVI_ISG_i3_1.0/GCA_000208615.1_JCVI_ISG_i3_1.0_genomic.fna.gz,arachnida
6945,https://ftp.ncbi.nlm.nih.gov/genomes/all/GCF/016/920/785/GCF_016920785.2_ASM1692078v2/GCF_016920785.2_ASM1692078v2_cds_from_genomic.fna.gz,https://ftp.ncbi.nlm.nih.gov/genomes/all/GCA/002/892/825/GCA_002892825.2_ISE6_asm2.2_deduplicated/GCA_002892825.2_ISE6_asm2.2_deduplicated_genomic.fna.gz,arachnida
7038,https://ftp.ncbi.nlm.nih.gov/genomes/all/GCF/001/854/935/GCF_001854935.1_ASM185493v1/GCF_001854935.1_ASM185493v1_cds_from_genomic.fna.gz,https://ftp.ncbi.nlm.nih.gov/genomes/all/GCA/003/994/315/GCA_003994315.1_CAAS_Bemtab1.0/GCA_003994315.1_CAAS_Bemtab1.0_genomic.fna.gz,hemiptera
7038,https://ftp.ncbi.nlm.nih.gov/genomes/all/GCF/001/854/935/GCF_001854935.1_ASM185493v1/GCF_001854935.1_ASM185493v1_cds_from_genomic.fna.gz,https://ftp.ncbi.nlm.nih.gov/genomes/all/GCA/004/919/745/GCA_004919745.1_ASM491974v1/GCA_004919745.1_ASM491974v1_genomic.fna.gz,hemiptera
7038,https://ftp.ncbi.nlm.nih.gov/genomes/all/GCF/001/854/935/GCF_001854935.1_ASM185493v1/GCF_001854935.1_ASM185493v1_cds_from_genomic.fna.gz,https://ftp.ncbi.nlm.nih.gov/genomes/all/GCA/902/825/415/GCA_902825415.1_B.tabaci_SSA1-SG1_Ug_Canu_n955_657Mb/GCA_902825415.1_B.tabaci_SSA1-SG1_Ug_Canu_n955_657Mb_genomic.fna.gz,hemiptera
7038,https://ftp.ncbi.nlm.nih.gov/genomes/all/GCF/001/854/935/GCF_001854935.1_ASM185493v1/GCF_001854935.1_ASM185493v1_cds_from_genomic.fna.gz,https://ftp.ncbi.nlm.nih.gov/genomes/all/GCA/902/825/425/GCA_902825425.1_B.tabaci_SSA1-SG1_Nigeria_Canu_n4493_656Mb/GCA_902825425.1_B.tabaci_SSA1-SG1_Nigeria_Canu_n4493_656Mb_genomic.fna.gz,hemiptera
7038,https://ftp.ncbi.nlm.nih.gov/genomes/all/GCF/001/854/935/GCF_001854935.1_ASM185493v1/GCF_001854935.1_ASM185493v1_cds_from_genomic.fna.gz,https://ftp.ncbi.nlm.nih.gov/genomes/all/GCA/903/994/095/GCA_903994095.1_B.tabaci_SweetPotato_whitefly_Canu_n5713_630Mb/GCA_903994095.1_B.tabaci_SweetPotato_whitefly_Canu_n5713_630Mb_genomic.fna.gz,hemiptera
7038,https://ftp.ncbi.nlm.nih.gov/genomes/all/GCF/001/854/935/GCF_001854935.1_ASM185493v1/GCF_001854935.1_ASM185493v1_cds_from_genomic.fna.gz,https://ftp.ncbi.nlm.nih.gov/genomes/all/GCA/903/994/105/GCA_903994105.1_B.tabaci_ASIAII5_Canu_n227_616Mb/GCA_903994105.1_B.tabaci_ASIAII5_Canu_n227_616Mb_genomic.fna.gz,hemiptera
7038,https://ftp.ncbi.nlm.nih.gov/genomes/all/GCF/001/854/935/GCF_001854935.1_ASM185493v1/GCF_001854935.1_ASM185493v1_cds_from_genomic.fna.gz,https://ftp.ncbi.nlm.nih.gov/genomes/all/GCA/903/994/115/GCA_903994115.1_B.tabaci_SSA3_Nigeria_2278n_648mb/GCA_903994115.1_B.tabaci_SSA3_Nigeria_2278n_648mb_genomic.fna.gz,hemiptera
7038,https://ftp.ncbi.nlm.nih.gov/genomes/all/GCF/001/854/935/GCF_001854935.1_ASM185493v1/GCF_001854935.1_ASM185493v1_cds_from_genomic.fna.gz,https://ftp.ncbi.nlm.nih.gov/genomes/all/GCA/903/994/125/GCA_903994125.1_B.tabaci_SSA2_Nigeria_n785_625mb/GCA_903994125.1_B.tabaci_SSA2_Nigeria_n785_625mb_genomic.fna.gz,hemiptera
7091,https://ftp.ncbi.nlm.nih.gov/genomes/all/GCF/014/905/235/GCF_014905235.1_Bmori_2016v1.0/GCF_014905235.1_Bmori_2016v1.0_cds_from_genomic.fna.gz,https://ftp.ncbi.nlm.nih.gov/genomes/all/GCA/000/151/625/GCA_000151625.1_ASM15162v1/GCA_000151625.1_ASM15162v1_genomic.fna.gz,lepidoptera
7091,https://ftp.ncbi.nlm.nih.gov/genomes/all/GCF/014/905/235/GCF_014905235.1_Bmori_2016v1.0/GCF_014905235.1_Bmori_2016v1.0_cds_from_genomic.fna.gz,https://ftp.ncbi.nlm.nih.gov/genomes/all/GCA/000/151/715/GCA_000151715.1_ASM15171v1/GCA_000151715.1_ASM15171v1_genomic.fna.gz,lepidoptera
7091,https://ftp.ncbi.nlm.nih.gov/genomes/all/GCF/014/905/235/GCF_014905235.1_Bmori_2016v1.0/GCF_014905235.1_Bmori_2016v1.0_cds_from_genomic.fna.gz,https://ftp.ncbi.nlm.nih.gov/genomes/all/GCA/000/181/175/GCA_000181175.1_ASM18117v1/GCA_000181175.1_ASM18117v1_genomic.fna.gz,lepidoptera
7108,https://ftp.ncbi.nlm.nih.gov/genomes/all/GCF/011/064/685/GCF_011064685.1_ZJU_Sfru_1.0/GCF_011064685.1_ZJU_Sfru_1.0_cds_from_genomic.fna.gz,https://ftp.ncbi.nlm.nih.gov/genomes/all/GCA/000/753/635/GCA_000753635.2_ASM75363v2/GCA_000753635.2_ASM75363v2_genomic.fna.gz,lepidoptera
7108,https://ftp.ncbi.nlm.nih.gov/genomes/all/GCF/011/064/685/GCF_011064685.1_ZJU_Sfru_1.0/GCF_011064685.1_ZJU_Sfru_1.0_cds_from_genomic.fna.gz,https://ftp.ncbi.nlm.nih.gov/genomes/all/GCA/002/213/285/GCA_002213285.2_Sf9_draft_v2.0/GCA_002213285.2_Sf9_draft_v2.0_genomic.fna.gz,lepidoptera
7108,https://ftp.ncbi.nlm.nih.gov/genomes/all/GCF/011/064/685/GCF_011064685.1_ZJU_Sfru_1.0/GCF_011064685.1_ZJU_Sfru_1.0_cds_from_genomic.fna.gz,https://ftp.ncbi.nlm.nih.gov/genomes/all/GCA/002/811/805/GCA_002811805.1_Sf-RVN_WGS/GCA_002811805.1_Sf-RVN_WGS_genomic.fna.gz,lepidoptera
7108,https://ftp.ncbi.nlm.nih.gov/genomes/all/GCF/011/064/685/GCF_011064685.1_ZJU_Sfru_1.0/GCF_011064685.1_ZJU_Sfru_1.0_cds_from_genomic.fna.gz,https://ftp.ncbi.nlm.nih.gov/genomes/all/GCA/012/979/215/GCA_012979215.2_ASM1297921v2/GCA_012979215.2_ASM1297921v2_genomic.fna.gz,lepidoptera
7108,https://ftp.ncbi.nlm.nih.gov/genomes/all/GCF/011/064/685/GCF_011064685.1_ZJU_Sfru_1.0/GCF_011064685.1_ZJU_Sfru_1.0_cds_from_genomic.fna.gz,https://ftp.ncbi.nlm.nih.gov/genomes/all/GCA/015/832/365/GCA_015832365.1_ASM1583236v1/GCA_015832365.1_ASM1583236v1_genomic.fna.gz,lepidoptera
7108,https://ftp.ncbi.nlm.nih.gov/genomes/all/GCF/011/064/685/GCF_011064685.1_ZJU_Sfru_1.0/GCF_011064685.1_ZJU_Sfru_1.0_cds_from_genomic.fna.gz,https://ftp.ncbi.nlm.nih.gov/genomes/all/GCA/019/297/735/GCA_019297735.1_ver6.0/GCA_019297735.1_ver6.0_genomic.fna.gz,lepidoptera
7108,https://ftp.ncbi.nlm.nih.gov/genomes/all/GCF/011/064/685/GCF_011064685.1_ZJU_Sfru_1.0/GCF_011064685.1_ZJU_Sfru_1.0_cds_from_genomic.fna.gz,https://ftp.ncbi.nlm.nih.gov/genomes/all/GCA/900/240/015/GCA_900240015.1_SF_CORN_1/GCA_900240015.1_SF_CORN_1_genomic.fna.gz,lepidoptera
7111,https://ftp.ncbi.nlm.nih.gov/genomes/all/GCF/003/590/095/GCF_003590095.1_tn1/GCF_003590095.1_tn1_cds_from_genomic.fna.gz,https://ftp.ncbi.nlm.nih.gov/genomes/all/GCA/003/604/225/GCA_003604225.1_ASM360422v1/GCA_003604225.1_ASM360422v1_genomic.fna.gz,lepidoptera
7111,https://ftp.ncbi.nlm.nih.gov/genomes/all/GCF/003/590/095/GCF_003590095.1_tn1/GCF_003590095.1_tn1_cds_from_genomic.fna.gz,https://ftp.ncbi.nlm.nih.gov/genomes/all/GCA/009/663/345/GCA_009663345.1_TniFNL_draft_assembly/GCA_009663345.1_TniFNL_draft_assembly_genomic.fna.gz,lepidoptera
7111,https://ftp.ncbi.nlm.nih.gov/genomes/all/GCF/003/590/095/GCF_003590095.1_tn1/GCF_003590095.1_tn1_cds_from_genomic.fna.gz,https://ftp.ncbi.nlm.nih.gov/genomes/all/GCA/013/978/545/GCA_013978545.1_ASM1397854v1/GCA_013978545.1_ASM1397854v1_genomic.fna.gz,lepidoptera
7137,https://ftp.ncbi.nlm.nih.gov/genomes/all/GCF/003/640/425/GCF_003640425.2_ASM364042v2/GCF_003640425.2_ASM364042v2_cds_from_genomic.fna.gz,https://ftp.ncbi.nlm.nih.gov/genomes/all/GCA/002/589/825/GCA_002589825.1_ASM258982v1/GCA_002589825.1_ASM258982v1_genomic.fna.gz,lepidoptera
7137,https://ftp.ncbi.nlm.nih.gov/genomes/all/GCF/003/640/425/GCF_003640425.2_ASM364042v2/GCF_003640425.2_ASM364042v2_cds_from_genomic.fna.gz,https://ftp.ncbi.nlm.nih.gov/genomes/all/GCA/004/355/975/GCA_004355975.1_Honeycombmoth_v1/GCA_004355975.1_Honeycombmoth_v1_genomic.fna.gz,lepidoptera
7159,https://ftp.ncbi.nlm.nih.gov/genomes/all/GCF/002/204/515/GCF_002204515.2_AaegL5.0/GCF_002204515.2_AaegL5.0_cds_from_genomic.fna.gz,https://ftp.ncbi.nlm.nih.gov/genomes/all/GCA/000/004/015/GCA_000004015.3_AaegL3/GCA_000004015.3_AaegL3_genomic.fna.gz,diptera
7159,https://ftp.ncbi.nlm.nih.gov/genomes/all/GCF/002/204/515/GCF_002204515.2_AaegL5.0/GCF_002204515.2_AaegL5.0_cds_from_genomic.fna.gz,https://ftp.ncbi.nlm.nih.gov/genomes/all/GCA/001/014/885/GCA_001014885.1_ASM101488v1/GCA_001014885.1_ASM101488v1_genomic.fna.gz,diptera
7159,https://ftp.ncbi.nlm.nih.gov/genomes/all/GCF/002/204/515/GCF_002204515.2_AaegL5.0/GCF_002204515.2_AaegL5.0_cds_from_genomic.fna.gz,https://ftp.ncbi.nlm.nih.gov/genomes/all/GCA/014/049/715/GCA_014049715.1_ASM1404971v1/GCA_014049715.1_ASM1404971v1_genomic.fna.gz,diptera
7159,https://ftp.ncbi.nlm.nih.gov/genomes/all/GCF/002/204/515/GCF_002204515.2_AaegL5.0/GCF_002204515.2_AaegL5.0_cds_from_genomic.fna.gz,https://ftp.ncbi.nlm.nih.gov/genomes/all/GCA/021/653/915/GCA_021653915.1_ASM2165391v1/GCA_021653915.1_ASM2165391v1_genomic.fna.gz,diptera
7160,https://ftp.ncbi.nlm.nih.gov/genomes/all/GCF/006/496/715/GCF_006496715.1_Aalbo_primary.1/GCF_006496715.1_Aalbo_primary.1_cds_from_genomic.fna.gz,https://ftp.ncbi.nlm.nih.gov/genomes/all/GCA/001/444/175/GCA_001444175.2_A.albopictus_v1.1/GCA_001444175.2_A.albopictus_v1.1_genomic.fna.gz,diptera
7160,https://ftp.ncbi.nlm.nih.gov/genomes/all/GCF/006/496/715/GCF_006496715.1_Aalbo_primary.1/GCF_006496715.1_Aalbo_primary.1_cds_from_genomic.fna.gz,https://ftp.ncbi.nlm.nih.gov/genomes/all/GCA/001/574/995/GCA_001574995.1_ASM157499v1/GCA_001574995.1_ASM157499v1_genomic.fna.gz,diptera
7160,https://ftp.ncbi.nlm.nih.gov/genomes/all/GCF/006/496/715/GCF_006496715.1_Aalbo_primary.1/GCF_006496715.1_Aalbo_primary.1_cds_from_genomic.fna.gz,https://ftp.ncbi.nlm.nih.gov/genomes/all/GCA/001/876/365/GCA_001876365.2_canu_80X_arrow2.2/GCA_001876365.2_canu_80X_arrow2.2_genomic.fna.gz,diptera
7160,https://ftp.ncbi.nlm.nih.gov/genomes/all/GCF/006/496/715/GCF_006496715.1_Aalbo_primary.1/GCF_006496715.1_Aalbo_primary.1_cds_from_genomic.fna.gz,https://ftp.ncbi.nlm.nih.gov/genomes/all/GCA/006/516/635/GCA_006516635.1_Aalbo_alts_of_PRJNA530512/GCA_006516635.1_Aalbo_alts_of_PRJNA530512_genomic.fna.gz,diptera
7160,https://ftp.ncbi.nlm.nih.gov/genomes/all/GCF/006/496/715/GCF_006496715.1_Aalbo_primary.1/GCF_006496715.1_Aalbo_primary.1_cds_from_genomic.fna.gz,https://ftp.ncbi.nlm.nih.gov/genomes/all/GCA/018/104/305/GCA_018104305.1_AalbF3/GCA_018104305.1_AalbF3_genomic.fna.gz,diptera
7165,https://ftp.ncbi.nlm.nih.gov/genomes/all/GCF/000/005/575/GCF_000005575.2_AgamP3/GCF_000005575.2_AgamP3_cds_from_genomic.fna.gz,https://ftp.ncbi.nlm.nih.gov/genomes/all/GCA/000/150/785/GCA_000150785.1_g4/GCA_000150785.1_g4_genomic.fna.gz,diptera
7165,https://ftp.ncbi.nlm.nih.gov/genomes/all/GCF/000/005/575/GCF_000005575.2_AgamP3/GCF_000005575.2_AgamP3_cds_from_genomic.fna.gz,https://ftp.ncbi.nlm.nih.gov/genomes/all/GCA/001/014/525/GCA_001014525.1_ASM101452v1/GCA_001014525.1_ASM101452v1_genomic.fna.gz,diptera
7165,https://ftp.ncbi.nlm.nih.gov/genomes/all/GCF/000/005/575/GCF_000005575.2_AgamP3/GCF_000005575.2_AgamP3_cds_from_genomic.fna.gz,https://ftp.ncbi.nlm.nih.gov/genomes/all/GCA/001/542/645/GCA_001542645.1_ASM154264v1/GCA_001542645.1_ASM154264v1_genomic.fna.gz,diptera
7167,https://ftp.ncbi.nlm.nih.gov/genomes/all/GCF/013/758/885/GCF_013758885.1_VT_AalbS3_pri_1.0/GCF_013758885.1_VT_AalbS3_pri_1.0_cds_from_genomic.fna.gz,https://ftp.ncbi.nlm.nih.gov/genomes/all/GCA/000/349/125/GCA_000349125.2_Anop_albi_ALBI9_A_V2/GCA_000349125.2_Anop_albi_ALBI9_A_V2_genomic.fna.gz,diptera
7167,https://ftp.ncbi.nlm.nih.gov/genomes/all/GCF/013/758/885/GCF_013758885.1_VT_AalbS3_pri_1.0/GCF_013758885.1_VT_AalbS3_pri_1.0_cds_from_genomic.fna.gz,https://ftp.ncbi.nlm.nih.gov/genomes/all/GCA/014/083/485/GCA_014083485.1_VT_AalbS3_alt_1.0/GCA_014083485.1_VT_AalbS3_alt_1.0_genomic.fna.gz,diptera
7167,https://ftp.ncbi.nlm.nih.gov/genomes/all/GCF/013/758/885/GCF_013758885.1_VT_AalbS3_pri_1.0/GCF_013758885.1_VT_AalbS3_pri_1.0_cds_from_genomic.fna.gz,https://ftp.ncbi.nlm.nih.gov/genomes/all/GCA/015/501/965/GCA_015501965.1_AalbS4/GCA_015501965.1_AalbS4_genomic.fna.gz,diptera
7176,https://ftp.ncbi.nlm.nih.gov/genomes/all/GCF/015/732/765/GCF_015732765.1_VPISU_Cqui_1.0_pri_paternal/GCF_015732765.1_VPISU_Cqui_1.0_pri_paternal_cds_from_genomic.fna.gz,https://ftp.ncbi.nlm.nih.gov/genomes/all/GCA/000/209/185/GCA_000209185.1_CulPip1.0/GCA_000209185.1_CulPip1.0_genomic.fna.gz,diptera
7176,https://ftp.ncbi.nlm.nih.gov/genomes/all/GCF/015/732/765/GCF_015732765.1_VPISU_Cqui_1.0_pri_paternal/GCF_015732765.1_VPISU_Cqui_1.0_pri_paternal_cds_from_genomic.fna.gz,https://ftp.ncbi.nlm.nih.gov/genomes/all/GCA/015/732/745/GCA_015732745.1_VPISU_Cqui_1.0_alt_paternal/GCA_015732745.1_VPISU_Cqui_1.0_alt_paternal_genomic.fna.gz,diptera
7217,https://ftp.ncbi.nlm.nih.gov/genomes/all/GCF/017/639/315/GCF_017639315.1_ASM1763931v2/GCF_017639315.1_ASM1763931v2_cds_from_genomic.fna.gz,https://ftp.ncbi.nlm.nih.gov/genomes/all/GCA/000/005/115/GCA_000005115.1_dana_caf1/GCA_000005115.1_dana_caf1_genomic.fna.gz,diptera
7217,https://ftp.ncbi.nlm.nih.gov/genomes/all/GCF/017/639/315/GCF_017639315.1_ASM1763931v2/GCF_017639315.1_ASM1763931v2_cds_from_genomic.fna.gz,https://ftp.ncbi.nlm.nih.gov/genomes/all/GCA/003/285/975/GCA_003285975.3_DanaRS2.1/GCA_003285975.3_DanaRS2.1_genomic.fna.gz,diptera
7217,https://ftp.ncbi.nlm.nih.gov/genomes/all/GCF/017/639/315/GCF_017639315.1_ASM1763931v2/GCF_017639315.1_ASM1763931v2_cds_from_genomic.fna.gz,https://ftp.ncbi.nlm.nih.gov/genomes/all/GCA/018/148/915/GCA_018148915.1_ASM1814891v1/GCA_018148915.1_ASM1814891v1_genomic.fna.gz,diptera
7220,https://ftp.ncbi.nlm.nih.gov/genomes/all/GCF/003/286/155/GCF_003286155.1_DereRS2/GCF_003286155.1_DereRS2_cds_from_genomic.fna.gz,https://ftp.ncbi.nlm.nih.gov/genomes/all/GCA/000/005/135/GCA_000005135.1_dere_caf1/GCA_000005135.1_dere_caf1_genomic.fna.gz,diptera
7220,https://ftp.ncbi.nlm.nih.gov/genomes/all/GCF/003/286/155/GCF_003286155.1_DereRS2/GCF_003286155.1_DereRS2_cds_from_genomic.fna.gz,https://ftp.ncbi.nlm.nih.gov/genomes/all/GCA/018/904/525/GCA_018904525.1_ASM1890452v1/GCA_018904525.1_ASM1890452v1_genomic.fna.gz,diptera
7229,https://ftp.ncbi.nlm.nih.gov/genomes/all/GCF/003/369/915/GCF_003369915.1_D.miranda_PacBio2.1/GCF_003369915.1_D.miranda_PacBio2.1_cds_from_genomic.fna.gz,https://ftp.ncbi.nlm.nih.gov/genomes/all/GCA/000/269/505/GCA_000269505.2_DroMir_2.2/GCA_000269505.2_DroMir_2.2_genomic.fna.gz,diptera
7229,https://ftp.ncbi.nlm.nih.gov/genomes/all/GCF/003/369/915/GCF_003369915.1_D.miranda_PacBio2.1/GCF_003369915.1_D.miranda_PacBio2.1_cds_from_genomic.fna.gz,https://ftp.ncbi.nlm.nih.gov/genomes/all/GCA/001/014/365/GCA_001014365.1_ASM101436v1/GCA_001014365.1_ASM101436v1_genomic.fna.gz,diptera
7234,https://ftp.ncbi.nlm.nih.gov/genomes/all/GCF/003/286/085/GCF_003286085.1_DperRS2/GCF_003286085.1_DperRS2_cds_from_genomic.fna.gz,https://ftp.ncbi.nlm.nih.gov/genomes/all/GCA/000/005/195/GCA_000005195.1_dper_caf1/GCA_000005195.1_dper_caf1_genomic.fna.gz,diptera
7234,https://ftp.ncbi.nlm.nih.gov/genomes/all/GCF/003/286/085/GCF_003286085.1_DperRS2/GCF_003286085.1_DperRS2_cds_from_genomic.fna.gz,https://ftp.ncbi.nlm.nih.gov/genomes/all/GCA/018/904/465/GCA_018904465.1_ASM1890446v1/GCA_018904465.1_ASM1890446v1_genomic.fna.gz,diptera
7234,https://ftp.ncbi.nlm.nih.gov/genomes/all/GCF/003/286/085/GCF_003286085.1_DperRS2/GCF_003286085.1_DperRS2_cds_from_genomic.fna.gz,https://ftp.ncbi.nlm.nih.gov/genomes/all/GCA/020/698/555/GCA_020698555.1_M40_MC/GCA_020698555.1_M40_MC_genomic.fna.gz,diptera
7237,https://ftp.ncbi.nlm.nih.gov/genomes/all/GCF/009/870/125/GCF_009870125.1_UCI_Dpse_MV25/GCF_009870125.1_UCI_Dpse_MV25_cds_from_genomic.fna.gz,https://ftp.ncbi.nlm.nih.gov/genomes/all/GCA/001/014/495/GCA_001014495.1_ASM101449v1/GCA_001014495.1_ASM101449v1_genomic.fna.gz,diptera
7237,https://ftp.ncbi.nlm.nih.gov/genomes/all/GCF/009/870/125/GCF_009870125.1_UCI_Dpse_MV25/GCF_009870125.1_UCI_Dpse_MV25_cds_from_genomic.fna.gz,https://ftp.ncbi.nlm.nih.gov/genomes/all/GCA/004/329/205/GCA_004329205.1_UCBerk_Dpse_1.0/GCA_004329205.1_UCBerk_Dpse_1.0_genomic.fna.gz,diptera
7237,https://ftp.ncbi.nlm.nih.gov/genomes/all/GCF/009/870/125/GCF_009870125.1_UCI_Dpse_MV25/GCF_009870125.1_UCI_Dpse_MV25_cds_from_genomic.fna.gz,https://ftp.ncbi.nlm.nih.gov/genomes/all/GCA/018/904/455/GCA_018904455.1_ASM1890445v1/GCA_018904455.1_ASM1890445v1_genomic.fna.gz,diptera
7237,https://ftp.ncbi.nlm.nih.gov/genomes/all/GCF/009/870/125/GCF_009870125.1_UCI_Dpse_MV25/GCF_009870125.1_UCI_Dpse_MV25_cds_from_genomic.fna.gz,https://ftp.ncbi.nlm.nih.gov/genomes/all/GCA/000/001/765/GCA_000001765.3_Dpse_4.0/GCA_000001765.3_Dpse_4.0_genomic.fna.gz,diptera
7237,https://ftp.ncbi.nlm.nih.gov/genomes/all/GCF/009/870/125/GCF_009870125.1_UCI_Dpse_MV25/GCF_009870125.1_UCI_Dpse_MV25_cds_from_genomic.fna.gz,https://ftp.ncbi.nlm.nih.gov/genomes/all/GCA/000/149/495/GCA_000149495.1_ASM14949v1/GCA_000149495.1_ASM14949v1_genomic.fna.gz,diptera
7237,https://ftp.ncbi.nlm.nih.gov/genomes/all/GCF/009/870/125/GCF_009870125.1_UCI_Dpse_MV25/GCF_009870125.1_UCI_Dpse_MV25_cds_from_genomic.fna.gz,https://ftp.ncbi.nlm.nih.gov/genomes/all/GCA/020/698/565/GCA_020698565.1_ST_MC/GCA_020698565.1_ST_MC_genomic.fna.gz,diptera
7238,https://ftp.ncbi.nlm.nih.gov/genomes/all/GCF/004/382/195/GCF_004382195.1_ASM438219v1/GCF_004382195.1_ASM438219v1_cds_from_genomic.fna.gz,https://ftp.ncbi.nlm.nih.gov/genomes/all/GCA/000/005/215/GCA_000005215.1_dsec_caf1/GCA_000005215.1_dsec_caf1_genomic.fna.gz,diptera
7238,https://ftp.ncbi.nlm.nih.gov/genomes/all/GCF/004/382/195/GCF_004382195.1_ASM438219v1/GCF_004382195.1_ASM438219v1_cds_from_genomic.fna.gz,https://ftp.ncbi.nlm.nih.gov/genomes/all/GCA/018/904/445/GCA_018904445.1_ASM1890444v1/GCA_018904445.1_ASM1890444v1_genomic.fna.gz,diptera
7241,https://ftp.ncbi.nlm.nih.gov/genomes/all/GCF/008/121/235/GCF_008121235.1_UCBerk_Dsub_1.0/GCF_008121235.1_UCBerk_Dsub_1.0_cds_from_genomic.fna.gz,https://ftp.ncbi.nlm.nih.gov/genomes/all/GCA/002/749/795/GCA_002749795.1_Dsub_1.0/GCA_002749795.1_Dsub_1.0_genomic.fna.gz,diptera
7241,https://ftp.ncbi.nlm.nih.gov/genomes/all/GCF/008/121/235/GCF_008121235.1_UCBerk_Dsub_1.0/GCF_008121235.1_UCBerk_Dsub_1.0_cds_from_genomic.fna.gz,https://ftp.ncbi.nlm.nih.gov/genomes/all/GCA/018/903/505/GCA_018903505.1_ASM1890350v1/GCA_018903505.1_ASM1890350v1_genomic.fna.gz,diptera
7241,https://ftp.ncbi.nlm.nih.gov/genomes/all/GCF/008/121/235/GCF_008121235.1_UCBerk_Dsub_1.0/GCF_008121235.1_UCBerk_Dsub_1.0_cds_from_genomic.fna.gz,https://ftp.ncbi.nlm.nih.gov/genomes/all/GCA/900/682/585/GCA_900682585.1_ASM90068258v1/GCA_900682585.1_ASM90068258v1_genomic.fna.gz,diptera
7241,https://ftp.ncbi.nlm.nih.gov/genomes/all/GCF/008/121/235/GCF_008121235.1_UCBerk_Dsub_1.0/GCF_008121235.1_UCBerk_Dsub_1.0_cds_from_genomic.fna.gz,https://ftp.ncbi.nlm.nih.gov/genomes/all/GCA/903/684/685/GCA_903684685.1_dsubES12G5/GCA_903684685.1_dsubES12G5_genomic.fna.gz,diptera
7243,https://ftp.ncbi.nlm.nih.gov/genomes/all/GCF/016/746/235/GCF_016746235.2_Prin_Dtei_1.1/GCF_016746235.2_Prin_Dtei_1.1_cds_from_genomic.fna.gz,https://ftp.ncbi.nlm.nih.gov/genomes/all/GCA/018/903/625/GCA_018903625.1_ASM1890362v1/GCA_018903625.1_ASM1890362v1_genomic.fna.gz,diptera
7243,https://ftp.ncbi.nlm.nih.gov/genomes/all/GCF/016/746/235/GCF_016746235.2_Prin_Dtei_1.1/GCF_016746235.2_Prin_Dtei_1.1_cds_from_genomic.fna.gz,https://ftp.ncbi.nlm.nih.gov/genomes/all/GCA/018/903/635/GCA_018903635.1_ASM1890363v1/GCA_018903635.1_ASM1890363v1_genomic.fna.gz,diptera
7244,https://ftp.ncbi.nlm.nih.gov/genomes/all/GCF/003/285/735/GCF_003285735.1_DvirRS2/GCF_003285735.1_DvirRS2_cds_from_genomic.fna.gz,https://ftp.ncbi.nlm.nih.gov/genomes/all/GCA/000/005/245/GCA_000005245.1_dvir_caf1/GCA_000005245.1_dvir_caf1_genomic.fna.gz,diptera
7244,https://ftp.ncbi.nlm.nih.gov/genomes/all/GCF/003/285/735/GCF_003285735.1_DvirRS2/GCF_003285735.1_DvirRS2_cds_from_genomic.fna.gz,https://ftp.ncbi.nlm.nih.gov/genomes/all/GCA/007/989/325/GCA_007989325.2_ASM798932v2/GCA_007989325.2_ASM798932v2_genomic.fna.gz,diptera
7244,https://ftp.ncbi.nlm.nih.gov/genomes/all/GCF/003/285/735/GCF_003285735.1_DvirRS2/GCF_003285735.1_DvirRS2_cds_from_genomic.fna.gz,https://ftp.ncbi.nlm.nih.gov/genomes/all/GCA/016/920/725/GCA_016920725.1_Dvir_9/GCA_016920725.1_Dvir_9_genomic.fna.gz,diptera
7244,https://ftp.ncbi.nlm.nih.gov/genomes/all/GCF/003/285/735/GCF_003285735.1_DvirRS2/GCF_003285735.1_DvirRS2_cds_from_genomic.fna.gz,https://ftp.ncbi.nlm.nih.gov/genomes/all/GCA/018/153/695/GCA_018153695.1_ASM1815369v1/GCA_018153695.1_ASM1815369v1_genomic.fna.gz,diptera
7245,https://ftp.ncbi.nlm.nih.gov/genomes/all/GCF/016/746/365/GCF_016746365.2_Prin_Dyak_Tai18E2_2.1/GCF_016746365.2_Prin_Dyak_Tai18E2_2.1_cds_from_genomic.fna.gz,https://ftp.ncbi.nlm.nih.gov/genomes/all/GCA/000/005/975/GCA_000005975.1_dyak_caf1/GCA_000005975.1_dyak_caf1_genomic.fna.gz,diptera
7245,https://ftp.ncbi.nlm.nih.gov/genomes/all/GCF/016/746/365/GCF_016746365.2_Prin_Dyak_Tai18E2_2.1/GCF_016746365.2_Prin_Dyak_Tai18E2_2.1_cds_from_genomic.fna.gz,https://ftp.ncbi.nlm.nih.gov/genomes/all/GCA/016/746/335/GCA_016746335.2_Prin_Dyak_NY73PB_1.1/GCA_016746335.2_Prin_Dyak_NY73PB_1.1_genomic.fna.gz,diptera
7245,https://ftp.ncbi.nlm.nih.gov/genomes/all/GCF/016/746/365/GCF_016746365.2_Prin_Dyak_Tai18E2_2.1/GCF_016746365.2_Prin_Dyak_Tai18E2_2.1_cds_from_genomic.fna.gz,https://ftp.ncbi.nlm.nih.gov/genomes/all/GCA/018/904/385/GCA_018904385.1_ASM1890438v1/GCA_018904385.1_ASM1890438v1_genomic.fna.gz,diptera
7260,https://ftp.ncbi.nlm.nih.gov/genomes/all/GCF/000/005/925/GCF_000005925.1_dwil_caf1/GCF_000005925.1_dwil_caf1_cds_from_genomic.fna.gz,https://ftp.ncbi.nlm.nih.gov/genomes/all/GCA/018/153/465/GCA_018153465.1_ASM1815346v1/GCA_018153465.1_ASM1815346v1_genomic.fna.gz,diptera
7260,https://ftp.ncbi.nlm.nih.gov/genomes/all/GCF/000/005/925/GCF_000005925.1_dwil_caf1/GCF_000005925.1_dwil_caf1_cds_from_genomic.fna.gz,https://ftp.ncbi.nlm.nih.gov/genomes/all/GCA/018/902/025/GCA_018902025.2_UCI_dwil_1.0/GCA_018902025.2_UCI_dwil_1.0_genomic.fna.gz,diptera
7260,https://ftp.ncbi.nlm.nih.gov/genomes/all/GCF/000/005/925/GCF_000005925.1_dwil_caf1/GCF_000005925.1_dwil_caf1_cds_from_genomic.fna.gz,https://ftp.ncbi.nlm.nih.gov/genomes/all/GCA/018/903/445/GCA_018903445.1_ASM1890344v1/GCA_018903445.1_ASM1890344v1_genomic.fna.gz,diptera
7274,https://ftp.ncbi.nlm.nih.gov/genomes/all/GCF/002/093/755/GCF_002093755.1_Dser1.0/GCF_002093755.1_Dser1.0_cds_from_genomic.fna.gz,https://ftp.ncbi.nlm.nih.gov/genomes/all/GCA/008/042/835/GCA_008042835.1_UCB_Dser_1.0/GCA_008042835.1_UCB_Dser_1.0_genomic.fna.gz,diptera
7274,https://ftp.ncbi.nlm.nih.gov/genomes/all/GCF/002/093/755/GCF_002093755.1_Dser1.0/GCF_002093755.1_Dser1.0_cds_from_genomic.fna.gz,https://ftp.ncbi.nlm.nih.gov/genomes/all/GCA/021/223/895/GCA_021223895.1_ASM2122389v1/GCA_021223895.1_ASM2122389v1_genomic.fna.gz,diptera
7291,https://ftp.ncbi.nlm.nih.gov/genomes/all/GCF/009/650/485/GCF_009650485.1_drosAlbom15112-1751.03v1/GCF_009650485.1_drosAlbom15112-1751.03v1_cds_from_genomic.fna.gz,https://ftp.ncbi.nlm.nih.gov/genomes/all/GCA/000/298/335/GCA_000298335.1_DroAlb_1.0/GCA_000298335.1_DroAlb_1.0_genomic.fna.gz,diptera
7291,https://ftp.ncbi.nlm.nih.gov/genomes/all/GCF/009/650/485/GCF_009650485.1_drosAlbom15112-1751.03v1/GCF_009650485.1_drosAlbom15112-1751.03v1_cds_from_genomic.fna.gz,https://ftp.ncbi.nlm.nih.gov/genomes/all/GCA/001/014/995/GCA_001014995.1_ASM101499v1/GCA_001014995.1_ASM101499v1_genomic.fna.gz,diptera
7291,https://ftp.ncbi.nlm.nih.gov/genomes/all/GCF/009/650/485/GCF_009650485.1_drosAlbom15112-1751.03v1/GCF_009650485.1_drosAlbom15112-1751.03v1_cds_from_genomic.fna.gz,https://ftp.ncbi.nlm.nih.gov/genomes/all/GCA/016/746/445/GCA_016746445.1_UOM_Dnalb_Oki_v1/GCA_016746445.1_UOM_Dnalb_Oki_v1_genomic.fna.gz,diptera
7291,https://ftp.ncbi.nlm.nih.gov/genomes/all/GCF/009/650/485/GCF_009650485.1_drosAlbom15112-1751.03v1/GCF_009650485.1_drosAlbom15112-1751.03v1_cds_from_genomic.fna.gz,https://ftp.ncbi.nlm.nih.gov/genomes/all/GCA/019/972/415/GCA_019972415.1_D_albomicans_1.0/GCA_019972415.1_D_albomicans_1.0_genomic.fna.gz,diptera
7370,https://ftp.ncbi.nlm.nih.gov/genomes/all/GCF/000/371/365/GCF_000371365.1_Musca_domestica-2.0.2/GCF_000371365.1_Musca_domestica-2.0.2_cds_from_genomic.fna.gz,https://ftp.ncbi.nlm.nih.gov/genomes/all/GCA/002/191/195/GCA_002191195.1_ASM219119v1/GCA_002191195.1_ASM219119v1_genomic.fna.gz,diptera
7370,https://ftp.ncbi.nlm.nih.gov/genomes/all/GCF/000/371/365/GCF_000371365.1_Musca_domestica-2.0.2/GCF_000371365.1_Musca_domestica-2.0.2_cds_from_genomic.fna.gz,https://ftp.ncbi.nlm.nih.gov/genomes/all/GCA/014/843/735/GCA_014843735.1_ASM1484373v1/GCA_014843735.1_ASM1484373v1_genomic.fna.gz,diptera
7375,https://ftp.ncbi.nlm.nih.gov/genomes/all/GCF/000/699/065/GCF_000699065.1_Lcup_2.0/GCF_000699065.1_Lcup_2.0_cds_from_genomic.fna.gz,https://ftp.ncbi.nlm.nih.gov/genomes/all/GCA/001/187/945/GCA_001187945.1_ASM118794v1/GCA_001187945.1_ASM118794v1_genomic.fna.gz,diptera
7375,https://ftp.ncbi.nlm.nih.gov/genomes/all/GCF/000/699/065/GCF_000699065.1_Lcup_2.0/GCF_000699065.1_Lcup_2.0_cds_from_genomic.fna.gz,https://ftp.ncbi.nlm.nih.gov/genomes/all/GCA/022/045/245/GCA_022045245.1_ASM2204524v1/GCA_022045245.1_ASM2204524v1_genomic.fna.gz,diptera
7460,https://ftp.ncbi.nlm.nih.gov/genomes/all/GCF/003/254/395/GCF_003254395.2_Amel_HAv3.1/GCF_003254395.2_Amel_HAv3.1_cds_from_genomic.fna.gz,https://ftp.ncbi.nlm.nih.gov/genomes/all/GCA/000/002/195/GCA_000002195.1_Amel_4.5/GCA_000002195.1_Amel_4.5_genomic.fna.gz,hymenoptera
7460,https://ftp.ncbi.nlm.nih.gov/genomes/all/GCF/003/254/395/GCF_003254395.2_Amel_HAv3.1/GCF_003254395.2_Amel_HAv3.1_cds_from_genomic.fna.gz,https://ftp.ncbi.nlm.nih.gov/genomes/all/GCA/019/321/825/GCA_019321825.1_ASM1932182v1/GCA_019321825.1_ASM1932182v1_genomic.fna.gz,hymenoptera
7460,https://ftp.ncbi.nlm.nih.gov/genomes/all/GCF/003/254/395/GCF_003254395.2_Amel_HAv3.1/GCF_003254395.2_Amel_HAv3.1_cds_from_genomic.fna.gz,https://ftp.ncbi.nlm.nih.gov/genomes/all/GCA/003/314/205/GCA_003314205.1_INRA_AMelMel_1.0/GCA_003314205.1_INRA_AMelMel_1.0_genomic.fna.gz,hymenoptera
7460,https://ftp.ncbi.nlm.nih.gov/genomes/all/GCF/003/254/395/GCF_003254395.2_Amel_HAv3.1/GCF_003254395.2_Amel_HAv3.1_cds_from_genomic.fna.gz,https://ftp.ncbi.nlm.nih.gov/genomes/all/GCA/013/841/245/GCA_013841245.2_ASM1384124v2/GCA_013841245.2_ASM1384124v2_genomic.fna.gz,hymenoptera
7460,https://ftp.ncbi.nlm.nih.gov/genomes/all/GCF/003/254/395/GCF_003254395.2_Amel_HAv3.1/GCF_003254395.2_Amel_HAv3.1_cds_from_genomic.fna.gz,https://ftp.ncbi.nlm.nih.gov/genomes/all/GCA/013/841/205/GCA_013841205.1_ASM1384120v1/GCA_013841205.1_ASM1384120v1_genomic.fna.gz,hymenoptera
7460,https://ftp.ncbi.nlm.nih.gov/genomes/all/GCF/003/254/395/GCF_003254395.2_Amel_HAv3.1/GCF_003254395.2_Amel_HAv3.1_cds_from_genomic.fna.gz,https://ftp.ncbi.nlm.nih.gov/genomes/all/GCA/000/819/425/GCA_000819425.1_Ami_v1/GCA_000819425.1_Ami_v1_genomic.fna.gz,hymenoptera
7461,https://ftp.ncbi.nlm.nih.gov/genomes/all/GCF/001/442/555/GCF_001442555.1_ACSNU-2.0/GCF_001442555.1_ACSNU-2.0_cds_from_genomic.fna.gz,https://ftp.ncbi.nlm.nih.gov/genomes/all/GCA/019/250/055/GCA_019250055.1_ASM1925005v1/GCA_019250055.1_ASM1925005v1_genomic.fna.gz,hymenoptera
7461,https://ftp.ncbi.nlm.nih.gov/genomes/all/GCF/001/442/555/GCF_001442555.1_ACSNU-2.0/GCF_001442555.1_ACSNU-2.0_cds_from_genomic.fna.gz,https://ftp.ncbi.nlm.nih.gov/genomes/all/GCA/020/141/525/GCA_020141525.1_ASM2014152v1/GCA_020141525.1_ASM2014152v1_genomic.fna.gz,hymenoptera
7461,https://ftp.ncbi.nlm.nih.gov/genomes/all/GCF/001/442/555/GCF_001442555.1_ACSNU-2.0/GCF_001442555.1_ACSNU-2.0_cds_from_genomic.fna.gz,https://ftp.ncbi.nlm.nih.gov/genomes/all/GCA/002/290/385/GCA_002290385.1_ApisCC1.0/GCA_002290385.1_ApisCC1.0_genomic.fna.gz,hymenoptera
7461,https://ftp.ncbi.nlm.nih.gov/genomes/all/GCF/001/442/555/GCF_001442555.1_ACSNU-2.0/GCF_001442555.1_ACSNU-2.0_cds_from_genomic.fna.gz,https://ftp.ncbi.nlm.nih.gov/genomes/all/GCA/011/100/585/GCA_011100585.1_ASM1110058v1/GCA_011100585.1_ASM1110058v1_genomic.fna.gz,hymenoptera
7461,https://ftp.ncbi.nlm.nih.gov/genomes/all/GCF/001/442/555/GCF_001442555.1_ACSNU-2.0/GCF_001442555.1_ACSNU-2.0_cds_from_genomic.fna.gz,https://ftp.ncbi.nlm.nih.gov/genomes/all/GCA/002/217/905/GCA_002217905.1_Apiscer_1.0/GCA_002217905.1_Apiscer_1.0_genomic.fna.gz,hymenoptera
7654,https://ftp.ncbi.nlm.nih.gov/genomes/all/GCF/018/143/015/GCF_018143015.1_Lvar_3.0/GCF_018143015.1_Lvar_3.0_cds_from_genomic.fna.gz,https://ftp.ncbi.nlm.nih.gov/genomes/all/GCA/000/239/495/GCA_000239495.2_Lvar_2.2/GCA_000239495.2_Lvar_2.2_genomic.fna.gz,metazoa
7654,https://ftp.ncbi.nlm.nih.gov/genomes/all/GCF/018/143/015/GCF_018143015.1_Lvar_3.0/GCF_018143015.1_Lvar_3.0_cds_from_genomic.fna.gz,https://ftp.ncbi.nlm.nih.gov/genomes/all/GCA/011/630/205/GCA_011630205.1_ASM1163020v1/GCA_011630205.1_ASM1163020v1_genomic.fna.gz,metazoa
7719,https://ftp.ncbi.nlm.nih.gov/genomes/all/GCF/000/224/145/GCF_000224145.3_KH/GCF_000224145.3_KH_cds_from_genomic.fna.gz,https://ftp.ncbi.nlm.nih.gov/genomes/all/GCA/000/183/065/GCA_000183065.1_v1.0/GCA_000183065.1_v1.0_genomic.fna.gz,metazoa
7719,https://ftp.ncbi.nlm.nih.gov/genomes/all/GCF/000/224/145/GCF_000224145.3_KH/GCF_000224145.3_KH_cds_from_genomic.fna.gz,https://ftp.ncbi.nlm.nih.gov/genomes/all/GCA/009/617/815/GCA_009617815.1_Ciona_intestinalis_HT_Hoya_T-line_assembly_2019/GCA_009617815.1_Ciona_intestinalis_HT_(Hoya_T-line)_assembly_2019_genomic.fna.gz,metazoa
7719,https://ftp.ncbi.nlm.nih.gov/genomes/all/GCF/000/224/145/GCF_000224145.3_KH/GCF_000224145.3_KH_cds_from_genomic.fna.gz,https://ftp.ncbi.nlm.nih.gov/genomes/all/GCA/018/327/805/GCA_018327805.1_Cint_typeB-Plymouth_1.0/GCA_018327805.1_Cint(typeB-Plymouth)_1.0_genomic.fna.gz,metazoa
7719,https://ftp.ncbi.nlm.nih.gov/genomes/all/GCF/000/224/145/GCF_000224145.3_KH/GCF_000224145.3_KH_cds_from_genomic.fna.gz,https://ftp.ncbi.nlm.nih.gov/genomes/all/GCA/018/327/825/GCA_018327825.1_Cint_typeB-Roscoff_1.0/GCA_018327825.1_Cint(typeB-Roscoff)_1.0_genomic.fna.gz,metazoa
7741,https://ftp.ncbi.nlm.nih.gov/genomes/all/GCF/001/625/305/GCF_001625305.1_Haploidv18h27/GCF_001625305.1_Haploidv18h27_cds_from_genomic.fna.gz,https://ftp.ncbi.nlm.nih.gov/genomes/all/GCA/001/625/405/GCA_001625405.1_Diploidv18/GCA_001625405.1_Diploidv18_genomic.fna.gz,metazoa
7741,https://ftp.ncbi.nlm.nih.gov/genomes/all/GCF/001/625/305/GCF_001625305.1_Haploidv18h27/GCF_001625305.1_Haploidv18h27_cds_from_genomic.fna.gz,https://ftp.ncbi.nlm.nih.gov/genomes/all/GCA/900/128/855/GCA_900128855.1_Haploidv18h27_alt/GCA_900128855.1_Haploidv18h27_alt_genomic.fna.gz,metazoa
13037,https://ftp.ncbi.nlm.nih.gov/genomes/all/GCF/009/731/565/GCF_009731565.1_Dplex_v4/GCF_009731565.1_Dplex_v4_cds_from_genomic.fna.gz,https://ftp.ncbi.nlm.nih.gov/genomes/all/GCA/018/135/715/GCA_018135715.1_MEX_DaPlex/GCA_018135715.1_MEX_DaPlex_genomic.fna.gz,lepidoptera
13037,https://ftp.ncbi.nlm.nih.gov/genomes/all/GCF/009/731/565/GCF_009731565.1_Dplex_v4/GCF_009731565.1_Dplex_v4_cds_from_genomic.fna.gz,https://ftp.ncbi.nlm.nih.gov/genomes/all/GCA/000/235/995/GCA_000235995.2_Dpv3/GCA_000235995.2_Dpv3_genomic.fna.gz,lepidoptera
13686,https://ftp.ncbi.nlm.nih.gov/genomes/all/GCF/016/802/725/GCF_016802725.1_UNIL_Sinv_3.0/GCF_016802725.1_UNIL_Sinv_3.0_cds_from_genomic.fna.gz,https://ftp.ncbi.nlm.nih.gov/genomes/all/GCA/000/188/075/GCA_000188075.2_Si_gnH/GCA_000188075.2_Si_gnH_genomic.fna.gz,hymenoptera
13686,https://ftp.ncbi.nlm.nih.gov/genomes/all/GCF/016/802/725/GCF_016802725.1_UNIL_Sinv_3.0/GCF_016802725.1_UNIL_Sinv_3.0_cds_from_genomic.fna.gz,https://ftp.ncbi.nlm.nih.gov/genomes/all/GCA/009/299/965/GCA_009299965.1_ASM929996v1/GCA_009299965.1_ASM929996v1_genomic.fna.gz,hymenoptera
13686,https://ftp.ncbi.nlm.nih.gov/genomes/all/GCF/016/802/725/GCF_016802725.1_UNIL_Sinv_3.0/GCF_016802725.1_UNIL_Sinv_3.0_cds_from_genomic.fna.gz,https://ftp.ncbi.nlm.nih.gov/genomes/all/GCA/009/299/975/GCA_009299975.1_ASM929997v1/GCA_009299975.1_ASM929997v1_genomic.fna.gz,hymenoptera
13686,https://ftp.ncbi.nlm.nih.gov/genomes/all/GCF/016/802/725/GCF_016802725.1_UNIL_Sinv_3.0/GCF_016802725.1_UNIL_Sinv_3.0_cds_from_genomic.fna.gz,https://ftp.ncbi.nlm.nih.gov/genomes/all/GCA/009/650/705/GCA_009650705.1_Solenopsis_invicta_SB1.0/GCA_009650705.1_Solenopsis_invicta_SB1.0_genomic.fna.gz,hymenoptera
13686,https://ftp.ncbi.nlm.nih.gov/genomes/all/GCF/016/802/725/GCF_016802725.1_UNIL_Sinv_3.0/GCF_016802725.1_UNIL_Sinv_3.0_cds_from_genomic.fna.gz,https://ftp.ncbi.nlm.nih.gov/genomes/all/GCA/010/367/695/GCA_010367695.1_ASM1036769v1/GCA_010367695.1_ASM1036769v1_genomic.fna.gz,hymenoptera
13686,https://ftp.ncbi.nlm.nih.gov/genomes/all/GCF/016/802/725/GCF_016802725.1_UNIL_Sinv_3.0/GCF_016802725.1_UNIL_Sinv_3.0_cds_from_genomic.fna.gz,https://ftp.ncbi.nlm.nih.gov/genomes/all/GCA/018/691/235/GCA_018691235.1_QMUL_Sinv_Sequel2/GCA_018691235.1_QMUL_Sinv_Sequel2_genomic.fna.gz,hymenoptera
28584,https://ftp.ncbi.nlm.nih.gov/genomes/all/GCF/013/340/165/GCF_013340165.1_LBDM_Dsuz_2.1.pri/GCF_013340165.1_LBDM_Dsuz_2.1.pri_cds_from_genomic.fna.gz,https://ftp.ncbi.nlm.nih.gov/genomes/all/GCA/000/326/985/GCA_000326985.1_ASM32698v1/GCA_000326985.1_ASM32698v1_genomic.fna.gz,diptera
28584,https://ftp.ncbi.nlm.nih.gov/genomes/all/GCF/013/340/165/GCF_013340165.1_LBDM_Dsuz_2.1.pri/GCF_013340165.1_LBDM_Dsuz_2.1.pri_cds_from_genomic.fna.gz,https://ftp.ncbi.nlm.nih.gov/genomes/all/GCA/000/472/105/GCA_000472105.1_Dsuzukii.v01/GCA_000472105.1_Dsuzukii.v01_genomic.fna.gz,diptera
28584,https://ftp.ncbi.nlm.nih.gov/genomes/all/GCF/013/340/165/GCF_013340165.1_LBDM_Dsuz_2.1.pri/GCF_013340165.1_LBDM_Dsuz_2.1.pri_cds_from_genomic.fna.gz,https://ftp.ncbi.nlm.nih.gov/genomes/all/GCA/013/340/185/GCA_013340185.1_LBDM_Dsuz_2.1.alt/GCA_013340185.1_LBDM_Dsuz_2.1.alt_genomic.fna.gz,diptera
29030,https://ftp.ncbi.nlm.nih.gov/genomes/all/GCF/018/152/695/GCF_018152695.1_ASM1815269v1/GCF_018152695.1_ASM1815269v1_cds_from_genomic.fna.gz,https://ftp.ncbi.nlm.nih.gov/genomes/all/GCA/000/224/235/GCA_000224235.2_Dtak_2.0/GCA_000224235.2_Dtak_2.0_genomic.fna.gz,diptera
29030,https://ftp.ncbi.nlm.nih.gov/genomes/all/GCF/018/152/695/GCF_018152695.1_ASM1815269v1/GCF_018152695.1_ASM1815269v1_cds_from_genomic.fna.gz,https://ftp.ncbi.nlm.nih.gov/genomes/all/GCA/002/223/445/GCA_002223445.1_ASM222344v1/GCA_002223445.1_ASM222344v1_genomic.fna.gz,diptera
29159,https://ftp.ncbi.nlm.nih.gov/genomes/all/GCF/902/806/645/GCF_902806645.1_cgigas_uk_roslin_v1/GCF_902806645.1_cgigas_uk_roslin_v1_cds_from_genomic.fna.gz,https://ftp.ncbi.nlm.nih.gov/genomes/all/GCA/000/297/895/GCA_000297895.2_ASM29789v2/GCA_000297895.2_ASM29789v2_genomic.fna.gz,mollusca
29159,https://ftp.ncbi.nlm.nih.gov/genomes/all/GCF/902/806/645/GCF_902806645.1_cgigas_uk_roslin_v1/GCF_902806645.1_cgigas_uk_roslin_v1_cds_from_genomic.fna.gz,https://ftp.ncbi.nlm.nih.gov/genomes/all/GCA/005/518/195/GCA_005518195.2_NWPU_Cgig_v2/GCA_005518195.2_NWPU_Cgig_v2_genomic.fna.gz,mollusca
29159,https://ftp.ncbi.nlm.nih.gov/genomes/all/GCF/902/806/645/GCF_902806645.1_cgigas_uk_roslin_v1/GCF_902806645.1_cgigas_uk_roslin_v1_cds_from_genomic.fna.gz,https://ftp.ncbi.nlm.nih.gov/genomes/all/GCA/011/032/805/GCA_011032805.1_ASM1103280v1/GCA_011032805.1_ASM1103280v1_genomic.fna.gz,mollusca
30019,https://ftp.ncbi.nlm.nih.gov/genomes/all/GCF/011/750/605/GCF_011750605.1_ASM1175060v1/GCF_011750605.1_ASM1175060v1_cds_from_genomic.fna.gz,https://ftp.ncbi.nlm.nih.gov/genomes/all/GCA/001/014/355/GCA_001014355.1_ASM101435v1/GCA_001014355.1_ASM101435v1_genomic.fna.gz,diptera
30019,https://ftp.ncbi.nlm.nih.gov/genomes/all/GCF/011/750/605/GCF_011750605.1_ASM1175060v1/GCF_011750605.1_ASM1175060v1_cds_from_genomic.fna.gz,https://ftp.ncbi.nlm.nih.gov/genomes/all/GCA/001/277/935/GCA_001277935.1_ASM127793v1/GCA_001277935.1_ASM127793v1_genomic.fna.gz,diptera
30023,https://ftp.ncbi.nlm.nih.gov/genomes/all/GCF/018/152/505/GCF_018152505.1_ASM1815250v1/GCF_018152505.1_ASM1815250v1_cds_from_genomic.fna.gz,https://ftp.ncbi.nlm.nih.gov/genomes/all/GCA/000/224/195/GCA_000224195.2_Dele_2.0/GCA_000224195.2_Dele_2.0_genomic.fna.gz,diptera
30023,https://ftp.ncbi.nlm.nih.gov/genomes/all/GCF/018/152/505/GCF_018152505.1_ASM1815250v1/GCF_018152505.1_ASM1815250v1_cds_from_genomic.fna.gz,https://ftp.ncbi.nlm.nih.gov/genomes/all/GCA/011/057/505/GCA_011057505.1_D.elegans_HK_3.0/GCA_011057505.1_D.elegans_HK_3.0_genomic.fna.gz,diptera
30033,https://ftp.ncbi.nlm.nih.gov/genomes/all/GCF/018/152/535/GCF_018152535.1_ASM1815253v1/GCF_018152535.1_ASM1815253v1_cds_from_genomic.fna.gz,https://ftp.ncbi.nlm.nih.gov/genomes/all/GCA/000/224/215/GCA_000224215.2_Dkik_2.0/GCA_000224215.2_Dkik_2.0_genomic.fna.gz,diptera
30033,https://ftp.ncbi.nlm.nih.gov/genomes/all/GCF/018/152/535/GCF_018152535.1_ASM1815253v1/GCF_018152535.1_ASM1815253v1_cds_from_genomic.fna.gz,https://ftp.ncbi.nlm.nih.gov/genomes/all/GCA/021/223/915/GCA_021223915.1_ASM2122391v1/GCA_021223915.1_ASM2122391v1_genomic.fna.gz,diptera
30069,https://ftp.ncbi.nlm.nih.gov/genomes/all/GCF/013/141/755/GCF_013141755.1_UCI_ANSTEP_V1.0/GCF_013141755.1_UCI_ANSTEP_V1.0_cds_from_genomic.fna.gz,https://ftp.ncbi.nlm.nih.gov/genomes/all/GCA/000/300/775/GCA_000300775.2_ASM30077v2/GCA_000300775.2_ASM30077v2_genomic.fna.gz,diptera
30069,https://ftp.ncbi.nlm.nih.gov/genomes/all/GCF/013/141/755/GCF_013141755.1_UCI_ANSTEP_V1.0/GCF_013141755.1_UCI_ANSTEP_V1.0_cds_from_genomic.fna.gz,https://ftp.ncbi.nlm.nih.gov/genomes/all/GCA/000/349/045/GCA_000349045.1_Anop_step_SDA-500_V1/GCA_000349045.1_Anop_step_SDA-500_V1_genomic.fna.gz,diptera
30069,https://ftp.ncbi.nlm.nih.gov/genomes/all/GCF/013/141/755/GCF_013141755.1_UCI_ANSTEP_V1.0/GCF_013141755.1_UCI_ANSTEP_V1.0_cds_from_genomic.fna.gz,https://ftp.ncbi.nlm.nih.gov/genomes/all/GCA/003/448/955/GCA_003448955.2_ASM344895v2/GCA_003448955.2_ASM344895v2_genomic.fna.gz,diptera
30069,https://ftp.ncbi.nlm.nih.gov/genomes/all/GCF/013/141/755/GCF_013141755.1_UCI_ANSTEP_V1.0/GCF_013141755.1_UCI_ANSTEP_V1.0_cds_from_genomic.fna.gz,https://ftp.ncbi.nlm.nih.gov/genomes/all/GCA/003/448/975/GCA_003448975.2_ASM344897v2/GCA_003448975.2_ASM344897v2_genomic.fna.gz,diptera
30069,https://ftp.ncbi.nlm.nih.gov/genomes/all/GCF/013/141/755/GCF_013141755.1_UCI_ANSTEP_V1.0/GCF_013141755.1_UCI_ANSTEP_V1.0_cds_from_genomic.fna.gz,https://ftp.ncbi.nlm.nih.gov/genomes/all/GCA/017/562/265/GCA_017562265.1_AsteI4/GCA_017562265.1_AsteI4_genomic.fna.gz,diptera
30069,https://ftp.ncbi.nlm.nih.gov/genomes/all/GCF/013/141/755/GCF_013141755.1_UCI_ANSTEP_V1.0/GCF_013141755.1_UCI_ANSTEP_V1.0_cds_from_genomic.fna.gz,https://ftp.ncbi.nlm.nih.gov/genomes/all/GCA/020/882/675/GCA_020882675.1_IBAB_AnStep_IndChStd_v1/GCA_020882675.1_IBAB_AnStep_IndChStd_v1_genomic.fna.gz,diptera
30195,https://ftp.ncbi.nlm.nih.gov/genomes/all/GCF/000/214/255/GCF_000214255.1_Bter_1.0/GCF_000214255.1_Bter_1.0_cds_from_genomic.fna.gz,https://ftp.ncbi.nlm.nih.gov/genomes/all/GCA/910/591/885/GCA_910591885.1_iyBomTerr1.1/GCA_910591885.1_iyBomTerr1.1_genomic.fna.gz,hymenoptera
30195,https://ftp.ncbi.nlm.nih.gov/genomes/all/GCF/000/214/255/GCF_000214255.1_Bter_1.0/GCF_000214255.1_Bter_1.0_cds_from_genomic.fna.gz,https://ftp.ncbi.nlm.nih.gov/genomes/all/GCA/910/592/195/GCA_910592195.1_iyBomTerr1.1_alternate_haplotype/GCA_910592195.1_iyBomTerr1.1_alternate_haplotype_genomic.fna.gz,hymenoptera
31234,https://ftp.ncbi.nlm.nih.gov/genomes/all/GCF/000/149/515/GCF_000149515.1_ASM14951v1/GCF_000149515.1_ASM14951v1_cds_from_genomic.fna.gz,https://ftp.ncbi.nlm.nih.gov/genomes/all/GCA/001/643/735/GCA_001643735.3_ASM164373v3/GCA_001643735.3_ASM164373v3_genomic.fna.gz,nematoda
31234,https://ftp.ncbi.nlm.nih.gov/genomes/all/GCF/000/149/515/GCF_000149515.1_ASM14951v1/GCF_000149515.1_ASM14951v1_cds_from_genomic.fna.gz,https://ftp.ncbi.nlm.nih.gov/genomes/all/GCA/002/259/225/GCA_002259225.2_ASM225922v2/GCA_002259225.2_ASM225922v2_genomic.fna.gz,nematoda
31234,https://ftp.ncbi.nlm.nih.gov/genomes/all/GCF/000/149/515/GCF_000149515.1_ASM14951v1/GCF_000149515.1_ASM14951v1_cds_from_genomic.fna.gz,https://ftp.ncbi.nlm.nih.gov/genomes/all/GCA/010/183/535/GCA_010183535.1_CRPX506/GCA_010183535.1_CRPX506_genomic.fna.gz,nematoda
31234,https://ftp.ncbi.nlm.nih.gov/genomes/all/GCF/000/149/515/GCF_000149515.1_ASM14951v1/GCF_000149515.1_ASM14951v1_cds_from_genomic.fna.gz,https://ftp.ncbi.nlm.nih.gov/genomes/all/GCA/018/990/105/GCA_018990105.1_ASM1899010v1/GCA_018990105.1_ASM1899010v1_genomic.fna.gz,nematoda
35525,https://ftp.ncbi.nlm.nih.gov/genomes/all/GCF/020/631/705/GCF_020631705.1_ASM2063170v1.1/GCF_020631705.1_ASM2063170v1.1_cds_from_genomic.fna.gz,https://ftp.ncbi.nlm.nih.gov/genomes/all/GCA/001/632/505/GCA_001632505.1_daphmag2.4/GCA_001632505.1_daphmag2.4_genomic.fna.gz,arthropoda
35525,https://ftp.ncbi.nlm.nih.gov/genomes/all/GCF/020/631/705/GCF_020631705.1_ASM2063170v1.1/GCF_020631705.1_ASM2063170v1.1_cds_from_genomic.fna.gz,https://ftp.ncbi.nlm.nih.gov/genomes/all/GCA/003/990/815/GCA_003990815.1_ASM399081v1/GCA_003990815.1_ASM399081v1_genomic.fna.gz,arthropoda
35525,https://ftp.ncbi.nlm.nih.gov/genomes/all/GCF/020/631/705/GCF_020631705.1_ASM2063170v1.1/GCF_020631705.1_ASM2063170v1.1_cds_from_genomic.fna.gz,https://ftp.ncbi.nlm.nih.gov/genomes/all/GCA/927/798/085/GCA_927798085.1_BMH47_Flye_60x_assembly/GCA_927798085.1_BMH47_Flye_60x_assembly_genomic.fna.gz,arthropoda
35525,https://ftp.ncbi.nlm.nih.gov/genomes/all/GCF/020/631/705/GCF_020631705.1_ASM2063170v1.1/GCF_020631705.1_ASM2063170v1.1_cds_from_genomic.fna.gz,https://ftp.ncbi.nlm.nih.gov/genomes/all/GCA/927/798/105/GCA_927798105.1_BMH30_Flye_60x_assembly/GCA_927798105.1_BMH30_Flye_60x_assembly_genomic.fna.gz,arthropoda
37344,https://ftp.ncbi.nlm.nih.gov/genomes/all/GCF/000/344/095/GCF_000344095.2_Aros_2.0/GCF_000344095.2_Aros_2.0_cds_from_genomic.fna.gz,https://ftp.ncbi.nlm.nih.gov/genomes/all/GCA/917/207/985/GCA_917207985.1_iyAthRosa1.1_alternate_haplotype/GCA_917207985.1_iyAthRosa1.1_alternate_haplotype_genomic.fna.gz,hymenoptera
37344,https://ftp.ncbi.nlm.nih.gov/genomes/all/GCF/000/344/095/GCF_000344095.2_Aros_2.0/GCF_000344095.2_Aros_2.0_cds_from_genomic.fna.gz,https://ftp.ncbi.nlm.nih.gov/genomes/all/GCA/917/208/135/GCA_917208135.1_iyAthRosa1.1/GCA_917208135.1_iyAthRosa1.1_genomic.fna.gz,hymenoptera
41139,https://ftp.ncbi.nlm.nih.gov/genomes/all/GCF/907/165/205/GCF_907165205.1_icCocSept1.1/GCF_907165205.1_icCocSept1.1_cds_from_genomic.fna.gz,https://ftp.ncbi.nlm.nih.gov/genomes/all/GCA/003/568/925/GCA_003568925.1_Csep_MD8_v1/GCA_003568925.1_Csep_MD8_v1_genomic.fna.gz,endopterygota
41139,https://ftp.ncbi.nlm.nih.gov/genomes/all/GCF/907/165/205/GCF_907165205.1_icCocSept1.1/GCF_907165205.1_icCocSept1.1_cds_from_genomic.fna.gz,https://ftp.ncbi.nlm.nih.gov/genomes/all/GCA/907/165/185/GCA_907165185.1_icCocSept1.1_alternate_haplotype/GCA_907165185.1_icCocSept1.1_alternate_haplotype_genomic.fna.gz,endopterygota
42026,https://ftp.ncbi.nlm.nih.gov/genomes/all/GCF/018/153/845/GCF_018153845.1_ASM1815384v1/GCF_018153845.1_ASM1815384v1_cds_from_genomic.fna.gz,https://ftp.ncbi.nlm.nih.gov/genomes/all/GCA/000/236/285/GCA_000236285.2_Dbip_2.0/GCA_000236285.2_Dbip_2.0_genomic.fna.gz,diptera
42026,https://ftp.ncbi.nlm.nih.gov/genomes/all/GCF/018/153/845/GCF_018153845.1_ASM1815384v1/GCF_018153845.1_ASM1815384v1_cds_from_genomic.fna.gz,https://ftp.ncbi.nlm.nih.gov/genomes/all/GCA/002/222/825/GCA_002222825.1_ASM222282v1/GCA_002222825.1_ASM222282v1_genomic.fna.gz,diptera
42026,https://ftp.ncbi.nlm.nih.gov/genomes/all/GCF/018/153/845/GCF_018153845.1_ASM1815384v1/GCF_018153845.1_ASM1815384v1_cds_from_genomic.fna.gz,https://ftp.ncbi.nlm.nih.gov/genomes/all/GCA/021/223/765/GCA_021223765.1_ASM2122376v1/GCA_021223765.1_ASM2122376v1_genomic.fna.gz,diptera
47314,https://ftp.ncbi.nlm.nih.gov/genomes/all/GCF/003/285/875/GCF_003285875.2_DnovRS2.1/GCF_003285875.2_DnovRS2.1_cds_from_genomic.fna.gz,https://ftp.ncbi.nlm.nih.gov/genomes/all/GCA/019/972/335/GCA_019972335.1_D_novamexicana_1.0/GCA_019972335.1_D_novamexicana_1.0_genomic.fna.gz,diptera
47314,https://ftp.ncbi.nlm.nih.gov/genomes/all/GCF/003/285/875/GCF_003285875.2_DnovRS2.1/GCF_003285875.2_DnovRS2.1_cds_from_genomic.fna.gz,https://ftp.ncbi.nlm.nih.gov/genomes/all/GCA/900/465/405/GCA_900465405.1_ASM90046540v1/GCA_900465405.1_ASM90046540v1_genomic.fna.gz,diptera
51655,https://ftp.ncbi.nlm.nih.gov/genomes/all/GCF/905/116/875/GCF_905116875.1_Haplomerged_assembly/GCF_905116875.1_Haplomerged_assembly_cds_from_genomic.fna.gz,https://ftp.ncbi.nlm.nih.gov/genomes/all/GCA/000/325/945/GCA_000325945.1_ASM32594v1/GCA_000325945.1_ASM32594v1_genomic.fna.gz,lepidoptera
51655,https://ftp.ncbi.nlm.nih.gov/genomes/all/GCF/905/116/875/GCF_905116875.1_Haplomerged_assembly/GCF_905116875.1_Haplomerged_assembly_cds_from_genomic.fna.gz,https://ftp.ncbi.nlm.nih.gov/genomes/all/GCA/000/330/985/GCA_000330985.1_DBM_FJ_V1.1/GCA_000330985.1_DBM_FJ_V1.1_genomic.fna.gz,lepidoptera
51655,https://ftp.ncbi.nlm.nih.gov/genomes/all/GCF/905/116/875/GCF_905116875.1_Haplomerged_assembly/GCF_905116875.1_Haplomerged_assembly_cds_from_genomic.fna.gz,https://ftp.ncbi.nlm.nih.gov/genomes/all/GCA/019/096/205/GCA_019096205.1_PxLV.1/GCA_019096205.1_PxLV.1_genomic.fna.gz,lepidoptera
51655,https://ftp.ncbi.nlm.nih.gov/genomes/all/GCF/905/116/875/GCF_905116875.1_Haplomerged_assembly/GCF_905116875.1_Haplomerged_assembly_cds_from_genomic.fna.gz,https://ftp.ncbi.nlm.nih.gov/genomes/all/GCA/902/505/565/GCA_902505565.1_Scaffolded_assembly/GCA_902505565.1_Scaffolded_assembly_genomic.fna.gz,lepidoptera
51655,https://ftp.ncbi.nlm.nih.gov/genomes/all/GCF/905/116/875/GCF_905116875.1_Haplomerged_assembly/GCF_905116875.1_Haplomerged_assembly_cds_from_genomic.fna.gz,https://ftp.ncbi.nlm.nih.gov/genomes/all/GCA/902/505/575/GCA_902505575.1_Diploid_assembly/GCA_902505575.1_Diploid_assembly_genomic.fna.gz,lepidoptera
51655,https://ftp.ncbi.nlm.nih.gov/genomes/all/GCF/905/116/875/GCF_905116875.1_Haplomerged_assembly/GCF_905116875.1_Haplomerged_assembly_cds_from_genomic.fna.gz,https://ftp.ncbi.nlm.nih.gov/genomes/all/GCA/902/505/585/GCA_902505585.1_Haplomerger_assembly/GCA_902505585.1_Haplomerger_assembly_genomic.fna.gz,lepidoptera
63436,https://ftp.ncbi.nlm.nih.gov/genomes/all/GCF/015/476/425/GCF_015476425.1_ASM1547642v1/GCF_015476425.1_ASM1547642v1_cds_from_genomic.fna.gz,https://ftp.ncbi.nlm.nih.gov/genomes/all/GCA/009/025/955/GCA_009025955.1_ASM902595v1/GCA_009025955.1_ASM902595v1_genomic.fna.gz,hymenoptera
63436,https://ftp.ncbi.nlm.nih.gov/genomes/all/GCF/015/476/425/GCF_015476425.1_ASM1547642v1/GCF_015476425.1_ASM1547642v1_cds_from_genomic.fna.gz,https://ftp.ncbi.nlm.nih.gov/genomes/all/GCA/009/026/005/GCA_009026005.1_ASM902600v1/GCA_009026005.1_ASM902600v1_genomic.fna.gz,hymenoptera
63436,https://ftp.ncbi.nlm.nih.gov/genomes/all/GCF/015/476/425/GCF_015476425.1_ASM1547642v1/GCF_015476425.1_ASM1547642v1_cds_from_genomic.fna.gz,https://ftp.ncbi.nlm.nih.gov/genomes/all/GCA/009/602/685/GCA_009602685.1_ASM960268v1/GCA_009602685.1_ASM960268v1_genomic.fna.gz,hymenoptera
63436,https://ftp.ncbi.nlm.nih.gov/genomes/all/GCF/015/476/425/GCF_015476425.1_ASM1547642v1/GCF_015476425.1_ASM1547642v1_cds_from_genomic.fna.gz,https://ftp.ncbi.nlm.nih.gov/genomes/all/GCA/010/016/045/GCA_010016045.1_ASM1001604v1/GCA_010016045.1_ASM1001604v1_genomic.fna.gz,hymenoptera
64459,https://ftp.ncbi.nlm.nih.gov/genomes/all/GCF/905/147/795/GCF_905147795.1_ilPieRapa1.1/GCF_905147795.1_ilPieRapa1.1_cds_from_genomic.fna.gz,https://ftp.ncbi.nlm.nih.gov/genomes/all/GCA/001/856/805/GCA_001856805.1_P_rapae_3842_assembly_v2/GCA_001856805.1_P_rapae_3842_assembly_v2_genomic.fna.gz,lepidoptera
64459,https://ftp.ncbi.nlm.nih.gov/genomes/all/GCF/905/147/795/GCF_905147795.1_ilPieRapa1.1/GCF_905147795.1_ilPieRapa1.1_cds_from_genomic.fna.gz,https://ftp.ncbi.nlm.nih.gov/genomes/all/GCA/905/147/735/GCA_905147735.1_ilPieRapa1.1_alternate_haplotype/GCA_905147735.1_ilPieRapa1.1_alternate_haplotype_genomic.fna.gz,lepidoptera
72036,https://ftp.ncbi.nlm.nih.gov/genomes/all/GCF/016/086/655/GCF_016086655.3_UVic_Lsal_1.2/GCF_016086655.3_UVic_Lsal_1.2_cds_from_genomic.fna.gz,https://ftp.ncbi.nlm.nih.gov/genomes/all/GCA/000/181/255/GCA_000181255.2_ASM18125v2/GCA_000181255.2_ASM18125v2_genomic.fna.gz,arthropoda
72036,https://ftp.ncbi.nlm.nih.gov/genomes/all/GCF/016/086/655/GCF_016086655.3_UVic_Lsal_1.2/GCF_016086655.3_UVic_Lsal_1.2_cds_from_genomic.fna.gz,https://ftp.ncbi.nlm.nih.gov/genomes/all/GCA/001/005/205/GCA_001005205.1_lsal_atl_canada_female_v1/GCA_001005205.1_lsal_atl_canada_female_v1_genomic.fna.gz,arthropoda
72036,https://ftp.ncbi.nlm.nih.gov/genomes/all/GCF/016/086/655/GCF_016086655.3_UVic_Lsal_1.2/GCF_016086655.3_UVic_Lsal_1.2_cds_from_genomic.fna.gz,https://ftp.ncbi.nlm.nih.gov/genomes/all/GCA/001/005/235/GCA_001005235.1_lsal_atl_canada_male_v1/GCA_001005235.1_lsal_atl_canada_male_v1_genomic.fna.gz,arthropoda
72036,https://ftp.ncbi.nlm.nih.gov/genomes/all/GCF/016/086/655/GCF_016086655.3_UVic_Lsal_1.2/GCF_016086655.3_UVic_Lsal_1.2_cds_from_genomic.fna.gz,https://ftp.ncbi.nlm.nih.gov/genomes/all/GCA/905/330/665/GCA_905330665.1_LSAL_IOA00_R2/GCA_905330665.1_LSAL_IOA00_R2_genomic.fna.gz,arthropoda
72248,https://ftp.ncbi.nlm.nih.gov/genomes/all/GCF/905/220/415/GCF_905220415.1_ilColCroc2.1/GCF_905220415.1_ilColCroc2.1_cds_from_genomic.fna.gz,https://ftp.ncbi.nlm.nih.gov/genomes/all/GCA/009/982/905/GCA_009982905.1_SU_C_cro_Alba_ref_v1/GCA_009982905.1_SU_C_cro_Alba_ref_v1_genomic.fna.gz,lepidoptera
72248,https://ftp.ncbi.nlm.nih.gov/genomes/all/GCF/905/220/415/GCF_905220415.1_ilColCroc2.1/GCF_905220415.1_ilColCroc2.1_cds_from_genomic.fna.gz,https://ftp.ncbi.nlm.nih.gov/genomes/all/GCA/905/220/445/GCA_905220445.1_ilColCroc2.1_alternate_haplotype/GCA_905220445.1_ilColCroc2.1_alternate_haplotype_genomic.fna.gz,lepidoptera
76193,https://ftp.ncbi.nlm.nih.gov/genomes/all/GCF/912/999/745/GCF_912999745.1_ilPapMach1.1/GCF_912999745.1_ilPapMach1.1_cds_from_genomic.fna.gz,https://ftp.ncbi.nlm.nih.gov/genomes/all/GCA/001/298/355/GCA_001298355.1_Pap_ma_1.0/GCA_001298355.1_Pap_ma_1.0_genomic.fna.gz,lepidoptera
76193,https://ftp.ncbi.nlm.nih.gov/genomes/all/GCF/912/999/745/GCF_912999745.1_ilPapMach1.1/GCF_912999745.1_ilPapMach1.1_cds_from_genomic.fna.gz,https://ftp.ncbi.nlm.nih.gov/genomes/all/GCA/912/999/765/GCA_912999765.2_ilPapMach1.2_alternate_haplotype/GCA_912999765.2_ilPapMach1.2_alternate_haplotype_genomic.fna.gz,lepidoptera
77166,https://ftp.ncbi.nlm.nih.gov/genomes/all/GCF/000/355/655/GCF_000355655.1_DendPond_male_1.0/GCF_000355655.1_DendPond_male_1.0_cds_from_genomic.fna.gz,https://ftp.ncbi.nlm.nih.gov/genomes/all/GCA/000/346/045/GCA_000346045.2_DendPond_female_1.0/GCA_000346045.2_DendPond_female_1.0_genomic.fna.gz,endopterygota
77166,https://ftp.ncbi.nlm.nih.gov/genomes/all/GCF/000/355/655/GCF_000355655.1_DendPond_male_1.0/GCF_000355655.1_DendPond_male_1.0_cds_from_genomic.fna.gz,https://ftp.ncbi.nlm.nih.gov/genomes/all/GCA/020/466/585/GCA_020466585.1_Dpon_F_20191213/GCA_020466585.1_Dpon_F_20191213_genomic.fna.gz,endopterygota
77166,https://ftp.ncbi.nlm.nih.gov/genomes/all/GCF/000/355/655/GCF_000355655.1_DendPond_male_1.0/GCF_000355655.1_DendPond_male_1.0_cds_from_genomic.fna.gz,https://ftp.ncbi.nlm.nih.gov/genomes/all/GCA/020/466/635/GCA_020466635.1_Dpon_M_20191212/GCA_020466635.1_Dpon_M_20191212_genomic.fna.gz,endopterygota
80765,https://ftp.ncbi.nlm.nih.gov/genomes/all/GCF/004/010/815/GCF_004010815.1_ASM401081v1/GCF_004010815.1_ASM401081v1_cds_from_genomic.fna.gz,https://ftp.ncbi.nlm.nih.gov/genomes/all/GCA/020/184/165/GCA_020184165.1_ASM2018416v1/GCA_020184165.1_ASM2018416v1_genomic.fna.gz,hemiptera
80765,https://ftp.ncbi.nlm.nih.gov/genomes/all/GCF/004/010/815/GCF_004010815.1_ASM401081v1/GCF_004010815.1_ASM401081v1_cds_from_genomic.fna.gz,https://ftp.ncbi.nlm.nih.gov/genomes/all/GCA/020/184/175/GCA_020184175.1_ASM2018417v1/GCA_020184175.1_ASM2018417v1_genomic.fna.gz,hemiptera
108931,https://ftp.ncbi.nlm.nih.gov/genomes/all/GCF/014/356/525/GCF_014356525.1_ASM1435652v1/GCF_014356525.1_ASM1435652v1_cds_from_genomic.fna.gz,https://ftp.ncbi.nlm.nih.gov/genomes/all/GCA/000/757/685/GCA_000757685.1_NilLug1.0/GCA_000757685.1_NilLug1.0_genomic.fna.gz,hemiptera
108931,https://ftp.ncbi.nlm.nih.gov/genomes/all/GCF/014/356/525/GCF_014356525.1_ASM1435652v1/GCF_014356525.1_ASM1435652v1_cds_from_genomic.fna.gz,https://ftp.ncbi.nlm.nih.gov/genomes/all/GCA/015/708/395/GCA_015708395.1_ASM1570839v1/GCA_015708395.1_ASM1570839v1_genomic.fna.gz,hemiptera
113334,https://ftp.ncbi.nlm.nih.gov/genomes/all/GCF/905/220/565/GCF_905220565.1_ilMelCinx1.1/GCF_905220565.1_ilMelCinx1.1_cds_from_genomic.fna.gz,https://ftp.ncbi.nlm.nih.gov/genomes/all/GCA/000/716/385/GCA_000716385.1_MelCinx1.0/GCA_000716385.1_MelCinx1.0_genomic.fna.gz,lepidoptera
113334,https://ftp.ncbi.nlm.nih.gov/genomes/all/GCF/905/220/565/GCF_905220565.1_ilMelCinx1.1/GCF_905220565.1_ilMelCinx1.1_cds_from_genomic.fna.gz,https://ftp.ncbi.nlm.nih.gov/genomes/all/GCA/905/220/555/GCA_905220555.1_ilMelCinx1.1_alternate_haplotype/GCA_905220555.1_ilMelCinx1.1_alternate_haplotype_genomic.fna.gz,lepidoptera
115357,https://ftp.ncbi.nlm.nih.gov/genomes/all/GCF/914/767/665/GCF_914767665.1_icHarAxyr1.1/GCF_914767665.1_icHarAxyr1.1_cds_from_genomic.fna.gz,https://ftp.ncbi.nlm.nih.gov/genomes/all/GCA/003/402/655/GCA_003402655.1_Haxy_hC_F2.3_v1/GCA_003402655.1_Haxy_hC_F2.3_v1_genomic.fna.gz,endopterygota
115357,https://ftp.ncbi.nlm.nih.gov/genomes/all/GCF/914/767/665/GCF_914767665.1_icHarAxyr1.1/GCF_914767665.1_icHarAxyr1.1_cds_from_genomic.fna.gz,https://ftp.ncbi.nlm.nih.gov/genomes/all/GCA/003/865/275/GCA_003865275.1_Haxy_hA_F2_v1/GCA_003865275.1_Haxy_hA_F2_v1_genomic.fna.gz,endopterygota
115357,https://ftp.ncbi.nlm.nih.gov/genomes/all/GCF/914/767/665/GCF_914767665.1_icHarAxyr1.1/GCF_914767665.1_icHarAxyr1.1_cds_from_genomic.fna.gz,https://ftp.ncbi.nlm.nih.gov/genomes/all/GCA/003/865/295/GCA_003865295.1_Haxy_hC_NT6_v1/GCA_003865295.1_Haxy_hC_NT6_v1_genomic.fna.gz,endopterygota
115357,https://ftp.ncbi.nlm.nih.gov/genomes/all/GCF/914/767/665/GCF_914767665.1_icHarAxyr1.1/GCF_914767665.1_icHarAxyr1.1_cds_from_genomic.fna.gz,https://ftp.ncbi.nlm.nih.gov/genomes/all/GCA/003/865/315/GCA_003865315.1_Haxy_h_NT8_v1/GCA_003865315.1_Haxy_h_NT8_v1_genomic.fna.gz,endopterygota
115357,https://ftp.ncbi.nlm.nih.gov/genomes/all/GCF/914/767/665/GCF_914767665.1_icHarAxyr1.1/GCF_914767665.1_icHarAxyr1.1_cds_from_genomic.fna.gz,https://ftp.ncbi.nlm.nih.gov/genomes/all/GCA/009/805/905/GCA_009805905.1_ASM980590v1/GCA_009805905.1_ASM980590v1_genomic.fna.gz,endopterygota
115357,https://ftp.ncbi.nlm.nih.gov/genomes/all/GCF/914/767/665/GCF_914767665.1_icHarAxyr1.1/GCF_914767665.1_icHarAxyr1.1_cds_from_genomic.fna.gz,https://ftp.ncbi.nlm.nih.gov/genomes/all/GCA/011/033/045/GCA_011033045.1_ASM1103304v1/GCA_011033045.1_ASM1103304v1_genomic.fna.gz,endopterygota
115357,https://ftp.ncbi.nlm.nih.gov/genomes/all/GCF/914/767/665/GCF_914767665.1_icHarAxyr1.1/GCF_914767665.1_icHarAxyr1.1_cds_from_genomic.fna.gz,https://ftp.ncbi.nlm.nih.gov/genomes/all/GCA/914/767/675/GCA_914767675.1_icHarAxyr1.1_alternate_haplotype/GCA_914767675.1_icHarAxyr1.1_alternate_haplotype_genomic.fna.gz,endopterygota
116150,https://ftp.ncbi.nlm.nih.gov/genomes/all/GCF/905/163/445/GCF_905163445.1_ilParAegt1.1/GCF_905163445.1_ilParAegt1.1_cds_from_genomic.fna.gz,https://ftp.ncbi.nlm.nih.gov/genomes/all/GCA/018/249/815/GCA_018249815.1_SRR7637640/GCA_018249815.1_SRR7637640_genomic.fna.gz,lepidoptera
116150,https://ftp.ncbi.nlm.nih.gov/genomes/all/GCF/905/163/445/GCF_905163445.1_ilParAegt1.1/GCF_905163445.1_ilParAegt1.1_cds_from_genomic.fna.gz,https://ftp.ncbi.nlm.nih.gov/genomes/all/GCA/900/499/025/GCA_900499025.1_Paegeria_k64b2000_dplexOGS2/GCA_900499025.1_Paegeria_k64b2000_dplexOGS2_genomic.fna.gz,lepidoptera
116150,https://ftp.ncbi.nlm.nih.gov/genomes/all/GCF/905/163/445/GCF_905163445.1_ilParAegt1.1/GCF_905163445.1_ilParAegt1.1_cds_from_genomic.fna.gz,https://ftp.ncbi.nlm.nih.gov/genomes/all/GCA/905/163/545/GCA_905163545.1_ilParAegt1.1_alternate_haplotype/GCA_905163545.1_ilParAegt1.1_alternate_haplotype_genomic.fna.gz,lepidoptera
125945,https://ftp.ncbi.nlm.nih.gov/genomes/all/GCF/018/148/935/GCF_018148935.1_ASM1814893v1/GCF_018148935.1_ASM1814893v1_cds_from_genomic.fna.gz,https://ftp.ncbi.nlm.nih.gov/genomes/all/GCA/000/233/415/GCA_000233415.2_Dbia_2.0/GCA_000233415.2_Dbia_2.0_genomic.fna.gz,diptera
125945,https://ftp.ncbi.nlm.nih.gov/genomes/all/GCF/018/148/935/GCF_018148935.1_ASM1814893v1/GCF_018148935.1_ASM1814893v1_cds_from_genomic.fna.gz,https://ftp.ncbi.nlm.nih.gov/genomes/all/GCA/002/222/855/GCA_002222855.1_ASM222285v1/GCA_002222855.1_ASM222285v1_genomic.fna.gz,diptera
125945,https://ftp.ncbi.nlm.nih.gov/genomes/all/GCF/018/148/935/GCF_018148935.1_ASM1814893v1/GCF_018148935.1_ASM1814893v1_cds_from_genomic.fna.gz,https://ftp.ncbi.nlm.nih.gov/genomes/all/GCA/005/234/255/GCA_005234255.1_D.biarmipes/GCA_005234255.1_D.biarmipes_genomic.fna.gz,diptera
133434,https://ftp.ncbi.nlm.nih.gov/genomes/all/GCF/001/949/145/GCF_001949145.1_OKI-Apl_1.0/GCF_001949145.1_OKI-Apl_1.0_cds_from_genomic.fna.gz,https://ftp.ncbi.nlm.nih.gov/genomes/all/GCA/001/949/165/GCA_001949165.1_GBR-Apl_1.0/GCA_001949165.1_GBR-Apl_1.0_genomic.fna.gz,metazoa
133434,https://ftp.ncbi.nlm.nih.gov/genomes/all/GCF/001/949/145/GCF_001949145.1_OKI-Apl_1.0/GCF_001949145.1_OKI-Apl_1.0_cds_from_genomic.fna.gz,https://ftp.ncbi.nlm.nih.gov/genomes/all/GCA/019/972/235/GCA_019972235.1_PKT-COTS_1.0/GCA_019972235.1_PKT-COTS_1.0_genomic.fna.gz,metazoa
133434,https://ftp.ncbi.nlm.nih.gov/genomes/all/GCF/001/949/145/GCF_001949145.1_OKI-Apl_1.0/GCF_001949145.1_OKI-Apl_1.0_cds_from_genomic.fna.gz,https://ftp.ncbi.nlm.nih.gov/genomes/all/GCA/019/972/275/GCA_019972275.1_ISR-COTS_1.0/GCA_019972275.1_ISR-COTS_1.0_genomic.fna.gz,metazoa
139649,https://ftp.ncbi.nlm.nih.gov/genomes/all/GCF/002/237/135/GCF_002237135.1_ASM223713v2/GCF_002237135.1_ASM223713v2_cds_from_genomic.fna.gz,https://ftp.ncbi.nlm.nih.gov/genomes/all/GCA/001/017/525/GCA_001017525.1_ASM101752v1/GCA_001017525.1_ASM101752v1_genomic.fna.gz,diptera
139649,https://ftp.ncbi.nlm.nih.gov/genomes/all/GCF/002/237/135/GCF_002237135.1_ASM223713v2/GCF_002237135.1_ASM223713v2_cds_from_genomic.fna.gz,https://ftp.ncbi.nlm.nih.gov/genomes/all/GCA/014/706/505/GCA_014706505.1_AMNH_Teleopsis_dalmanni_sp2/GCA_014706505.1_AMNH_Teleopsis_dalmanni_sp2_genomic.fna.gz,diptera
158441,https://ftp.ncbi.nlm.nih.gov/genomes/all/GCF/002/217/175/GCF_002217175.1_ASM221717v1/GCF_002217175.1_ASM221717v1_cds_from_genomic.fna.gz,https://ftp.ncbi.nlm.nih.gov/genomes/all/GCA/020/920/555/GCA_020920555.1_ASM2092055v1/GCA_020920555.1_ASM2092055v1_genomic.fna.gz,arthropoda
158441,https://ftp.ncbi.nlm.nih.gov/genomes/all/GCF/002/217/175/GCF_002217175.1_ASM221717v1/GCF_002217175.1_ASM221717v1_cds_from_genomic.fna.gz,https://ftp.ncbi.nlm.nih.gov/genomes/all/GCA/020/923/455/GCA_020923455.1_ASM2092345v1/GCA_020923455.1_ASM2092345v1_genomic.fna.gz,arthropoda
191418,https://ftp.ncbi.nlm.nih.gov/genomes/all/GCF/905/333/055/GCF_905333055.1_ilManJurt1.1/GCF_905333055.1_ilManJurt1.1_cds_from_genomic.fna.gz,https://ftp.ncbi.nlm.nih.gov/genomes/all/GCA/009/667/785/GCA_009667785.1_Mjurtina_v1/GCA_009667785.1_Mjurtina_v1_genomic.fna.gz,lepidoptera
191418,https://ftp.ncbi.nlm.nih.gov/genomes/all/GCF/905/333/055/GCF_905333055.1_ilManJurt1.1/GCF_905333055.1_ilManJurt1.1_cds_from_genomic.fna.gz,https://ftp.ncbi.nlm.nih.gov/genomes/all/GCA/018/239/145/GCA_018239145.1_SRR9707499/GCA_018239145.1_SRR9707499_genomic.fna.gz,lepidoptera
191418,https://ftp.ncbi.nlm.nih.gov/genomes/all/GCF/905/333/055/GCF_905333055.1_ilManJurt1.1/GCF_905333055.1_ilManJurt1.1_cds_from_genomic.fna.gz,https://ftp.ncbi.nlm.nih.gov/genomes/all/GCA/905/333/105/GCA_905333105.1_ilManJurt1.1_alternate_haplotype/GCA_905333105.1_ilManJurt1.1_alternate_haplotype_genomic.fna.gz,lepidoptera
210409,https://ftp.ncbi.nlm.nih.gov/genomes/all/GCF/017/591/435/GCF_017591435.1_ASM1759143v1/GCF_017591435.1_ASM1759143v1_cds_from_genomic.fna.gz,https://ftp.ncbi.nlm.nih.gov/genomes/all/GCA/008/373/055/GCA_008373055.1_ASM837305v1/GCA_008373055.1_ASM837305v1_genomic.fna.gz,arthropoda
210409,https://ftp.ncbi.nlm.nih.gov/genomes/all/GCF/017/591/435/GCF_017591435.1_ASM1759143v1/GCF_017591435.1_ASM1759143v1_cds_from_genomic.fna.gz,https://ftp.ncbi.nlm.nih.gov/genomes/all/GCA/020/740/555/GCA_020740555.1_ASM2074055v1/GCA_020740555.1_ASM2074055v1_genomic.fna.gz,arthropoda
307658,https://ftp.ncbi.nlm.nih.gov/genomes/all/GCF/013/373/865/GCF_013373865.1_ASM1337386v2/GCF_013373865.1_ASM1337386v2_cds_from_genomic.fna.gz,https://ftp.ncbi.nlm.nih.gov/genomes/all/GCA/000/980/195/GCA_000980195.3_M.pharaonis_V2.0/GCA_000980195.3_M.pharaonis_V2.0_genomic.fna.gz,hymenoptera
307658,https://ftp.ncbi.nlm.nih.gov/genomes/all/GCF/013/373/865/GCF_013373865.1_ASM1337386v2/GCF_013373865.1_ASM1337386v2_cds_from_genomic.fna.gz,https://ftp.ncbi.nlm.nih.gov/genomes/all/GCA/003/260/585/GCA_003260585.2_ASM326058v2/GCA_003260585.2_ASM326058v2_genomic.fna.gz,hymenoptera
307658,https://ftp.ncbi.nlm.nih.gov/genomes/all/GCF/013/373/865/GCF_013373865.1_ASM1337386v2/GCF_013373865.1_ASM1337386v2_cds_from_genomic.fna.gz,https://ftp.ncbi.nlm.nih.gov/genomes/all/GCA/003/575/265/GCA_003575265.1_Mp_gnA/GCA_003575265.1_Mp_gnA_genomic.fna.gz,hymenoptera
343691,https://ftp.ncbi.nlm.nih.gov/genomes/all/GCF/905/115/235/GCF_905115235.1_iHerIll2.2.curated.20191125/GCF_905115235.1_iHerIll2.2.curated.20191125_cds_from_genomic.fna.gz,https://ftp.ncbi.nlm.nih.gov/genomes/all/GCA/001/014/895/GCA_001014895.1_ASM101489v1/GCA_001014895.1_ASM101489v1_genomic.fna.gz,diptera
343691,https://ftp.ncbi.nlm.nih.gov/genomes/all/GCF/905/115/235/GCF_905115235.1_iHerIll2.2.curated.20191125/GCF_905115235.1_iHerIll2.2.curated.20191125_cds_from_genomic.fna.gz,https://ftp.ncbi.nlm.nih.gov/genomes/all/GCA/009/835/165/GCA_009835165.1_ASM983516v1/GCA_009835165.1_ASM983516v1_genomic.fna.gz,diptera
1437190,https://ftp.ncbi.nlm.nih.gov/genomes/all/GCF/907/164/935/GCF_907164935.1_iOsmBic2.1/GCF_907164935.1_iOsmBic2.1_cds_from_genomic.fna.gz,https://ftp.ncbi.nlm.nih.gov/genomes/all/GCA/004/153/925/GCA_004153925.1_Obicornis_v3/GCA_004153925.1_Obicornis_v3_genomic.fna.gz,hymenoptera
1437190,https://ftp.ncbi.nlm.nih.gov/genomes/all/GCF/907/164/935/GCF_907164935.1_iOsmBic2.1/GCF_907164935.1_iOsmBic2.1_cds_from_genomic.fna.gz,https://ftp.ncbi.nlm.nih.gov/genomes/all/GCA/907/164/925/GCA_907164925.1_iOsmBic2.1_alternate_haplotype/GCA_907164925.1_iOsmBic2.1_alternate_haplotype_genomic.fna.gz,hymenoptera
1518534,https://ftp.ncbi.nlm.nih.gov/genomes/all/GCF/016/920/705/GCF_016920705.1_AcolMOP1/GCF_016920705.1_AcolMOP1_cds_from_genomic.fna.gz,https://ftp.ncbi.nlm.nih.gov/genomes/all/GCA/000/150/765/GCA_000150765.1_m5/GCA_000150765.1_m5_genomic.fna.gz,diptera
1518534,https://ftp.ncbi.nlm.nih.gov/genomes/all/GCF/016/920/705/GCF_016920705.1_AcolMOP1/GCF_016920705.1_AcolMOP1_cds_from_genomic.fna.gz,https://ftp.ncbi.nlm.nih.gov/genomes/all/GCA/004/136/515/GCA_004136515.2_ASM413651v2/GCA_004136515.2_ASM413651v2_genomic.fna.gz,diptera
1518534,https://ftp.ncbi.nlm.nih.gov/genomes/all/GCF/016/920/705/GCF_016920705.1_AcolMOP1/GCF_016920705.1_AcolMOP1_cds_from_genomic.fna.gz,https://ftp.ncbi.nlm.nih.gov/genomes/all/GCA/016/097/095/GCA_016097095.1_LBV136/GCA_016097095.1_LBV136_genomic.fna.gz,diptera
1518534,https://ftp.ncbi.nlm.nih.gov/genomes/all/GCF/016/920/705/GCF_016920705.1_AcolMOP1/GCF_016920705.1_AcolMOP1_cds_from_genomic.fna.gz,https://ftp.ncbi.nlm.nih.gov/genomes/all/GCA/016/097/175/GCA_016097175.1_DLA146/GCA_016097175.1_DLA146_genomic.fna.gz,diptera
1518534,https://ftp.ncbi.nlm.nih.gov/genomes/all/GCF/016/920/705/GCF_016920705.1_AcolMOP1/GCF_016920705.1_AcolMOP1_cds_from_genomic.fna.gz,https://ftp.ncbi.nlm.nih.gov/genomes/all/GCA/016/097/185/GCA_016097185.1_LBV11/GCA_016097185.1_LBV11_genomic.fna.gz,diptera
1518534,https://ftp.ncbi.nlm.nih.gov/genomes/all/GCF/016/920/705/GCF_016920705.1_AcolMOP1/GCF_016920705.1_AcolMOP1_cds_from_genomic.fna.gz,https://ftp.ncbi.nlm.nih.gov/genomes/all/GCA/016/097/195/GCA_016097195.1_LBV88/GCA_016097195.1_LBV88_genomic.fna.gz,diptera
1518534,https://ftp.ncbi.nlm.nih.gov/genomes/all/GCF/016/920/705/GCF_016920705.1_AcolMOP1/GCF_016920705.1_AcolMOP1_cds_from_genomic.fna.gz,https://ftp.ncbi.nlm.nih.gov/genomes/all/GCA/016/097/205/GCA_016097205.1_DLA155B/GCA_016097205.1_DLA155B_genomic.fna.gz,diptera
1518534,https://ftp.ncbi.nlm.nih.gov/genomes/all/GCF/016/920/705/GCF_016920705.1_AcolMOP1/GCF_016920705.1_AcolMOP1_cds_from_genomic.fna.gz,https://ftp.ncbi.nlm.nih.gov/genomes/all/GCA/016/097/225/GCA_016097225.1_DLA112/GCA_016097225.1_DLA112_genomic.fna.gz,diptera
1518534,https://ftp.ncbi.nlm.nih.gov/genomes/all/GCF/016/920/705/GCF_016920705.1_AcolMOP1/GCF_016920705.1_AcolMOP1_cds_from_genomic.fna.gz,https://ftp.ncbi.nlm.nih.gov/genomes/all/GCA/016/508/615/GCA_016508615.1_AcolN2/GCA_016508615.1_AcolN2_genomic.fna.gz,diptera