9258,https://ftp.ncbi.nlm.nih.gov/genomes/all/GCF/004/115/215/GCF_004115215.2_mOrnAna1.pri.v4/GCF_004115215.2_mOrnAna1.pri.v4_cds_from_genomic.fna.gz,https://ftp.ncbi.nlm.nih.gov/genomes/all/GCA/000/002/275/GCA_000002275.2_ASM227v2/GCA_000002275.2_ASM227v2_genomic.fna.gz,mammalia
9258,https://ftp.ncbi.nlm.nih.gov/genomes/all/GCF/004/115/215/GCF_004115215.2_mOrnAna1.pri.v4/GCF_004115215.2_mOrnAna1.pri.v4_cds_from_genomic.fna.gz,https://ftp.ncbi.nlm.nih.gov/genomes/all/GCA/002/966/995/GCA_002966995.1_ASM296699v1/GCA_002966995.1_ASM296699v1_genomic.fna.gz,mammalia
9258,https://ftp.ncbi.nlm.nih.gov/genomes/all/GCF/004/115/215/GCF_004115215.2_mOrnAna1.pri.v4/GCF_004115215.2_mOrnAna1.pri.v4_cds_from_genomic.fna.gz,https://ftp.ncbi.nlm.nih.gov/genomes/all/GCA/004/115/175/GCA_004115175.2_mOrnAna1.alt.v3/GCA_004115175.2_mOrnAna1.alt.v3_genomic.fna.gz,mammalia
9261,https://ftp.ncbi.nlm.nih.gov/genomes/all/GCF/015/852/505/GCF_015852505.1_mTacAcu1.pri/GCF_015852505.1_mTacAcu1.pri_cds_from_genomic.fna.gz,https://ftp.ncbi.nlm.nih.gov/genomes/all/GCA/015/598/185/GCA_015598185.1_mTacAcu1/GCA_015598185.1_mTacAcu1_genomic.fna.gz,mammalia
9261,https://ftp.ncbi.nlm.nih.gov/genomes/all/GCF/015/852/505/GCF_015852505.1_mTacAcu1.pri/GCF_015852505.1_mTacAcu1.pri_cds_from_genomic.fna.gz,https://ftp.ncbi.nlm.nih.gov/genomes/all/GCA/015/852/515/GCA_015852515.1_mTacAcu1.alt/GCA_015852515.1_mTacAcu1.alt_genomic.fna.gz,mammalia
9305,https://ftp.ncbi.nlm.nih.gov/genomes/all/GCF/902/635/505/GCF_902635505.1_mSarHar1.11/GCF_902635505.1_mSarHar1.11_cds_from_genomic.fna.gz,https://ftp.ncbi.nlm.nih.gov/genomes/all/GCA/000/189/315/GCA_000189315.1_Devil_ref_v7.0/GCA_000189315.1_Devil_ref_v7.0_genomic.fna.gz,mammalia
9305,https://ftp.ncbi.nlm.nih.gov/genomes/all/GCF/902/635/505/GCF_902635505.1_mSarHar1.11/GCF_902635505.1_mSarHar1.11_cds_from_genomic.fna.gz,https://ftp.ncbi.nlm.nih.gov/genomes/all/GCA/000/219/685/GCA_000219685.1_Devil_CABOG_asm.06/GCA_000219685.1_Devil_CABOG_asm.06_genomic.fna.gz,mammalia
9305,https://ftp.ncbi.nlm.nih.gov/genomes/all/GCF/902/635/505/GCF_902635505.1_mSarHar1.11/GCF_902635505.1_mSarHar1.11_cds_from_genomic.fna.gz,https://ftp.ncbi.nlm.nih.gov/genomes/all/GCA/007/988/765/GCA_007988765.1_SarHar_Dovetail_2.0/GCA_007988765.1_SarHar_Dovetail_2.0_genomic.fna.gz,mammalia
9305,https://ftp.ncbi.nlm.nih.gov/genomes/all/GCF/902/635/505/GCF_902635505.1_mSarHar1.11/GCF_902635505.1_mSarHar1.11_cds_from_genomic.fna.gz,https://ftp.ncbi.nlm.nih.gov/genomes/all/GCA/902/648/505/GCA_902648505.1_mSarHar1.11_alternate_haplotype/GCA_902648505.1_mSarHar1.11_alternate_haplotype_genomic.fna.gz,mammalia
9407,https://ftp.ncbi.nlm.nih.gov/genomes/all/GCF/014/176/215/GCF_014176215.1_mRouAeg1.p/GCF_014176215.1_mRouAeg1.p_cds_from_genomic.fna.gz,https://ftp.ncbi.nlm.nih.gov/genomes/all/GCA/001/466/805/GCA_001466805.2_Raegyp2.0/GCA_001466805.2_Raegyp2.0_genomic.fna.gz,laurasiatheria
9407,https://ftp.ncbi.nlm.nih.gov/genomes/all/GCF/014/176/215/GCF_014176215.1_mRouAeg1.p/GCF_014176215.1_mRouAeg1.p_cds_from_genomic.fna.gz,https://ftp.ncbi.nlm.nih.gov/genomes/all/GCA/004/024/865/GCA_004024865.1_RouAeg_v1_BIUU/GCA_004024865.1_RouAeg_v1_BIUU_genomic.fna.gz,laurasiatheria
9407,https://ftp.ncbi.nlm.nih.gov/genomes/all/GCF/014/176/215/GCF_014176215.1_mRouAeg1.p/GCF_014176215.1_mRouAeg1.p_cds_from_genomic.fna.gz,https://ftp.ncbi.nlm.nih.gov/genomes/all/GCA/015/472/805/GCA_015472805.1_rouAeg_1.0/GCA_015472805.1_rouAeg_1.0_genomic.fna.gz,laurasiatheria
9417,https://ftp.ncbi.nlm.nih.gov/genomes/all/GCF/014/825/515/GCF_014825515.1_WHU_Ajam_v2/GCF_014825515.1_WHU_Ajam_v2_cds_from_genomic.fna.gz,https://ftp.ncbi.nlm.nih.gov/genomes/all/GCA/004/027/435/GCA_004027435.1_ArtJam_v1_BIUU/GCA_004027435.1_ArtJam_v1_BIUU_genomic.fna.gz,laurasiatheria
9417,https://ftp.ncbi.nlm.nih.gov/genomes/all/GCF/014/825/515/GCF_014825515.1_WHU_Ajam_v2/GCF_014825515.1_WHU_Ajam_v2_cds_from_genomic.fna.gz,https://ftp.ncbi.nlm.nih.gov/genomes/all/GCA/021/234/435/GCA_021234435.1_CSHL_Jam_final/GCA_021234435.1_CSHL_Jam_final_genomic.fna.gz,laurasiatheria
9447,https://ftp.ncbi.nlm.nih.gov/genomes/all/GCF/020/740/605/GCF_020740605.2_mLemCat1.pri/GCF_020740605.2_mLemCat1.pri_cds_from_genomic.fna.gz,https://ftp.ncbi.nlm.nih.gov/genomes/all/GCA/004/024/665/GCA_004024665.1_LemCat_v1_BIUU/GCA_004024665.1_LemCat_v1_BIUU_genomic.fna.gz,primates
9447,https://ftp.ncbi.nlm.nih.gov/genomes/all/GCF/020/740/605/GCF_020740605.2_mLemCat1.pri/GCF_020740605.2_mLemCat1.pri_cds_from_genomic.fna.gz,https://ftp.ncbi.nlm.nih.gov/genomes/all/GCA/020/740/595/GCA_020740595.1_mLemCat1.alt/GCA_020740595.1_mLemCat1.alt_genomic.fna.gz,primates
9483,https://ftp.ncbi.nlm.nih.gov/genomes/all/GCF/009/663/435/GCF_009663435.1_Callithrix_jacchus_cj1700_1.1/GCF_009663435.1_Callithrix_jacchus_cj1700_1.1_cds_from_genomic.fna.gz,https://ftp.ncbi.nlm.nih.gov/genomes/all/GCA/000/004/665/GCA_000004665.1_Callithrix_jacchus-3.2/GCA_000004665.1_Callithrix_jacchus-3.2_genomic.fna.gz,primates
9483,https://ftp.ncbi.nlm.nih.gov/genomes/all/GCF/009/663/435/GCF_009663435.1_Callithrix_jacchus_cj1700_1.1/GCF_009663435.1_Callithrix_jacchus_cj1700_1.1_cds_from_genomic.fna.gz,https://ftp.ncbi.nlm.nih.gov/genomes/all/GCA/000/832/365/GCA_000832365.1_ASM83236v1/GCA_000832365.1_ASM83236v1_genomic.fna.gz,primates
9483,https://ftp.ncbi.nlm.nih.gov/genomes/all/GCF/009/663/435/GCF_009663435.1_Callithrix_jacchus_cj1700_1.1/GCF_009663435.1_Callithrix_jacchus_cj1700_1.1_cds_from_genomic.fna.gz,https://ftp.ncbi.nlm.nih.gov/genomes/all/GCA/001/269/965/GCA_001269965.1_CIEA01/GCA_001269965.1_CIEA01_genomic.fna.gz,primates
9483,https://ftp.ncbi.nlm.nih.gov/genomes/all/GCF/009/663/435/GCF_009663435.1_Callithrix_jacchus_cj1700_1.1/GCF_009663435.1_Callithrix_jacchus_cj1700_1.1_cds_from_genomic.fna.gz,https://ftp.ncbi.nlm.nih.gov/genomes/all/GCA/002/754/865/GCA_002754865.1_ASM275486v1/GCA_002754865.1_ASM275486v1_genomic.fna.gz,primates
9483,https://ftp.ncbi.nlm.nih.gov/genomes/all/GCF/009/663/435/GCF_009663435.1_Callithrix_jacchus_cj1700_1.1/GCF_009663435.1_Callithrix_jacchus_cj1700_1.1_cds_from_genomic.fna.gz,https://ftp.ncbi.nlm.nih.gov/genomes/all/GCA/009/811/775/GCA_009811775.1_CJ2019_assembly/GCA_009811775.1_CJ2019_assembly_genomic.fna.gz,primates
9483,https://ftp.ncbi.nlm.nih.gov/genomes/all/GCF/009/663/435/GCF_009663435.1_Callithrix_jacchus_cj1700_1.1/GCF_009663435.1_Callithrix_jacchus_cj1700_1.1_cds_from_genomic.fna.gz,https://ftp.ncbi.nlm.nih.gov/genomes/all/GCA/011/078/405/GCA_011078405.1_mCalJac1.mat/GCA_011078405.1_mCalJac1.mat_genomic.fna.gz,primates
9483,https://ftp.ncbi.nlm.nih.gov/genomes/all/GCF/009/663/435/GCF_009663435.1_Callithrix_jacchus_cj1700_1.1/GCF_009663435.1_Callithrix_jacchus_cj1700_1.1_cds_from_genomic.fna.gz,https://ftp.ncbi.nlm.nih.gov/genomes/all/GCA/011/100/535/GCA_011100535.2_mCalJac1.2.pat/GCA_011100535.2_mCalJac1.2.pat_genomic.fna.gz,primates
9483,https://ftp.ncbi.nlm.nih.gov/genomes/all/GCF/009/663/435/GCF_009663435.1_Callithrix_jacchus_cj1700_1.1/GCF_009663435.1_Callithrix_jacchus_cj1700_1.1_cds_from_genomic.fna.gz,https://ftp.ncbi.nlm.nih.gov/genomes/all/GCA/011/100/555/GCA_011100555.2_mCalJa1.2.pat.X/GCA_011100555.2_mCalJa1.2.pat.X_genomic.fna.gz,primates
9483,https://ftp.ncbi.nlm.nih.gov/genomes/all/GCF/009/663/435/GCF_009663435.1_Callithrix_jacchus_cj1700_1.1/GCF_009663435.1_Callithrix_jacchus_cj1700_1.1_cds_from_genomic.fna.gz,https://ftp.ncbi.nlm.nih.gov/genomes/all/GCA/013/373/975/GCA_013373975.1_CJA1912RKC/GCA_013373975.1_CJA1912RKC_genomic.fna.gz,primates
9541,https://ftp.ncbi.nlm.nih.gov/genomes/all/GCF/012/559/485/GCF_012559485.2_MFA1912RKSv2/GCF_012559485.2_MFA1912RKSv2_cds_from_genomic.fna.gz,https://ftp.ncbi.nlm.nih.gov/genomes/all/GCA/000/222/185/GCA_000222185.1_MacFas_Jun2011/GCA_000222185.1_MacFas_Jun2011_genomic.fna.gz,primates
9541,https://ftp.ncbi.nlm.nih.gov/genomes/all/GCF/012/559/485/GCF_012559485.2_MFA1912RKSv2/GCF_012559485.2_MFA1912RKSv2_cds_from_genomic.fna.gz,https://ftp.ncbi.nlm.nih.gov/genomes/all/GCA/000/230/815/GCA_000230815.1_CE_1.0/GCA_000230815.1_CE_1.0_genomic.fna.gz,primates
9541,https://ftp.ncbi.nlm.nih.gov/genomes/all/GCF/012/559/485/GCF_012559485.2_MFA1912RKSv2/GCF_012559485.2_MFA1912RKSv2_cds_from_genomic.fna.gz,https://ftp.ncbi.nlm.nih.gov/genomes/all/GCA/000/364/345/GCA_000364345.1_Macaca_fascicularis_5.0/GCA_000364345.1_Macaca_fascicularis_5.0_genomic.fna.gz,primates
9541,https://ftp.ncbi.nlm.nih.gov/genomes/all/GCF/012/559/485/GCF_012559485.2_MFA1912RKSv2/GCF_012559485.2_MFA1912RKSv2_cds_from_genomic.fna.gz,https://ftp.ncbi.nlm.nih.gov/genomes/all/GCA/011/100/615/GCA_011100615.1_Macaca_fascicularis_6.0/GCA_011100615.1_Macaca_fascicularis_6.0_genomic.fna.gz,primates
9541,https://ftp.ncbi.nlm.nih.gov/genomes/all/GCF/012/559/485/GCF_012559485.2_MFA1912RKSv2/GCF_012559485.2_MFA1912RKSv2_cds_from_genomic.fna.gz,https://ftp.ncbi.nlm.nih.gov/genomes/all/GCA/902/985/625/GCA_902985625.2_mfascicularis_v7_phase1/GCA_902985625.2_mfascicularis_v7_phase1_genomic.fna.gz,primates
9541,https://ftp.ncbi.nlm.nih.gov/genomes/all/GCF/012/559/485/GCF_012559485.2_MFA1912RKSv2/GCF_012559485.2_MFA1912RKSv2_cds_from_genomic.fna.gz,https://ftp.ncbi.nlm.nih.gov/genomes/all/GCA/903/231/565/GCA_903231565.1_mfascicularis_v7_1/GCA_903231565.1_mfascicularis_v7_1_genomic.fna.gz,primates
9541,https://ftp.ncbi.nlm.nih.gov/genomes/all/GCF/012/559/485/GCF_012559485.2_MFA1912RKSv2/GCF_012559485.2_MFA1912RKSv2_cds_from_genomic.fna.gz,https://ftp.ncbi.nlm.nih.gov/genomes/all/GCA/903/645/265/GCA_903645265.1_mfascicularis_v7_phased/GCA_903645265.1_mfascicularis_v7_phased_genomic.fna.gz,primates
9541,https://ftp.ncbi.nlm.nih.gov/genomes/all/GCF/012/559/485/GCF_012559485.2_MFA1912RKSv2/GCF_012559485.2_MFA1912RKSv2_cds_from_genomic.fna.gz,https://ftp.ncbi.nlm.nih.gov/genomes/all/GCA/903/645/275/GCA_903645275.1_mfascicularis_v7_phased1/GCA_903645275.1_mfascicularis_v7_phased1_genomic.fna.gz,primates
9544,https://ftp.ncbi.nlm.nih.gov/genomes/all/GCF/003/339/765/GCF_003339765.1_Mmul_10/GCF_003339765.1_Mmul_10_cds_from_genomic.fna.gz,https://ftp.ncbi.nlm.nih.gov/genomes/all/GCA/000/002/255/GCA_000002255.2_Mmul_051212/GCA_000002255.2_Mmul_051212_genomic.fna.gz,primates
9544,https://ftp.ncbi.nlm.nih.gov/genomes/all/GCF/003/339/765/GCF_003339765.1_Mmul_10/GCF_003339765.1_Mmul_10_cds_from_genomic.fna.gz,https://ftp.ncbi.nlm.nih.gov/genomes/all/GCA/000/230/795/GCA_000230795.1_CR_1.0/GCA_000230795.1_CR_1.0_genomic.fna.gz,primates
9544,https://ftp.ncbi.nlm.nih.gov/genomes/all/GCF/003/339/765/GCF_003339765.1_Mmul_10/GCF_003339765.1_Mmul_10_cds_from_genomic.fna.gz,https://ftp.ncbi.nlm.nih.gov/genomes/all/GCA/000/772/875/GCA_000772875.3_Mmul_8.0.1/GCA_000772875.3_Mmul_8.0.1_genomic.fna.gz,primates
9544,https://ftp.ncbi.nlm.nih.gov/genomes/all/GCF/003/339/765/GCF_003339765.1_Mmul_10/GCF_003339765.1_Mmul_10_cds_from_genomic.fna.gz,https://ftp.ncbi.nlm.nih.gov/genomes/all/GCA/005/453/305/GCA_005453305.1_ASM545330v1/GCA_005453305.1_ASM545330v1_genomic.fna.gz,primates
9544,https://ftp.ncbi.nlm.nih.gov/genomes/all/GCF/003/339/765/GCF_003339765.1_Mmul_10/GCF_003339765.1_Mmul_10_cds_from_genomic.fna.gz,https://ftp.ncbi.nlm.nih.gov/genomes/all/GCA/005/453/525/GCA_005453525.2_ASM545352v2/GCA_005453525.2_ASM545352v2_genomic.fna.gz,primates
9544,https://ftp.ncbi.nlm.nih.gov/genomes/all/GCF/003/339/765/GCF_003339765.1_Mmul_10/GCF_003339765.1_Mmul_10_cds_from_genomic.fna.gz,https://ftp.ncbi.nlm.nih.gov/genomes/all/GCA/008/058/575/GCA_008058575.1_rheMacS_1.0/GCA_008058575.1_rheMacS_1.0_genomic.fna.gz,primates
9544,https://ftp.ncbi.nlm.nih.gov/genomes/all/GCF/003/339/765/GCF_003339765.1_Mmul_10/GCF_003339765.1_Mmul_10_cds_from_genomic.fna.gz,https://ftp.ncbi.nlm.nih.gov/genomes/all/GCA/014/858/485/GCA_014858485.1_Mmul10_segmental_duplication/GCA_014858485.1_Mmul10_segmental_duplication_genomic.fna.gz,primates
9593,https://ftp.ncbi.nlm.nih.gov/genomes/all/GCF/008/122/165/GCF_008122165.1_Kamilah_GGO_v0/GCF_008122165.1_Kamilah_GGO_v0_cds_from_genomic.fna.gz,https://ftp.ncbi.nlm.nih.gov/genomes/all/GCA/000/151/905/GCA_000151905.3_gorGor4/GCA_000151905.3_gorGor4_genomic.fna.gz,primates
9593,https://ftp.ncbi.nlm.nih.gov/genomes/all/GCF/008/122/165/GCF_008122165.1_Kamilah_GGO_v0/GCF_008122165.1_Kamilah_GGO_v0_cds_from_genomic.fna.gz,https://ftp.ncbi.nlm.nih.gov/genomes/all/GCA/900/006/655/GCA_900006655.3_Susie3/GCA_900006655.3_Susie3_genomic.fna.gz,primates
9598,https://ftp.ncbi.nlm.nih.gov/genomes/all/GCF/002/880/755/GCF_002880755.1_Clint_PTRv2/GCF_002880755.1_Clint_PTRv2_cds_from_genomic.fna.gz,https://ftp.ncbi.nlm.nih.gov/genomes/all/GCA/000/001/515/GCA_000001515.5_Pan_tro_3.0/GCA_000001515.5_Pan_tro_3.0_genomic.fna.gz,primates
9598,https://ftp.ncbi.nlm.nih.gov/genomes/all/GCF/002/880/755/GCF_002880755.1_Clint_PTRv2/GCF_002880755.1_Clint_PTRv2_cds_from_genomic.fna.gz,https://ftp.ncbi.nlm.nih.gov/genomes/all/GCA/000/325/845/GCA_000325845.1_ASM32584v1/GCA_000325845.1_ASM32584v1_genomic.fna.gz,primates
9685,https://ftp.ncbi.nlm.nih.gov/genomes/all/GCF/018/350/175/GCF_018350175.1_F.catus_Fca126_mat1.0/GCF_018350175.1_F.catus_Fca126_mat1.0_cds_from_genomic.fna.gz,https://ftp.ncbi.nlm.nih.gov/genomes/all/GCA/000/003/115/GCA_000003115.1_catChrV17e/GCA_000003115.1_catChrV17e_genomic.fna.gz,carnivora
9685,https://ftp.ncbi.nlm.nih.gov/genomes/all/GCF/018/350/175/GCF_018350175.1_F.catus_Fca126_mat1.0/GCF_018350175.1_F.catus_Fca126_mat1.0_cds_from_genomic.fna.gz,https://ftp.ncbi.nlm.nih.gov/genomes/all/GCA/000/181/335/GCA_000181335.5_Felis_catus_9.0/GCA_000181335.5_Felis_catus_9.0_genomic.fna.gz,carnivora
9685,https://ftp.ncbi.nlm.nih.gov/genomes/all/GCF/018/350/175/GCF_018350175.1_F.catus_Fca126_mat1.0/GCF_018350175.1_F.catus_Fca126_mat1.0_cds_from_genomic.fna.gz,https://ftp.ncbi.nlm.nih.gov/genomes/all/GCA/013/340/865/GCA_013340865.1_ASM1334086v1/GCA_013340865.1_ASM1334086v1_genomic.fna.gz,carnivora
9685,https://ftp.ncbi.nlm.nih.gov/genomes/all/GCF/018/350/175/GCF_018350175.1_F.catus_Fca126_mat1.0/GCF_018350175.1_F.catus_Fca126_mat1.0_cds_from_genomic.fna.gz,https://ftp.ncbi.nlm.nih.gov/genomes/all/GCA/016/509/815/GCA_016509815.2_Fcat_Pben_1.1_maternal_alt/GCA_016509815.2_Fcat_Pben_1.1_maternal_alt_genomic.fna.gz,carnivora
9689,https://ftp.ncbi.nlm.nih.gov/genomes/all/GCF/018/350/215/GCF_018350215.1_P.leo_Ple1_pat1.1/GCF_018350215.1_P.leo_Ple1_pat1.1_cds_from_genomic.fna.gz,https://ftp.ncbi.nlm.nih.gov/genomes/all/GCA/008/795/835/GCA_008795835.1_PanLeo1.0/GCA_008795835.1_PanLeo1.0_genomic.fna.gz,carnivora
9689,https://ftp.ncbi.nlm.nih.gov/genomes/all/GCF/018/350/215/GCF_018350215.1_P.leo_Ple1_pat1.1/GCF_018350215.1_P.leo_Ple1_pat1.1_cds_from_genomic.fna.gz,https://ftp.ncbi.nlm.nih.gov/genomes/all/GCA/012/313/985/GCA_012313985.1_BGI_AfriLion_1.1/GCA_012313985.1_BGI_AfriLion_1.1_genomic.fna.gz,carnivora
9694,https://ftp.ncbi.nlm.nih.gov/genomes/all/GCF/018/350/195/GCF_018350195.1_P.tigris_Pti1_mat1.1/GCF_018350195.1_P.tigris_Pti1_mat1.1_cds_from_genomic.fna.gz,https://ftp.ncbi.nlm.nih.gov/genomes/all/GCA/000/464/555/GCA_000464555.1_PanTig1.0/GCA_000464555.1_PanTig1.0_genomic.fna.gz,carnivora
9694,https://ftp.ncbi.nlm.nih.gov/genomes/all/GCF/018/350/195/GCF_018350195.1_P.tigris_Pti1_mat1.1/GCF_018350195.1_P.tigris_Pti1_mat1.1_cds_from_genomic.fna.gz,https://ftp.ncbi.nlm.nih.gov/genomes/all/GCA/021/130/815/GCA_021130815.1_PanTigT.MC.v3/GCA_021130815.1_PanTigT.MC.v3_genomic.fna.gz,carnivora
9694,https://ftp.ncbi.nlm.nih.gov/genomes/all/GCF/018/350/195/GCF_018350195.1_P.tigris_Pti1_mat1.1/GCF_018350195.1_P.tigris_Pti1_mat1.1_cds_from_genomic.fna.gz,https://ftp.ncbi.nlm.nih.gov/genomes/all/GCA/021/131/075/GCA_021131075.1_PanTigT.SI.v4/GCA_021131075.1_PanTigT.SI.v4_genomic.fna.gz,carnivora
9694,https://ftp.ncbi.nlm.nih.gov/genomes/all/GCF/018/350/195/GCF_018350195.1_P.tigris_Pti1_mat1.1/GCF_018350195.1_P.tigris_Pti1_mat1.1_cds_from_genomic.fna.gz,https://ftp.ncbi.nlm.nih.gov/genomes/all/GCA/019/348/595/GCA_019348595.1_Maltig1.0/GCA_019348595.1_Maltig1.0_genomic.fna.gz,carnivora
9704,https://ftp.ncbi.nlm.nih.gov/genomes/all/GCF/009/762/305/GCF_009762305.2_mZalCal1.pri.v2/GCF_009762305.2_mZalCal1.pri.v2_cds_from_genomic.fna.gz,https://ftp.ncbi.nlm.nih.gov/genomes/all/GCA/004/024/565/GCA_004024565.1_ZalCal_v1_BIUU/GCA_004024565.1_ZalCal_v1_BIUU_genomic.fna.gz,carnivora
9704,https://ftp.ncbi.nlm.nih.gov/genomes/all/GCF/009/762/305/GCF_009762305.2_mZalCal1.pri.v2/GCF_009762305.2_mZalCal1.pri.v2_cds_from_genomic.fna.gz,https://ftp.ncbi.nlm.nih.gov/genomes/all/GCA/009/762/295/GCA_009762295.2_mZalCal1.alt.v2/GCA_009762295.2_mZalCal1.alt.v2_genomic.fna.gz,carnivora
9704,https://ftp.ncbi.nlm.nih.gov/genomes/all/GCF/009/762/305/GCF_009762305.2_mZalCal1.pri.v2/GCF_009762305.2_mZalCal1.pri.v2_cds_from_genomic.fna.gz,https://ftp.ncbi.nlm.nih.gov/genomes/all/GCA/900/631/625/GCA_900631625.1_zalCal2.2/GCA_900631625.1_zalCal2.2_genomic.fna.gz,carnivora
9739,https://ftp.ncbi.nlm.nih.gov/genomes/all/GCF/011/762/595/GCF_011762595.1_mTurTru1.mat.Y/GCF_011762595.1_mTurTru1.mat.Y_cds_from_genomic.fna.gz,https://ftp.ncbi.nlm.nih.gov/genomes/all/GCA/000/151/865/GCA_000151865.3_Ttru_1.4/GCA_000151865.3_Ttru_1.4_genomic.fna.gz,cetartiodactyla
9739,https://ftp.ncbi.nlm.nih.gov/genomes/all/GCF/011/762/595/GCF_011762595.1_mTurTru1.mat.Y/GCF_011762595.1_mTurTru1.mat.Y_cds_from_genomic.fna.gz,https://ftp.ncbi.nlm.nih.gov/genomes/all/GCA/001/922/835/GCA_001922835.1_NIST_Tur_tru_v1/GCA_001922835.1_NIST_Tur_tru_v1_genomic.fna.gz,cetartiodactyla
9739,https://ftp.ncbi.nlm.nih.gov/genomes/all/GCF/011/762/595/GCF_011762595.1_mTurTru1.mat.Y/GCF_011762595.1_mTurTru1.mat.Y_cds_from_genomic.fna.gz,https://ftp.ncbi.nlm.nih.gov/genomes/all/GCA/003/314/715/GCA_003314715.1_Tur_tru_Illumina_hap_v1/GCA_003314715.1_Tur_tru_Illumina_hap_v1_genomic.fna.gz,cetartiodactyla
9739,https://ftp.ncbi.nlm.nih.gov/genomes/all/GCF/011/762/595/GCF_011762595.1_mTurTru1.mat.Y/GCF_011762595.1_mTurTru1.mat.Y_cds_from_genomic.fna.gz,https://ftp.ncbi.nlm.nih.gov/genomes/all/GCA/003/435/595/GCA_003435595.3_Tur_tru_Illumina_phased_v1/GCA_003435595.3_Tur_tru_Illumina_phased_v1_genomic.fna.gz,cetartiodactyla
9739,https://ftp.ncbi.nlm.nih.gov/genomes/all/GCF/011/762/595/GCF_011762595.1_mTurTru1.mat.Y/GCF_011762595.1_mTurTru1.mat.Y_cds_from_genomic.fna.gz,https://ftp.ncbi.nlm.nih.gov/genomes/all/GCA/011/762/515/GCA_011762515.1_mTurTru1.pat/GCA_011762515.1_mTurTru1.pat_genomic.fna.gz,cetartiodactyla
9739,https://ftp.ncbi.nlm.nih.gov/genomes/all/GCF/011/762/595/GCF_011762595.1_mTurTru1.mat.Y/GCF_011762595.1_mTurTru1.mat.Y_cds_from_genomic.fna.gz,https://ftp.ncbi.nlm.nih.gov/genomes/all/GCA/011/762/535/GCA_011762535.1_mTurTru1.mat/GCA_011762535.1_mTurTru1.mat_genomic.fna.gz,cetartiodactyla
9749,https://ftp.ncbi.nlm.nih.gov/genomes/all/GCF/002/288/925/GCF_002288925.2_ASM228892v3/GCF_002288925.2_ASM228892v3_cds_from_genomic.fna.gz,https://ftp.ncbi.nlm.nih.gov/genomes/all/GCA/009/917/725/GCA_009917725.1_GSC_bbay_1.0/GCA_009917725.1_GSC_bbay_1.0_genomic.fna.gz,cetartiodactyla
9749,https://ftp.ncbi.nlm.nih.gov/genomes/all/GCF/002/288/925/GCF_002288925.2_ASM228892v3/GCF_002288925.2_ASM228892v3_cds_from_genomic.fna.gz,https://ftp.ncbi.nlm.nih.gov/genomes/all/GCA/009/917/745/GCA_009917745.1_GSC_cook_1.0/GCA_009917745.1_GSC_cook_1.0_genomic.fna.gz,cetartiodactyla
9755,https://ftp.ncbi.nlm.nih.gov/genomes/all/GCF/002/837/175/GCF_002837175.2_ASM283717v2/GCF_002837175.2_ASM283717v2_cds_from_genomic.fna.gz,https://ftp.ncbi.nlm.nih.gov/genomes/all/GCA/000/472/045/GCA_000472045.1_Physeter_macrocephalus-2.0.2/GCA_000472045.1_Physeter_macrocephalus-2.0.2_genomic.fna.gz,cetartiodactyla
9755,https://ftp.ncbi.nlm.nih.gov/genomes/all/GCF/002/837/175/GCF_002837175.2_ASM283717v2/GCF_002837175.2_ASM283717v2_cds_from_genomic.fna.gz,https://ftp.ncbi.nlm.nih.gov/genomes/all/GCA/900/411/695/GCA_900411695.1_PhyCat2.0/GCA_900411695.1_PhyCat2.0_genomic.fna.gz,cetartiodactyla
9793,https://ftp.ncbi.nlm.nih.gov/genomes/all/GCF/016/077/325/GCF_016077325.2_ASM1607732v2/GCF_016077325.2_ASM1607732v2_cds_from_genomic.fna.gz,https://ftp.ncbi.nlm.nih.gov/genomes/all/GCA/001/305/755/GCA_001305755.1_ASM130575v1/GCA_001305755.1_ASM130575v1_genomic.fna.gz,laurasiatheria
9793,https://ftp.ncbi.nlm.nih.gov/genomes/all/GCF/016/077/325/GCF_016077325.2_ASM1607732v2/GCF_016077325.2_ASM1607732v2_cds_from_genomic.fna.gz,https://ftp.ncbi.nlm.nih.gov/genomes/all/GCA/003/033/725/GCA_003033725.1_ASM303372v1/GCA_003033725.1_ASM303372v1_genomic.fna.gz,laurasiatheria
9796,https://ftp.ncbi.nlm.nih.gov/genomes/all/GCF/002/863/925/GCF_002863925.1_EquCab3.0/GCF_002863925.1_EquCab3.0_cds_from_genomic.fna.gz,https://ftp.ncbi.nlm.nih.gov/genomes/all/GCA/000/002/305/GCA_000002305.1_EquCab2.0/GCA_000002305.1_EquCab2.0_genomic.fna.gz,laurasiatheria
9796,https://ftp.ncbi.nlm.nih.gov/genomes/all/GCF/002/863/925/GCF_002863925.1_EquCab3.0/GCF_002863925.1_EquCab3.0_cds_from_genomic.fna.gz,https://ftp.ncbi.nlm.nih.gov/genomes/all/GCA/000/696/655/GCA_000696655.1_Ajinai1.0/GCA_000696655.1_Ajinai1.0_genomic.fna.gz,laurasiatheria
9807,https://ftp.ncbi.nlm.nih.gov/genomes/all/GCF/000/283/155/GCF_000283155.1_CerSimSim1.0/GCF_000283155.1_CerSimSim1.0_cds_from_genomic.fna.gz,https://ftp.ncbi.nlm.nih.gov/genomes/all/GCA/004/027/795/GCA_004027795.1_CerCot_v1_BIUU/GCA_004027795.1_CerCot_v1_BIUU_genomic.fna.gz,laurasiatheria
9807,https://ftp.ncbi.nlm.nih.gov/genomes/all/GCF/000/283/155/GCF_000283155.1_CerSimSim1.0/GCF_000283155.1_CerSimSim1.0_cds_from_genomic.fna.gz,https://ftp.ncbi.nlm.nih.gov/genomes/all/GCA/021/442/165/GCA_021442165.1_ASM2144216v1/GCA_021442165.1_ASM2144216v1_genomic.fna.gz,laurasiatheria
9838,https://ftp.ncbi.nlm.nih.gov/genomes/all/GCF/000/803/125/GCF_000803125.2_CamDro3/GCF_000803125.2_CamDro3_cds_from_genomic.fna.gz,https://ftp.ncbi.nlm.nih.gov/genomes/all/GCA/000/767/585/GCA_000767585.1_PRJNA234474_Ca_dromedarius_V1.0/GCA_000767585.1_PRJNA234474_Ca_dromedarius_V1.0_genomic.fna.gz,cetartiodactyla
9838,https://ftp.ncbi.nlm.nih.gov/genomes/all/GCF/000/803/125/GCF_000803125.2_CamDro3/GCF_000803125.2_CamDro3_cds_from_genomic.fna.gz,https://ftp.ncbi.nlm.nih.gov/genomes/all/GCA/001/640/815/GCA_001640815.1_ASM164081v1/GCA_001640815.1_ASM164081v1_genomic.fna.gz,cetartiodactyla
9860,https://ftp.ncbi.nlm.nih.gov/genomes/all/GCF/910/594/005/GCF_910594005.1_mCerEla1.1/GCF_910594005.1_mCerEla1.1_cds_from_genomic.fna.gz,https://ftp.ncbi.nlm.nih.gov/genomes/all/GCA/910/593/805/GCA_910593805.1_mCerEla1.1_alternate_haplotype/GCA_910593805.1_mCerEla1.1_alternate_haplotype_genomic.fna.gz,cetartiodactyla
9860,https://ftp.ncbi.nlm.nih.gov/genomes/all/GCF/910/594/005/GCF_910594005.1_mCerEla1.1/GCF_910594005.1_mCerEla1.1_cds_from_genomic.fna.gz,https://ftp.ncbi.nlm.nih.gov/genomes/all/GCA/002/197/005/GCA_002197005.1_CerEla1.0/GCA_002197005.1_CerEla1.0_genomic.fna.gz,cetartiodactyla
9913,https://ftp.ncbi.nlm.nih.gov/genomes/all/GCF/002/263/795/GCF_002263795.1_ARS-UCD1.2/GCF_002263795.1_ARS-UCD1.2_cds_from_genomic.fna.gz,https://ftp.ncbi.nlm.nih.gov/genomes/all/GCA/000/003/055/GCA_000003055.5_Bos_taurus_UMD_3.1.1/GCA_000003055.5_Bos_taurus_UMD_3.1.1_genomic.fna.gz,cetartiodactyla
9913,https://ftp.ncbi.nlm.nih.gov/genomes/all/GCF/002/263/795/GCF_002263795.1_ARS-UCD1.2/GCF_002263795.1_ARS-UCD1.2_cds_from_genomic.fna.gz,https://ftp.ncbi.nlm.nih.gov/genomes/all/GCA/000/003/205/GCA_000003205.6_Btau_5.0.1/GCA_000003205.6_Btau_5.0.1_genomic.fna.gz,cetartiodactyla
9913,https://ftp.ncbi.nlm.nih.gov/genomes/all/GCF/002/263/795/GCF_002263795.1_ARS-UCD1.2/GCF_002263795.1_ARS-UCD1.2_cds_from_genomic.fna.gz,https://ftp.ncbi.nlm.nih.gov/genomes/all/GCA/021/234/555/GCA_021234555.1_ARS-LIC_NZ_Jersey/GCA_021234555.1_ARS-LIC_NZ_Jersey_genomic.fna.gz,cetartiodactyla
9913,https://ftp.ncbi.nlm.nih.gov/genomes/all/GCF/002/263/795/GCF_002263795.1_ARS-UCD1.2/GCF_002263795.1_ARS-UCD1.2_cds_from_genomic.fna.gz,https://ftp.ncbi.nlm.nih.gov/genomes/all/GCA/021/347/905/GCA_021347905.1_ARS-LIC_NZ_Holstein-Friesian_1/GCA_021347905.1_ARS-LIC_NZ_Holstein-Friesian_1_genomic.fna.gz,cetartiodactyla
9913,https://ftp.ncbi.nlm.nih.gov/genomes/all/GCF/002/263/795/GCF_002263795.1_ARS-UCD1.2/GCF_002263795.1_ARS-UCD1.2_cds_from_genomic.fna.gz,https://ftp.ncbi.nlm.nih.gov/genomes/all/GCA/914/753/205/GCA_914753205.1_Brown_Swiss_cow/GCA_914753205.1_Brown_Swiss_cow_genomic.fna.gz,cetartiodactyla
9925,https://ftp.ncbi.nlm.nih.gov/genomes/all/GCF/001/704/415/GCF_001704415.1_ARS1/GCF_001704415.1_ARS1_cds_from_genomic.fna.gz,https://ftp.ncbi.nlm.nih.gov/genomes/all/GCA/000/317/765/GCA_000317765.2_CHIR_2.0/GCA_000317765.2_CHIR_2.0_genomic.fna.gz,cetartiodactyla
9925,https://ftp.ncbi.nlm.nih.gov/genomes/all/GCF/001/704/415/GCF_001704415.1_ARS1/GCF_001704415.1_ARS1_cds_from_genomic.fna.gz,https://ftp.ncbi.nlm.nih.gov/genomes/all/GCA/004/361/675/GCA_004361675.1_CVASU_BBG_1.0/GCA_004361675.1_CVASU_BBG_1.0_genomic.fna.gz,cetartiodactyla
9925,https://ftp.ncbi.nlm.nih.gov/genomes/all/GCF/001/704/415/GCF_001704415.1_ARS1/GCF_001704415.1_ARS1_cds_from_genomic.fna.gz,https://ftp.ncbi.nlm.nih.gov/genomes/all/GCA/009/823/495/GCA_009823495.1_ASM982349v1/GCA_009823495.1_ASM982349v1_genomic.fna.gz,cetartiodactyla
9925,https://ftp.ncbi.nlm.nih.gov/genomes/all/GCF/001/704/415/GCF_001704415.1_ARS1/GCF_001704415.1_ARS1_cds_from_genomic.fna.gz,https://ftp.ncbi.nlm.nih.gov/genomes/all/GCA/015/443/085/GCA_015443085.1_Saanen_v1/GCA_015443085.1_Saanen_v1_genomic.fna.gz,cetartiodactyla
9978,https://ftp.ncbi.nlm.nih.gov/genomes/all/GCF/014/633/375/GCF_014633375.1_OchPri4.0/GCF_014633375.1_OchPri4.0_cds_from_genomic.fna.gz,https://ftp.ncbi.nlm.nih.gov/genomes/all/GCA/000/164/825/GCA_000164825.1_ASM16482v1/GCA_000164825.1_ASM16482v1_genomic.fna.gz,glires
9978,https://ftp.ncbi.nlm.nih.gov/genomes/all/GCF/014/633/375/GCF_014633375.1_OchPri4.0/GCF_014633375.1_OchPri4.0_cds_from_genomic.fna.gz,https://ftp.ncbi.nlm.nih.gov/genomes/all/GCA/000/292/845/GCA_000292845.1_OchPri3.0/GCA_000292845.1_OchPri3.0_genomic.fna.gz,glires
9986,https://ftp.ncbi.nlm.nih.gov/genomes/all/GCF/000/003/625/GCF_000003625.3_OryCun2.0/GCF_000003625.3_OryCun2.0_cds_from_genomic.fna.gz,https://ftp.ncbi.nlm.nih.gov/genomes/all/GCA/009/806/435/GCA_009806435.2_UM_NZW_1.0/GCA_009806435.2_UM_NZW_1.0_genomic.fna.gz,glires
9986,https://ftp.ncbi.nlm.nih.gov/genomes/all/GCF/000/003/625/GCF_000003625.3_OryCun2.0/GCF_000003625.3_OryCun2.0_cds_from_genomic.fna.gz,https://ftp.ncbi.nlm.nih.gov/genomes/all/GCA/013/371/645/GCA_013371645.1_OryCun3.0/GCA_013371645.1_OryCun3.0_genomic.fna.gz,glires
9995,https://ftp.ncbi.nlm.nih.gov/genomes/all/GCF/021/218/885/GCF_021218885.1_Marmota_monax_Labrador192_V1.0/GCF_021218885.1_Marmota_monax_Labrador192_V1.0_cds_from_genomic.fna.gz,https://ftp.ncbi.nlm.nih.gov/genomes/all/GCA/014/533/835/GCA_014533835.1_Woodchuck_1.0/GCA_014533835.1_Woodchuck_1.0_genomic.fna.gz,glires
9995,https://ftp.ncbi.nlm.nih.gov/genomes/all/GCF/021/218/885/GCF_021218885.1_Marmota_monax_Labrador192_V1.0/GCF_021218885.1_Marmota_monax_Labrador192_V1.0_cds_from_genomic.fna.gz,https://ftp.ncbi.nlm.nih.gov/genomes/all/GCA/901/343/595/GCA_901343595.1_MONAX5/GCA_901343595.1_MONAX5_genomic.fna.gz,glires
10029,https://ftp.ncbi.nlm.nih.gov/genomes/all/GCF/000/223/135/GCF_000223135.1_CriGri_1.0/GCF_000223135.1_CriGri_1.0_cds_from_genomic.fna.gz,https://ftp.ncbi.nlm.nih.gov/genomes/all/GCA/000/419/365/GCA_000419365.1_C_griseus_v1.0/GCA_000419365.1_C_griseus_v1.0_genomic.fna.gz,glires
10029,https://ftp.ncbi.nlm.nih.gov/genomes/all/GCF/000/223/135/GCF_000223135.1_CriGri_1.0/GCF_000223135.1_CriGri_1.0_cds_from_genomic.fna.gz,https://ftp.ncbi.nlm.nih.gov/genomes/all/GCA/000/448/345/GCA_000448345.1_Cgr1.0/GCA_000448345.1_Cgr1.0_genomic.fna.gz,glires
10029,https://ftp.ncbi.nlm.nih.gov/genomes/all/GCF/000/223/135/GCF_000223135.1_CriGri_1.0/GCF_000223135.1_CriGri_1.0_cds_from_genomic.fna.gz,https://ftp.ncbi.nlm.nih.gov/genomes/all/GCA/003/668/045/GCA_003668045.2_CriGri-PICRH-1.0/GCA_003668045.2_CriGri-PICRH-1.0_genomic.fna.gz,glires
10029,https://ftp.ncbi.nlm.nih.gov/genomes/all/GCF/000/223/135/GCF_000223135.1_CriGri_1.0/GCF_000223135.1_CriGri_1.0_cds_from_genomic.fna.gz,https://ftp.ncbi.nlm.nih.gov/genomes/all/GCA/900/186/095/GCA_900186095.1_CHOK1S_HZDv1/GCA_900186095.1_CHOK1S_HZDv1_genomic.fna.gz,glires
10047,https://ftp.ncbi.nlm.nih.gov/genomes/all/GCF/002/204/375/GCF_002204375.1_MunDraft-v1.0/GCF_002204375.1_MunDraft-v1.0_cds_from_genomic.fna.gz,https://ftp.ncbi.nlm.nih.gov/genomes/all/GCA/004/026/785/GCA_004026785.1_MerUng_v1_BIUU/GCA_004026785.1_MerUng_v1_BIUU_genomic.fna.gz,glires
10047,https://ftp.ncbi.nlm.nih.gov/genomes/all/GCF/002/204/375/GCF_002204375.1_MunDraft-v1.0/GCF_002204375.1_MunDraft-v1.0_cds_from_genomic.fna.gz,https://ftp.ncbi.nlm.nih.gov/genomes/all/GCA/008/131/255/GCA_008131255.1_ASM813125v1/GCA_008131255.1_ASM813125v1_genomic.fna.gz,glires
10116,https://ftp.ncbi.nlm.nih.gov/genomes/all/GCF/015/227/675/GCF_015227675.2_mRatBN7.2/GCF_015227675.2_mRatBN7.2_cds_from_genomic.fna.gz,https://ftp.ncbi.nlm.nih.gov/genomes/all/GCA/000/001/895/GCA_000001895.4_Rnor_6.0/GCA_000001895.4_Rnor_6.0_genomic.fna.gz,glires
10116,https://ftp.ncbi.nlm.nih.gov/genomes/all/GCF/015/227/675/GCF_015227675.2_mRatBN7.2/GCF_015227675.2_mRatBN7.2_cds_from_genomic.fna.gz,https://ftp.ncbi.nlm.nih.gov/genomes/all/GCA/000/002/265/GCA_000002265.1_Rn_Celera/GCA_000002265.1_Rn_Celera_genomic.fna.gz,glires
10116,https://ftp.ncbi.nlm.nih.gov/genomes/all/GCF/015/227/675/GCF_015227675.2_mRatBN7.2/GCF_015227675.2_mRatBN7.2_cds_from_genomic.fna.gz,https://ftp.ncbi.nlm.nih.gov/genomes/all/GCA/015/244/455/GCA_015244455.1_mRatBN7.1_alternate_haplotype/GCA_015244455.1_mRatBN7.1_alternate_haplotype_genomic.fna.gz,glires
10116,https://ftp.ncbi.nlm.nih.gov/genomes/all/GCF/015/227/675/GCF_015227675.2_mRatBN7.2/GCF_015227675.2_mRatBN7.2_cds_from_genomic.fna.gz,https://ftp.ncbi.nlm.nih.gov/genomes/all/GCA/021/556/685/GCA_021556685.1_UTH_Rnor_SHRSP_BbbUtx_1.0/GCA_021556685.1_UTH_Rnor_SHRSP_BbbUtx_1.0_genomic.fna.gz,glires
10181,https://ftp.ncbi.nlm.nih.gov/genomes/all/GCF/000/247/695/GCF_000247695.1_HetGla_female_1.0/GCF_000247695.1_HetGla_female_1.0_cds_from_genomic.fna.gz,https://ftp.ncbi.nlm.nih.gov/genomes/all/GCA/000/230/445/GCA_000230445.1_HetGla_1.0/GCA_000230445.1_HetGla_1.0_genomic.fna.gz,glires
10181,https://ftp.ncbi.nlm.nih.gov/genomes/all/GCF/000/247/695/GCF_000247695.1_HetGla_female_1.0/GCF_000247695.1_HetGla_female_1.0_cds_from_genomic.fna.gz,https://ftp.ncbi.nlm.nih.gov/genomes/all/GCA/014/060/925/GCA_014060925.1_Heter_glaber.v1.7_hic_pac/GCA_014060925.1_Heter_glaber.v1.7_hic_pac_genomic.fna.gz,glires
27675,https://ftp.ncbi.nlm.nih.gov/genomes/all/GCF/015/220/235/GCF_015220235.1_mChoDid1.pri/GCF_015220235.1_mChoDid1.pri_cds_from_genomic.fna.gz,https://ftp.ncbi.nlm.nih.gov/genomes/all/GCA/004/027/855/GCA_004027855.1_ChoDid_v1_BIUU/GCA_004027855.1_ChoDid_v1_BIUU_genomic.fna.gz,eutheria
27675,https://ftp.ncbi.nlm.nih.gov/genomes/all/GCF/015/220/235/GCF_015220235.1_mChoDid1.pri/GCF_015220235.1_mChoDid1.pri_cds_from_genomic.fna.gz,https://ftp.ncbi.nlm.nih.gov/genomes/all/GCA/015/220/265/GCA_015220265.1_mChoDid1.alt/GCA_015220265.1_mChoDid1.alt_genomic.fna.gz,eutheria
30522,https://ftp.ncbi.nlm.nih.gov/genomes/all/GCF/003/369/695/GCF_003369695.1_UOA_Brahman_1/GCF_003369695.1_UOA_Brahman_1_cds_from_genomic.fna.gz,https://ftp.ncbi.nlm.nih.gov/genomes/all/GCA/003/369/685/GCA_003369685.2_UOA_Angus_1/GCA_003369685.2_UOA_Angus_1_genomic.fna.gz,cetartiodactyla
30522,https://ftp.ncbi.nlm.nih.gov/genomes/all/GCF/003/369/695/GCF_003369695.1_UOA_Brahman_1/GCF_003369695.1_UOA_Brahman_1_cds_from_genomic.fna.gz,https://ftp.ncbi.nlm.nih.gov/genomes/all/GCA/012/069/665/GCA_012069665.1_cow.Unzip_primary/GCA_012069665.1_cow.Unzip_primary_genomic.fna.gz,cetartiodactyla
30522,https://ftp.ncbi.nlm.nih.gov/genomes/all/GCF/003/369/695/GCF_003369695.1_UOA_Brahman_1/GCF_003369695.1_UOA_Brahman_1_cds_from_genomic.fna.gz,https://ftp.ncbi.nlm.nih.gov/genomes/all/GCA/012/070/425/GCA_012070425.1_cow.Unzip_haplotigs/GCA_012070425.1_cow.Unzip_haplotigs_genomic.fna.gz,cetartiodactyla
30522,https://ftp.ncbi.nlm.nih.gov/genomes/all/GCF/003/369/695/GCF_003369695.1_UOA_Brahman_1/GCF_003369695.1_UOA_Brahman_1_cds_from_genomic.fna.gz,https://ftp.ncbi.nlm.nih.gov/genomes/all/GCA/012/070/445/GCA_012070445.1_cow.phase1_contigs/GCA_012070445.1_cow.phase1_contigs_genomic.fna.gz,cetartiodactyla
30522,https://ftp.ncbi.nlm.nih.gov/genomes/all/GCF/003/369/695/GCF_003369695.1_UOA_Brahman_1/GCF_003369695.1_UOA_Brahman_1_cds_from_genomic.fna.gz,https://ftp.ncbi.nlm.nih.gov/genomes/all/GCA/012/070/465/GCA_012070465.1_cow.phase0_contigs/GCA_012070465.1_cow.phase0_contigs_genomic.fna.gz,cetartiodactyla
30522,https://ftp.ncbi.nlm.nih.gov/genomes/all/GCF/003/369/695/GCF_003369695.1_UOA_Brahman_1/GCF_003369695.1_UOA_Brahman_1_cds_from_genomic.fna.gz,https://ftp.ncbi.nlm.nih.gov/genomes/all/GCA/012/070/475/GCA_012070475.1_cow.phase0_scaffolds/GCA_012070475.1_cow.phase0_scaffolds_genomic.fna.gz,cetartiodactyla
30522,https://ftp.ncbi.nlm.nih.gov/genomes/all/GCF/003/369/695/GCF_003369695.1_UOA_Brahman_1/GCF_003369695.1_UOA_Brahman_1_cds_from_genomic.fna.gz,https://ftp.ncbi.nlm.nih.gov/genomes/all/GCA/012/070/485/GCA_012070485.1_cow.phase1_scaffolds/GCA_012070485.1_cow.phase1_scaffolds_genomic.fna.gz,cetartiodactyla
37029,https://ftp.ncbi.nlm.nih.gov/genomes/all/GCF/016/509/475/GCF_016509475.1_Fcat_Pben_1.1_paternal_pri/GCF_016509475.1_Fcat_Pben_1.1_paternal_pri_cds_from_genomic.fna.gz,https://ftp.ncbi.nlm.nih.gov/genomes/all/GCA/018/119/505/GCA_018119505.1_PriBen1.0/GCA_018119505.1_PriBen1.0_genomic.fna.gz,carnivora
37029,https://ftp.ncbi.nlm.nih.gov/genomes/all/GCF/016/509/475/GCF_016509475.1_Fcat_Pben_1.1_paternal_pri/GCF_016509475.1_Fcat_Pben_1.1_paternal_pri_cds_from_genomic.fna.gz,https://ftp.ncbi.nlm.nih.gov/genomes/all/GCA/005/406/085/GCA_005406085.2_Prionailurus_bengalensis_euptilurus_v03/GCA_005406085.2_Prionailurus_bengalensis_euptilurus_v03_genomic.fna.gz,carnivora
40151,https://ftp.ncbi.nlm.nih.gov/genomes/all/GCF/005/190/385/GCF_005190385.1_NGI_Narwhal_1/GCF_005190385.1_NGI_Narwhal_1_cds_from_genomic.fna.gz,https://ftp.ncbi.nlm.nih.gov/genomes/all/GCA/004/026/685/GCA_004026685.1_MonMon_M_v1_BIUU/GCA_004026685.1_MonMon_M_v1_BIUU_genomic.fna.gz,cetartiodactyla
40151,https://ftp.ncbi.nlm.nih.gov/genomes/all/GCF/005/190/385/GCF_005190385.1_NGI_Narwhal_1/GCF_005190385.1_NGI_Narwhal_1_cds_from_genomic.fna.gz,https://ftp.ncbi.nlm.nih.gov/genomes/all/GCA/004/027/045/GCA_004027045.1_MonMon_v1_BIUU/GCA_004027045.1_MonMon_v1_BIUU_genomic.fna.gz,cetartiodactyla
40151,https://ftp.ncbi.nlm.nih.gov/genomes/all/GCF/005/190/385/GCF_005190385.1_NGI_Narwhal_1/GCF_005190385.1_NGI_Narwhal_1_cds_from_genomic.fna.gz,https://ftp.ncbi.nlm.nih.gov/genomes/all/GCA/005/125/345/GCA_005125345.1_ASM512534v1/GCA_005125345.1_ASM512534v1_genomic.fna.gz,cetartiodactyla
43179,https://ftp.ncbi.nlm.nih.gov/genomes/all/GCF/016/881/025/GCF_016881025.1_HiC_Itri_2/GCF_016881025.1_HiC_Itri_2_cds_from_genomic.fna.gz,https://ftp.ncbi.nlm.nih.gov/genomes/all/GCA/000/181/315/GCA_000181315.1_ASM18131v1/GCA_000181315.1_ASM18131v1_genomic.fna.gz,glires
43179,https://ftp.ncbi.nlm.nih.gov/genomes/all/GCF/016/881/025/GCF_016881025.1_HiC_Itri_2/GCF_016881025.1_HiC_Itri_2_cds_from_genomic.fna.gz,https://ftp.ncbi.nlm.nih.gov/genomes/all/GCA/000/236/235/GCA_000236235.1_SpeTri2.0/GCA_000236235.1_SpeTri2.0_genomic.fna.gz,glires
43179,https://ftp.ncbi.nlm.nih.gov/genomes/all/GCF/016/881/025/GCF_016881025.1_HiC_Itri_2/GCF_016881025.1_HiC_Itri_2_cds_from_genomic.fna.gz,https://ftp.ncbi.nlm.nih.gov/genomes/all/GCA/004/006/685/GCA_004006685.1_ASM400668v1/GCA_004006685.1_ASM400668v1_genomic.fna.gz,glires
51337,https://ftp.ncbi.nlm.nih.gov/genomes/all/GCF/020/740/685/GCF_020740685.1_mJacJac1.mat.Y.cur/GCF_020740685.1_mJacJac1.mat.Y.cur_cds_from_genomic.fna.gz,https://ftp.ncbi.nlm.nih.gov/genomes/all/GCA/000/280/705/GCA_000280705.1_JacJac1.0/GCA_000280705.1_JacJac1.0_genomic.fna.gz,glires
51337,https://ftp.ncbi.nlm.nih.gov/genomes/all/GCF/020/740/685/GCF_020740685.1_mJacJac1.mat.Y.cur/GCF_020740685.1_mJacJac1.mat.Y.cur_cds_from_genomic.fna.gz,https://ftp.ncbi.nlm.nih.gov/genomes/all/GCA/020/740/715/GCA_020740715.1_mJacJac1.pat.decon/GCA_020740715.1_mJacJac1.pat.decon_genomic.fna.gz,glires
51338,https://ftp.ncbi.nlm.nih.gov/genomes/all/GCF/001/984/765/GCF_001984765.1_C.can_genome_v1.0/GCF_001984765.1_C.can_genome_v1.0_cds_from_genomic.fna.gz,https://ftp.ncbi.nlm.nih.gov/genomes/all/GCA/004/027/675/GCA_004027675.1_CasCan_v1_BIUU/GCA_004027675.1_CasCan_v1_BIUU_genomic.fna.gz,glires
51338,https://ftp.ncbi.nlm.nih.gov/genomes/all/GCF/001/984/765/GCF_001984765.1_C.can_genome_v1.0/GCF_001984765.1_C.can_genome_v1.0_cds_from_genomic.fna.gz,https://ftp.ncbi.nlm.nih.gov/genomes/all/GCA/009/822/645/GCA_009822645.1_ASM982264v1/GCA_009822645.1_ASM982264v1_genomic.fna.gz,glires
51338,https://ftp.ncbi.nlm.nih.gov/genomes/all/GCF/001/984/765/GCF_001984765.1_C.can_genome_v1.0/GCF_001984765.1_C.can_genome_v1.0_cds_from_genomic.fna.gz,https://ftp.ncbi.nlm.nih.gov/genomes/all/GCA/900/168/385/GCA_900168385.1_bgp_v1/GCA_900168385.1_bgp_v1_genomic.fna.gz,glires
59479,https://ftp.ncbi.nlm.nih.gov/genomes/all/GCF/004/115/265/GCF_004115265.1_mRhiFer1_v1.p/GCF_004115265.1_mRhiFer1_v1.p_cds_from_genomic.fna.gz,https://ftp.ncbi.nlm.nih.gov/genomes/all/GCA/000/465/495/GCA_000465495.1_ASM46549v1/GCA_000465495.1_ASM46549v1_genomic.fna.gz,laurasiatheria
59479,https://ftp.ncbi.nlm.nih.gov/genomes/all/GCF/004/115/265/GCF_004115265.1_mRhiFer1_v1.p/GCF_004115265.1_mRhiFer1_v1.p_cds_from_genomic.fna.gz,https://ftp.ncbi.nlm.nih.gov/genomes/all/GCA/004/115/295/GCA_004115295.1_mRhiFer1_v1.h/GCA_004115295.1_mRhiFer1_v1.h_genomic.fna.gz,laurasiatheria
59479,https://ftp.ncbi.nlm.nih.gov/genomes/all/GCF/004/115/265/GCF_004115265.1_mRhiFer1_v1.p/GCF_004115265.1_mRhiFer1_v1.p_cds_from_genomic.fna.gz,https://ftp.ncbi.nlm.nih.gov/genomes/all/GCA/007/922/735/GCA_007922735.1_RhiFer_v1_BIUU/GCA_007922735.1_RhiFer_v1_BIUU_genomic.fna.gz,laurasiatheria
59479,https://ftp.ncbi.nlm.nih.gov/genomes/all/GCF/004/115/265/GCF_004115265.1_mRhiFer1_v1.p/GCF_004115265.1_mRhiFer1_v1.p_cds_from_genomic.fna.gz,https://ftp.ncbi.nlm.nih.gov/genomes/all/GCA/014/108/255/GCA_014108255.1_mRhiFer1.p/GCA_014108255.1_mRhiFer1.p_genomic.fna.gz,laurasiatheria
60711,https://ftp.ncbi.nlm.nih.gov/genomes/all/GCF/015/252/025/GCF_015252025.1_Vero_WHO_p1.0/GCF_015252025.1_Vero_WHO_p1.0_cds_from_genomic.fna.gz,https://ftp.ncbi.nlm.nih.gov/genomes/all/GCA/000/409/795/GCA_000409795.2_Chlorocebus_sabeus_1.1/GCA_000409795.2_Chlorocebus_sabeus_1.1_genomic.fna.gz,primates
60711,https://ftp.ncbi.nlm.nih.gov/genomes/all/GCF/015/252/025/GCF_015252025.1_Vero_WHO_p1.0/GCF_015252025.1_Vero_WHO_p1.0_cds_from_genomic.fna.gz,https://ftp.ncbi.nlm.nih.gov/genomes/all/GCA/015/251/995/GCA_015251995.1_Vero_WHO_a1.0/GCA_015251995.1_Vero_WHO_a1.0_genomic.fna.gz,primates
61156,https://ftp.ncbi.nlm.nih.gov/genomes/all/GCF/011/762/505/GCF_011762505.1_mArvNil1.pat.X/GCF_011762505.1_mArvNil1.pat.X_cds_from_genomic.fna.gz,https://ftp.ncbi.nlm.nih.gov/genomes/all/GCA/011/750/645/GCA_011750645.1_mArvNil1.mat/GCA_011750645.1_mArvNil1.mat_genomic.fna.gz,glires
61156,https://ftp.ncbi.nlm.nih.gov/genomes/all/GCF/011/762/505/GCF_011762505.1_mArvNil1.pat.X/GCF_011762505.1_mArvNil1.pat.X_cds_from_genomic.fna.gz,https://ftp.ncbi.nlm.nih.gov/genomes/all/GCA/011/762/545/GCA_011762545.1_mArvNil1.pat/GCA_011762545.1_mArvNil1.pat_genomic.fna.gz,glires
89462,https://ftp.ncbi.nlm.nih.gov/genomes/all/GCF/019/923/935/GCF_019923935.1_NDDB_SH_1/GCF_019923935.1_NDDB_SH_1_cds_from_genomic.fna.gz,https://ftp.ncbi.nlm.nih.gov/genomes/all/GCA/000/180/995/GCA_000180995.3_Bubalus_bubalis_Jaffrabadi_v3.0/GCA_000180995.3_Bubalus_bubalis_Jaffrabadi_v3.0_genomic.fna.gz,cetartiodactyla
89462,https://ftp.ncbi.nlm.nih.gov/genomes/all/GCF/019/923/935/GCF_019923935.1_NDDB_SH_1/GCF_019923935.1_NDDB_SH_1_cds_from_genomic.fna.gz,https://ftp.ncbi.nlm.nih.gov/genomes/all/GCA/000/471/725/GCA_000471725.1_UMD_CASPUR_WB_2.0/GCA_000471725.1_UMD_CASPUR_WB_2.0_genomic.fna.gz,cetartiodactyla
89462,https://ftp.ncbi.nlm.nih.gov/genomes/all/GCF/019/923/935/GCF_019923935.1_NDDB_SH_1/GCF_019923935.1_NDDB_SH_1_cds_from_genomic.fna.gz,https://ftp.ncbi.nlm.nih.gov/genomes/all/GCA/002/993/835/GCA_002993835.1_ASM299383v1/GCA_002993835.1_ASM299383v1_genomic.fna.gz,cetartiodactyla
89462,https://ftp.ncbi.nlm.nih.gov/genomes/all/GCF/019/923/935/GCF_019923935.1_NDDB_SH_1/GCF_019923935.1_NDDB_SH_1_cds_from_genomic.fna.gz,https://ftp.ncbi.nlm.nih.gov/genomes/all/GCA/003/121/395/GCA_003121395.1_UOA_WB_1/GCA_003121395.1_UOA_WB_1_genomic.fna.gz,cetartiodactyla
89462,https://ftp.ncbi.nlm.nih.gov/genomes/all/GCF/019/923/935/GCF_019923935.1_NDDB_SH_1/GCF_019923935.1_NDDB_SH_1_cds_from_genomic.fna.gz,https://ftp.ncbi.nlm.nih.gov/genomes/all/GCA/004/794/615/GCA_004794615.1_Bubbub1.0/GCA_004794615.1_Bubbub1.0_genomic.fna.gz,cetartiodactyla
89462,https://ftp.ncbi.nlm.nih.gov/genomes/all/GCF/019/923/935/GCF_019923935.1_NDDB_SH_1/GCF_019923935.1_NDDB_SH_1_cds_from_genomic.fna.gz,https://ftp.ncbi.nlm.nih.gov/genomes/all/GCA/019/923/925/GCA_019923925.1_NDDB_DH_1/GCA_019923925.1_NDDB_DH_1_genomic.fna.gz,cetartiodactyla
89462,https://ftp.ncbi.nlm.nih.gov/genomes/all/GCF/019/923/935/GCF_019923935.1_NDDB_SH_1/GCF_019923935.1_NDDB_SH_1_cds_from_genomic.fna.gz,https://ftp.ncbi.nlm.nih.gov/genomes/all/GCA/905/249/985/GCA_905249985.1_Buffalo_MAGs/GCA_905249985.1_Buffalo_MAGs_genomic.fna.gz,cetartiodactyla
89673,https://ftp.ncbi.nlm.nih.gov/genomes/all/GCF/004/126/475/GCF_004126475.2_mPhyDis1.pri.v3/GCF_004126475.2_mPhyDis1.pri.v3_cds_from_genomic.fna.gz,https://ftp.ncbi.nlm.nih.gov/genomes/all/GCA/004/115/245/GCA_004115245.2_mPhyDis1.alti.v3/GCA_004115245.2_mPhyDis1.alti.v3_genomic.fna.gz,laurasiatheria
89673,https://ftp.ncbi.nlm.nih.gov/genomes/all/GCF/004/126/475/GCF_004126475.2_mPhyDis1.pri.v3/GCF_004126475.2_mPhyDis1.pri.v3_cds_from_genomic.fna.gz,https://ftp.ncbi.nlm.nih.gov/genomes/all/GCA/014/049/915/GCA_014049915.1_MPI-CBG_DAmar_mPhyDis1.p_v1.0/GCA_014049915.1_MPI-CBG_DAmar_mPhyDis1.p_v1.0_genomic.fna.gz,laurasiatheria
494514,https://ftp.ncbi.nlm.nih.gov/genomes/all/GCF/018/345/385/GCF_018345385.1_ASM1834538v1/GCF_018345385.1_ASM1834538v1_cds_from_genomic.fna.gz,https://ftp.ncbi.nlm.nih.gov/genomes/all/GCA/004/023/825/GCA_004023825.1_VulLag_v1_BIUU/GCA_004023825.1_VulLag_v1_BIUU_genomic.fna.gz,carnivora
494514,https://ftp.ncbi.nlm.nih.gov/genomes/all/GCF/018/345/385/GCF_018345385.1_ASM1834538v1/GCF_018345385.1_ASM1834538v1_cds_from_genomic.fna.gz,https://ftp.ncbi.nlm.nih.gov/genomes/all/GCA/018/835/635/GCA_018835635.1_NRM_Vlagopus_v1/GCA_018835635.1_NRM_Vlagopus_v1_genomic.fna.gz,carnivora