3055,https://ftp.ncbi.nlm.nih.gov/genomes/all/GCF/000/002/595/GCF_000002595.2_Chlamydomonas_reinhardtii_v5.5/GCF_000002595.2_Chlamydomonas_reinhardtii_v5.5_cds_from_genomic.fna.gz,https://ftp.ncbi.nlm.nih.gov/genomes/all/GCA/013/389/655/GCA_013389655.1_ASM1338965v1/GCA_013389655.1_ASM1338965v1_genomic.fna.gz,chlorophyta
3055,https://ftp.ncbi.nlm.nih.gov/genomes/all/GCF/000/002/595/GCF_000002595.2_Chlamydomonas_reinhardtii_v5.5/GCF_000002595.2_Chlamydomonas_reinhardtii_v5.5_cds_from_genomic.fna.gz,https://ftp.ncbi.nlm.nih.gov/genomes/all/GCA/018/257/845/GCA_018257845.1_ASM1825784v1/GCA_018257845.1_ASM1825784v1_genomic.fna.gz,chlorophyta
3075,https://ftp.ncbi.nlm.nih.gov/genomes/all/GCF/000/733/215/GCF_000733215.1_ASM73321v1/GCF_000733215.1_ASM73321v1_cds_from_genomic.fna.gz,https://ftp.ncbi.nlm.nih.gov/genomes/all/GCA/002/154/875/GCA_002154875.1_AuxProt1.0/GCA_002154875.1_AuxProt1.0_genomic.fna.gz,chlorophyta
3075,https://ftp.ncbi.nlm.nih.gov/genomes/all/GCF/000/733/215/GCF_000733215.1_ASM73321v1/GCF_000733215.1_ASM73321v1_cds_from_genomic.fna.gz,https://ftp.ncbi.nlm.nih.gov/genomes/all/GCA/003/709/365/GCA_003709365.1_ASM370936v1/GCA_003709365.1_ASM370936v1_genomic.fna.gz,chlorophyta
3562,https://ftp.ncbi.nlm.nih.gov/genomes/all/GCF/002/007/265/GCF_002007265.1_ASM200726v1/GCF_002007265.1_ASM200726v1_cds_from_genomic.fna.gz,https://ftp.ncbi.nlm.nih.gov/genomes/all/GCA/000/510/995/GCA_000510995.2_Spinach-1.0.3/GCA_000510995.2_Spinach-1.0.3_genomic.fna.gz,eudicots
3562,https://ftp.ncbi.nlm.nih.gov/genomes/all/GCF/002/007/265/GCF_002007265.1_ASM200726v1/GCF_002007265.1_ASM200726v1_cds_from_genomic.fna.gz,https://ftp.ncbi.nlm.nih.gov/genomes/all/GCA/019/972/175/GCA_019972175.1_SOL_r1.1/GCA_019972175.1_SOL_r1.1_genomic.fna.gz,eudicots
3562,https://ftp.ncbi.nlm.nih.gov/genomes/all/GCF/002/007/265/GCF_002007265.1_ASM200726v1/GCF_002007265.1_ASM200726v1_cds_from_genomic.fna.gz,https://ftp.ncbi.nlm.nih.gov/genomes/all/GCA/020/520/425/GCA_020520425.1_BTI_SOV_V1/GCA_020520425.1_BTI_SOV_V1_genomic.fna.gz,eudicots
3635,https://ftp.ncbi.nlm.nih.gov/genomes/all/GCF/007/990/345/GCF_007990345.1_Gossypium_hirsutum_v2.1/GCF_007990345.1_Gossypium_hirsutum_v2.1_cds_from_genomic.fna.gz,https://ftp.ncbi.nlm.nih.gov/genomes/all/GCA/000/987/745/GCA_000987745.1_ASM98774v1/GCA_000987745.1_ASM98774v1_genomic.fna.gz,eudicots
3635,https://ftp.ncbi.nlm.nih.gov/genomes/all/GCF/007/990/345/GCF_007990345.1_Gossypium_hirsutum_v2.1/GCF_007990345.1_Gossypium_hirsutum_v2.1_cds_from_genomic.fna.gz,https://ftp.ncbi.nlm.nih.gov/genomes/all/GCA/006/980/745/GCA_006980745.1_ASM698074v1/GCA_006980745.1_ASM698074v1_genomic.fna.gz,eudicots
3635,https://ftp.ncbi.nlm.nih.gov/genomes/all/GCF/007/990/345/GCF_007990345.1_Gossypium_hirsutum_v2.1/GCF_007990345.1_Gossypium_hirsutum_v2.1_cds_from_genomic.fna.gz,https://ftp.ncbi.nlm.nih.gov/genomes/all/GCA/006/980/775/GCA_006980775.1_ASM698077v1/GCA_006980775.1_ASM698077v1_genomic.fna.gz,eudicots
3635,https://ftp.ncbi.nlm.nih.gov/genomes/all/GCF/007/990/345/GCF_007990345.1_Gossypium_hirsutum_v2.1/GCF_007990345.1_Gossypium_hirsutum_v2.1_cds_from_genomic.fna.gz,https://ftp.ncbi.nlm.nih.gov/genomes/all/GCA/018/997/965/GCA_018997965.1_ASM1899796v1/GCA_018997965.1_ASM1899796v1_genomic.fna.gz,eudicots
3635,https://ftp.ncbi.nlm.nih.gov/genomes/all/GCF/007/990/345/GCF_007990345.1_Gossypium_hirsutum_v2.1/GCF_007990345.1_Gossypium_hirsutum_v2.1_cds_from_genomic.fna.gz,https://ftp.ncbi.nlm.nih.gov/genomes/all/GCA/021/461/685/GCA_021461685.1_ASM2146168v1/GCA_021461685.1_ASM2146168v1_genomic.fna.gz,eudicots
3635,https://ftp.ncbi.nlm.nih.gov/genomes/all/GCF/007/990/345/GCF_007990345.1_Gossypium_hirsutum_v2.1/GCF_007990345.1_Gossypium_hirsutum_v2.1_cds_from_genomic.fna.gz,https://ftp.ncbi.nlm.nih.gov/genomes/all/GCA/021/461/695/GCA_021461695.1_ASM2146169v1/GCA_021461695.1_ASM2146169v1_genomic.fna.gz,eudicots
3656,https://ftp.ncbi.nlm.nih.gov/genomes/all/GCF/000/313/045/GCF_000313045.1_ASM31304v1/GCF_000313045.1_ASM31304v1_cds_from_genomic.fna.gz,https://ftp.ncbi.nlm.nih.gov/genomes/all/GCA/011/762/645/GCA_011762645.1_UTNaro_melon_Harukei-3_ver1.40/GCA_011762645.1_UTNaro_melon_Harukei-3_ver1.40_genomic.fna.gz,eudicots
3656,https://ftp.ncbi.nlm.nih.gov/genomes/all/GCF/000/313/045/GCF_000313045.1_ASM31304v1/GCF_000313045.1_ASM31304v1_cds_from_genomic.fna.gz,https://ftp.ncbi.nlm.nih.gov/genomes/all/GCA/020/920/055/GCA_020920055.1_TAD_pseudomol_v1.0/GCA_020920055.1_TAD_pseudomol_v1.0_genomic.fna.gz,eudicots
3656,https://ftp.ncbi.nlm.nih.gov/genomes/all/GCF/000/313/045/GCF_000313045.1_ASM31304v1/GCF_000313045.1_ASM31304v1_cds_from_genomic.fna.gz,https://ftp.ncbi.nlm.nih.gov/genomes/all/GCA/020/920/065/GCA_020920065.1_DUL_pseudomol_v1.0/GCA_020920065.1_DUL_pseudomol_v1.0_genomic.fna.gz,eudicots
3656,https://ftp.ncbi.nlm.nih.gov/genomes/all/GCF/000/313/045/GCF_000313045.1_ASM31304v1/GCF_000313045.1_ASM31304v1_cds_from_genomic.fna.gz,https://ftp.ncbi.nlm.nih.gov/genomes/all/GCA/902/497/455/GCA_902497455.1_Melonv4/GCA_902497455.1_Melonv4_genomic.fna.gz,eudicots
3656,https://ftp.ncbi.nlm.nih.gov/genomes/all/GCF/000/313/045/GCF_000313045.1_ASM31304v1/GCF_000313045.1_ASM31304v1_cds_from_genomic.fna.gz,https://ftp.ncbi.nlm.nih.gov/genomes/all/GCA/014/525/375/GCA_014525375.1_ASM1452537v1/GCA_014525375.1_ASM1452537v1_genomic.fna.gz,eudicots
3656,https://ftp.ncbi.nlm.nih.gov/genomes/all/GCF/000/313/045/GCF_000313045.1_ASM31304v1/GCF_000313045.1_ASM31304v1_cds_from_genomic.fna.gz,https://ftp.ncbi.nlm.nih.gov/genomes/all/GCA/009/760/825/GCA_009760825.1_ASM976082v1/GCA_009760825.1_ASM976082v1_genomic.fna.gz,eudicots
3656,https://ftp.ncbi.nlm.nih.gov/genomes/all/GCF/000/313/045/GCF_000313045.1_ASM31304v1/GCF_000313045.1_ASM31304v1_cds_from_genomic.fna.gz,https://ftp.ncbi.nlm.nih.gov/genomes/all/GCA/005/549/215/GCA_005549215.1_ASM554921v1/GCA_005549215.1_ASM554921v1_genomic.fna.gz,eudicots
3656,https://ftp.ncbi.nlm.nih.gov/genomes/all/GCF/000/313/045/GCF_000313045.1_ASM31304v1/GCF_000313045.1_ASM31304v1_cds_from_genomic.fna.gz,https://ftp.ncbi.nlm.nih.gov/genomes/all/GCA/005/549/225/GCA_005549225.1_ASM554922v1/GCA_005549225.1_ASM554922v1_genomic.fna.gz,eudicots
3673,https://ftp.ncbi.nlm.nih.gov/genomes/all/GCF/001/995/035/GCF_001995035.1_ASM199503v1/GCF_001995035.1_ASM199503v1_cds_from_genomic.fna.gz,https://ftp.ncbi.nlm.nih.gov/genomes/all/GCA/013/281/855/GCA_013281855.1_Mcharantia_2.0/GCA_013281855.1_Mcharantia_2.0_genomic.fna.gz,eudicots
3673,https://ftp.ncbi.nlm.nih.gov/genomes/all/GCF/001/995/035/GCF_001995035.1_ASM199503v1/GCF_001995035.1_ASM199503v1_cds_from_genomic.fna.gz,https://ftp.ncbi.nlm.nih.gov/genomes/all/GCA/900/491/585/GCA_900491585.1_M._spontanea_TR/GCA_900491585.1_M._spontanea_TR_genomic.fna.gz,eudicots
3708,https://ftp.ncbi.nlm.nih.gov/genomes/all/GCF/000/686/985/GCF_000686985.2_Bra_napus_v2.0/GCF_000686985.2_Bra_napus_v2.0_cds_from_genomic.fna.gz,https://ftp.ncbi.nlm.nih.gov/genomes/all/GCA/000/751/015/GCA_000751015.1_AST_PRJEB5043_v1/GCA_000751015.1_AST_PRJEB5043_v1_genomic.fna.gz,brassicales
3708,https://ftp.ncbi.nlm.nih.gov/genomes/all/GCF/000/686/985/GCF_000686985.2_Bra_napus_v2.0/GCF_000686985.2_Bra_napus_v2.0_cds_from_genomic.fna.gz,https://ftp.ncbi.nlm.nih.gov/genomes/all/GCA/014/170/575/GCA_014170575.1_ASM1417057v1/GCA_014170575.1_ASM1417057v1_genomic.fna.gz,brassicales
3708,https://ftp.ncbi.nlm.nih.gov/genomes/all/GCF/000/686/985/GCF_000686985.2_Bra_napus_v2.0/GCF_000686985.2_Bra_napus_v2.0_cds_from_genomic.fna.gz,https://ftp.ncbi.nlm.nih.gov/genomes/all/GCA/020/379/485/GCA_020379485.1_Da-Ae/GCA_020379485.1_Da-Ae_genomic.fna.gz,brassicales
3711,https://ftp.ncbi.nlm.nih.gov/genomes/all/GCF/000/309/985/GCF_000309985.2_CAAS_Brap_v3.01/GCF_000309985.2_CAAS_Brap_v3.01_cds_from_genomic.fna.gz,https://ftp.ncbi.nlm.nih.gov/genomes/all/GCA/003/434/825/GCA_003434825.1_Brassica_rapa_FPsc_v1.3/GCA_003434825.1_Brassica_rapa_FPsc_v1.3_genomic.fna.gz,brassicales
3711,https://ftp.ncbi.nlm.nih.gov/genomes/all/GCF/000/309/985/GCF_000309985.2_CAAS_Brap_v3.01/GCF_000309985.2_CAAS_Brap_v3.01_cds_from_genomic.fna.gz,https://ftp.ncbi.nlm.nih.gov/genomes/all/GCA/016/163/755/GCA_016163755.1_ASM1616375v1/GCA_016163755.1_ASM1616375v1_genomic.fna.gz,brassicales
3711,https://ftp.ncbi.nlm.nih.gov/genomes/all/GCF/000/309/985/GCF_000309985.2_CAAS_Brap_v3.01/GCF_000309985.2_CAAS_Brap_v3.01_cds_from_genomic.fna.gz,https://ftp.ncbi.nlm.nih.gov/genomes/all/GCA/900/412/535/GCA_900412535.3_brapa_z1_v2/GCA_900412535.3_brapa_z1_v2_genomic.fna.gz,brassicales
3711,https://ftp.ncbi.nlm.nih.gov/genomes/all/GCF/000/309/985/GCF_000309985.2_CAAS_Brap_v3.01/GCF_000309985.2_CAAS_Brap_v3.01_cds_from_genomic.fna.gz,https://ftp.ncbi.nlm.nih.gov/genomes/all/GCA/018/901/965/GCA_018901965.1_BRT_1.0/GCA_018901965.1_BRT_1.0_genomic.fna.gz,brassicales
3711,https://ftp.ncbi.nlm.nih.gov/genomes/all/GCF/000/309/985/GCF_000309985.2_CAAS_Brap_v3.01/GCF_000309985.2_CAAS_Brap_v3.01_cds_from_genomic.fna.gz,https://ftp.ncbi.nlm.nih.gov/genomes/all/GCA/008/629/595/GCA_008629595.1_ASM862959v1/GCA_008629595.1_ASM862959v1_genomic.fna.gz,brassicales
3711,https://ftp.ncbi.nlm.nih.gov/genomes/all/GCF/000/309/985/GCF_000309985.2_CAAS_Brap_v3.01/GCF_000309985.2_CAAS_Brap_v3.01_cds_from_genomic.fna.gz,https://ftp.ncbi.nlm.nih.gov/genomes/all/GCA/017/639/395/GCA_017639395.1_SCU_BraROA_2.3/GCA_017639395.1_SCU_BraROA_2.3_genomic.fna.gz,brassicales
3712,https://ftp.ncbi.nlm.nih.gov/genomes/all/GCF/000/695/525/GCF_000695525.1_BOL/GCF_000695525.1_BOL_cds_from_genomic.fna.gz,https://ftp.ncbi.nlm.nih.gov/genomes/all/GCA/900/416/815/GCA_900416815.2_Brassica_oleracea_HDEM/GCA_900416815.2_Brassica_oleracea_HDEM_genomic.fna.gz,brassicales
3712,https://ftp.ncbi.nlm.nih.gov/genomes/all/GCF/000/695/525/GCF_000695525.1_BOL/GCF_000695525.1_BOL_cds_from_genomic.fna.gz,https://ftp.ncbi.nlm.nih.gov/genomes/all/GCA/000/604/025/GCA_000604025.1_BOL_v1.0/GCA_000604025.1_BOL_v1.0_genomic.fna.gz,brassicales
3712,https://ftp.ncbi.nlm.nih.gov/genomes/all/GCF/000/695/525/GCF_000695525.1_BOL/GCF_000695525.1_BOL_cds_from_genomic.fna.gz,https://ftp.ncbi.nlm.nih.gov/genomes/all/GCA/018/177/695/GCA_018177695.1_Cabbage_OX-heart_923_BVRC/GCA_018177695.1_Cabbage_OX-heart_923_BVRC_genomic.fna.gz,brassicales
3712,https://ftp.ncbi.nlm.nih.gov/genomes/all/GCF/000/695/525/GCF_000695525.1_BOL/GCF_000695525.1_BOL_cds_from_genomic.fna.gz,https://ftp.ncbi.nlm.nih.gov/genomes/all/GCA/902/726/615/GCA_902726615.1_bol-D134-Reference/GCA_902726615.1_bol-D134-Reference_genomic.fna.gz,brassicales
3750,https://ftp.ncbi.nlm.nih.gov/genomes/all/GCF/002/114/115/GCF_002114115.1_ASM211411v1/GCF_002114115.1_ASM211411v1_cds_from_genomic.fna.gz,https://ftp.ncbi.nlm.nih.gov/genomes/all/GCA/000/148/765/GCA_000148765.2_MalDomGD1.0/GCA_000148765.2_MalDomGD1.0_genomic.fna.gz,eudicots
3750,https://ftp.ncbi.nlm.nih.gov/genomes/all/GCF/002/114/115/GCF_002114115.1_ASM211411v1/GCF_002114115.1_ASM211411v1_cds_from_genomic.fna.gz,https://ftp.ncbi.nlm.nih.gov/genomes/all/GCA/004/115/385/GCA_004115385.1_ASM411538v1/GCA_004115385.1_ASM411538v1_genomic.fna.gz,eudicots
3750,https://ftp.ncbi.nlm.nih.gov/genomes/all/GCF/002/114/115/GCF_002114115.1_ASM211411v1/GCF_002114115.1_ASM211411v1_cds_from_genomic.fna.gz,https://ftp.ncbi.nlm.nih.gov/genomes/all/GCA/916/048/125/GCA_916048125.1_drMalDome10.1_alternate_haplotype/GCA_916048125.1_drMalDome10.1_alternate_haplotype_genomic.fna.gz,eudicots
3750,https://ftp.ncbi.nlm.nih.gov/genomes/all/GCF/002/114/115/GCF_002114115.1_ASM211411v1/GCF_002114115.1_ASM211411v1_cds_from_genomic.fna.gz,https://ftp.ncbi.nlm.nih.gov/genomes/all/GCA/916/050/505/GCA_916050505.1_drMalDome10.1/GCA_916050505.1_drMalDome10.1_genomic.fna.gz,eudicots
3750,https://ftp.ncbi.nlm.nih.gov/genomes/all/GCF/002/114/115/GCF_002114115.1_ASM211411v1/GCF_002114115.1_ASM211411v1_cds_from_genomic.fna.gz,https://ftp.ncbi.nlm.nih.gov/genomes/all/GCA/916/612/005/GCA_916612005.1_drMalDome11.1/GCA_916612005.1_drMalDome11.1_genomic.fna.gz,eudicots
3750,https://ftp.ncbi.nlm.nih.gov/genomes/all/GCF/002/114/115/GCF_002114115.1_ASM211411v1/GCF_002114115.1_ASM211411v1_cds_from_genomic.fna.gz,https://ftp.ncbi.nlm.nih.gov/genomes/all/GCA/916/614/045/GCA_916614045.1_drMalDome11.1_alternate_haplotype/GCA_916614045.1_drMalDome11.1_alternate_haplotype_genomic.fna.gz,eudicots
3750,https://ftp.ncbi.nlm.nih.gov/genomes/all/GCF/002/114/115/GCF_002114115.1_ASM211411v1/GCF_002114115.1_ASM211411v1_cds_from_genomic.fna.gz,https://ftp.ncbi.nlm.nih.gov/genomes/all/GCA/916/614/085/GCA_916614085.1_drMalDome58.1_alternate_haplotype/GCA_916614085.1_drMalDome58.1_alternate_haplotype_genomic.fna.gz,eudicots
3750,https://ftp.ncbi.nlm.nih.gov/genomes/all/GCF/002/114/115/GCF_002114115.1_ASM211411v1/GCF_002114115.1_ASM211411v1_cds_from_genomic.fna.gz,https://ftp.ncbi.nlm.nih.gov/genomes/all/GCA/916/614/885/GCA_916614885.1_drMalDome5.1_alternate_haplotype/GCA_916614885.1_drMalDome5.1_alternate_haplotype_genomic.fna.gz,eudicots
3750,https://ftp.ncbi.nlm.nih.gov/genomes/all/GCF/002/114/115/GCF_002114115.1_ASM211411v1/GCF_002114115.1_ASM211411v1_cds_from_genomic.fna.gz,https://ftp.ncbi.nlm.nih.gov/genomes/all/GCA/916/615/275/GCA_916615275.1_drMalDome58.1/GCA_916615275.1_drMalDome58.1_genomic.fna.gz,eudicots
3750,https://ftp.ncbi.nlm.nih.gov/genomes/all/GCF/002/114/115/GCF_002114115.1_ASM211411v1/GCF_002114115.1_ASM211411v1_cds_from_genomic.fna.gz,https://ftp.ncbi.nlm.nih.gov/genomes/all/GCA/916/615/385/GCA_916615385.1_drMalDome5.1/GCA_916615385.1_drMalDome5.1_genomic.fna.gz,eudicots
3755,https://ftp.ncbi.nlm.nih.gov/genomes/all/GCF/902/201/215/GCF_902201215.1_ALMONDv2/GCF_902201215.1_ALMONDv2_cds_from_genomic.fna.gz,https://ftp.ncbi.nlm.nih.gov/genomes/all/GCA/008/632/915/GCA_008632915.2_ASM863291v2/GCA_008632915.2_ASM863291v2_genomic.fna.gz,eudicots
3755,https://ftp.ncbi.nlm.nih.gov/genomes/all/GCF/902/201/215/GCF_902201215.1_ALMONDv2/GCF_902201215.1_ALMONDv2_cds_from_genomic.fna.gz,https://ftp.ncbi.nlm.nih.gov/genomes/all/GCA/021/292/205/GCA_021292205.1_OSU_Pdulci_2.0/GCA_021292205.1_OSU_Pdulci_2.0_genomic.fna.gz,eudicots
3760,https://ftp.ncbi.nlm.nih.gov/genomes/all/GCF/000/346/465/GCF_000346465.2_Prunus_persica_NCBIv2/GCF_000346465.2_Prunus_persica_NCBIv2_cds_from_genomic.fna.gz,https://ftp.ncbi.nlm.nih.gov/genomes/all/GCA/000/218/175/GCA_000218175.1_PrunusPersicaDD_1.0/GCA_000218175.1_PrunusPersicaDD_1.0_genomic.fna.gz,eudicots
3760,https://ftp.ncbi.nlm.nih.gov/genomes/all/GCF/000/346/465/GCF_000346465.2_Prunus_persica_NCBIv2/GCF_000346465.2_Prunus_persica_NCBIv2_cds_from_genomic.fna.gz,https://ftp.ncbi.nlm.nih.gov/genomes/all/GCA/000/218/195/GCA_000218195.1_PrunusPersicaGB_1.0/GCA_000218195.1_PrunusPersicaGB_1.0_genomic.fna.gz,eudicots
3760,https://ftp.ncbi.nlm.nih.gov/genomes/all/GCF/000/346/465/GCF_000346465.2_Prunus_persica_NCBIv2/GCF_000346465.2_Prunus_persica_NCBIv2_cds_from_genomic.fna.gz,https://ftp.ncbi.nlm.nih.gov/genomes/all/GCA/000/218/215/GCA_000218215.1_PrunusPersicaF8_1.0/GCA_000218215.1_PrunusPersicaF8_1.0_genomic.fna.gz,eudicots
3760,https://ftp.ncbi.nlm.nih.gov/genomes/all/GCF/000/346/465/GCF_000346465.2_Prunus_persica_NCBIv2/GCF_000346465.2_Prunus_persica_NCBIv2_cds_from_genomic.fna.gz,https://ftp.ncbi.nlm.nih.gov/genomes/all/GCA/015/730/445/GCA_015730445.1_ASM1573044v1/GCA_015730445.1_ASM1573044v1_genomic.fna.gz,eudicots
3760,https://ftp.ncbi.nlm.nih.gov/genomes/all/GCF/000/346/465/GCF_000346465.2_Prunus_persica_NCBIv2/GCF_000346465.2_Prunus_persica_NCBIv2_cds_from_genomic.fna.gz,https://ftp.ncbi.nlm.nih.gov/genomes/all/GCA/018/340/835/GCA_018340835.1_ASM1834083v1/GCA_018340835.1_ASM1834083v1_genomic.fna.gz,eudicots
3760,https://ftp.ncbi.nlm.nih.gov/genomes/all/GCF/000/346/465/GCF_000346465.2_Prunus_persica_NCBIv2/GCF_000346465.2_Prunus_persica_NCBIv2_cds_from_genomic.fna.gz,https://ftp.ncbi.nlm.nih.gov/genomes/all/GCA/019/209/885/GCA_019209885.1_ASM1920988v1/GCA_019209885.1_ASM1920988v1_genomic.fna.gz,eudicots
3760,https://ftp.ncbi.nlm.nih.gov/genomes/all/GCF/000/346/465/GCF_000346465.2_Prunus_persica_NCBIv2/GCF_000346465.2_Prunus_persica_NCBIv2_cds_from_genomic.fna.gz,https://ftp.ncbi.nlm.nih.gov/genomes/all/GCA/020/226/405/GCA_020226405.1_GTY_assembly/GCA_020226405.1_GTY_assembly_genomic.fna.gz,eudicots
3818,https://ftp.ncbi.nlm.nih.gov/genomes/all/GCF/003/086/295/GCF_003086295.2_arahy.Tifrunner.gnm1.KYV3/GCF_003086295.2_arahy.Tifrunner.gnm1.KYV3_cds_from_genomic.fna.gz,https://ftp.ncbi.nlm.nih.gov/genomes/all/GCA/003/713/155/GCA_003713155.1_ASM371315v1/GCA_003713155.1_ASM371315v1_genomic.fna.gz,fabales
3818,https://ftp.ncbi.nlm.nih.gov/genomes/all/GCF/003/086/295/GCF_003086295.2_arahy.Tifrunner.gnm1.KYV3/GCF_003086295.2_arahy.Tifrunner.gnm1.KYV3_cds_from_genomic.fna.gz,https://ftp.ncbi.nlm.nih.gov/genomes/all/GCA/004/170/445/GCA_004170445.1_ASM417044v1/GCA_004170445.1_ASM417044v1_genomic.fna.gz,fabales
3818,https://ftp.ncbi.nlm.nih.gov/genomes/all/GCF/003/086/295/GCF_003086295.2_arahy.Tifrunner.gnm1.KYV3/GCF_003086295.2_arahy.Tifrunner.gnm1.KYV3_cds_from_genomic.fna.gz,https://ftp.ncbi.nlm.nih.gov/genomes/all/GCA/016/103/905/GCA_016103905.1_Haihua1_v1/GCA_016103905.1_Haihua1_v1_genomic.fna.gz,fabales
3818,https://ftp.ncbi.nlm.nih.gov/genomes/all/GCF/003/086/295/GCF_003086295.2_arahy.Tifrunner.gnm1.KYV3/GCF_003086295.2_arahy.Tifrunner.gnm1.KYV3_cds_from_genomic.fna.gz,https://ftp.ncbi.nlm.nih.gov/genomes/all/GCA/019/914/975/GCA_019914975.1_ASM1991497v1/GCA_019914975.1_ASM1991497v1_genomic.fna.gz,fabales
3818,https://ftp.ncbi.nlm.nih.gov/genomes/all/GCF/003/086/295/GCF_003086295.2_arahy.Tifrunner.gnm1.KYV3/GCF_003086295.2_arahy.Tifrunner.gnm1.KYV3_cds_from_genomic.fna.gz,https://ftp.ncbi.nlm.nih.gov/genomes/all/GCA/019/915/045/GCA_019915045.1_ASM1991504v1/GCA_019915045.1_ASM1991504v1_genomic.fna.gz,fabales
3821,https://ftp.ncbi.nlm.nih.gov/genomes/all/GCF/000/340/665/GCF_000340665.1_C.cajan_V1.0/GCF_000340665.1_C.cajan_V1.0_cds_from_genomic.fna.gz,https://ftp.ncbi.nlm.nih.gov/genomes/all/GCA/000/230/855/GCA_000230855.2_Pigeonpea-Version-2.0/GCA_000230855.2_Pigeonpea-Version-2.0_genomic.fna.gz,fabales
3821,https://ftp.ncbi.nlm.nih.gov/genomes/all/GCF/000/340/665/GCF_000340665.1_C.cajan_V1.0/GCF_000340665.1_C.cajan_V1.0_cds_from_genomic.fna.gz,https://ftp.ncbi.nlm.nih.gov/genomes/all/GCA/015/227/855/GCA_015227855.1_Cajanus_cajan_v3.0/GCA_015227855.1_Cajanus_cajan_v3.0_genomic.fna.gz,fabales
3827,https://ftp.ncbi.nlm.nih.gov/genomes/all/GCF/000/331/145/GCF_000331145.1_ASM33114v1/GCF_000331145.1_ASM33114v1_cds_from_genomic.fna.gz,https://ftp.ncbi.nlm.nih.gov/genomes/all/GCA/000/347/275/GCA_000347275.4_ASM34727v4/GCA_000347275.4_ASM34727v4_genomic.fna.gz,fabales
3827,https://ftp.ncbi.nlm.nih.gov/genomes/all/GCF/000/331/145/GCF_000331145.1_ASM33114v1/GCF_000331145.1_ASM33114v1_cds_from_genomic.fna.gz,https://ftp.ncbi.nlm.nih.gov/genomes/all/GCA/002/896/005/GCA_002896005.2_CDCFrontier_v0.5/GCA_002896005.2_CDCFrontier_v0.5_genomic.fna.gz,fabales
3827,https://ftp.ncbi.nlm.nih.gov/genomes/all/GCF/000/331/145/GCF_000331145.1_ASM33114v1/GCF_000331145.1_ASM33114v1_cds_from_genomic.fna.gz,https://ftp.ncbi.nlm.nih.gov/genomes/all/GCA/006/151/565/GCA_006151565.1_ASM615156v1/GCA_006151565.1_ASM615156v1_genomic.fna.gz,fabales
3827,https://ftp.ncbi.nlm.nih.gov/genomes/all/GCF/000/331/145/GCF_000331145.1_ASM33114v1/GCF_000331145.1_ASM33114v1_cds_from_genomic.fna.gz,https://ftp.ncbi.nlm.nih.gov/genomes/all/GCA/006/345/785/GCA_006345785.1_ASM634578v1/GCA_006345785.1_ASM634578v1_genomic.fna.gz,fabales
3848,https://ftp.ncbi.nlm.nih.gov/genomes/all/GCF/004/193/775/GCF_004193775.1_ASM419377v2/GCF_004193775.1_ASM419377v2_cds_from_genomic.fna.gz,https://ftp.ncbi.nlm.nih.gov/genomes/all/GCA/000/722/935/GCA_000722935.2_W05v1.0/GCA_000722935.2_W05v1.0_genomic.fna.gz,fabales
3848,https://ftp.ncbi.nlm.nih.gov/genomes/all/GCF/004/193/775/GCF_004193775.1_ASM419377v2/GCF_004193775.1_ASM419377v2_cds_from_genomic.fna.gz,https://ftp.ncbi.nlm.nih.gov/genomes/all/GCA/002/907/465/GCA_002907465.1_glyso.PI483463.gnm1/GCA_002907465.1_glyso.PI483463.gnm1_genomic.fna.gz,fabales
3848,https://ftp.ncbi.nlm.nih.gov/genomes/all/GCF/004/193/775/GCF_004193775.1_ASM419377v2/GCF_004193775.1_ASM419377v2_cds_from_genomic.fna.gz,https://ftp.ncbi.nlm.nih.gov/genomes/all/GCA/014/282/345/GCA_014282345.1_WHFS_GsojaF_1.0/GCA_014282345.1_WHFS_GsojaF_1.0_genomic.fna.gz,fabales
3871,https://ftp.ncbi.nlm.nih.gov/genomes/all/GCF/001/865/875/GCF_001865875.1_LupAngTanjil_v1.0/GCF_001865875.1_LupAngTanjil_v1.0_cds_from_genomic.fna.gz,https://ftp.ncbi.nlm.nih.gov/genomes/all/GCA/000/338/175/GCA_000338175.1_Lupin_genome_scaffold/GCA_000338175.1_Lupin_genome_scaffold_genomic.fna.gz,fabales
3871,https://ftp.ncbi.nlm.nih.gov/genomes/all/GCF/001/865/875/GCF_001865875.1_LupAngTanjil_v1.0/GCF_001865875.1_LupAngTanjil_v1.0_cds_from_genomic.fna.gz,https://ftp.ncbi.nlm.nih.gov/genomes/all/GCA/002/285/895/GCA_002285895.2_ASM228589v2/GCA_002285895.2_ASM228589v2_genomic.fna.gz,fabales
3880,https://ftp.ncbi.nlm.nih.gov/genomes/all/GCF/003/473/485/GCF_003473485.1_MtrunA17r5.0-ANR/GCF_003473485.1_MtrunA17r5.0-ANR_cds_from_genomic.fna.gz,https://ftp.ncbi.nlm.nih.gov/genomes/all/GCA/000/219/495/GCA_000219495.2_MedtrA17_4.0/GCA_000219495.2_MedtrA17_4.0_genomic.fna.gz,fabales
3880,https://ftp.ncbi.nlm.nih.gov/genomes/all/GCF/003/473/485/GCF_003473485.1_MtrunA17r5.0-ANR/GCF_003473485.1_MtrunA17r5.0-ANR_cds_from_genomic.fna.gz,https://ftp.ncbi.nlm.nih.gov/genomes/all/GCA/002/024/945/GCA_002024945.1_R108_v._1.0/GCA_002024945.1_R108_v._1.0_genomic.fna.gz,fabales
3880,https://ftp.ncbi.nlm.nih.gov/genomes/all/GCF/003/473/485/GCF_003473485.1_MtrunA17r5.0-ANR/GCF_003473485.1_MtrunA17r5.0-ANR_cds_from_genomic.fna.gz,https://ftp.ncbi.nlm.nih.gov/genomes/all/GCA/002/251/925/GCA_002251925.1_hm034.alpaca.scaffolds/GCA_002251925.1_hm034.alpaca.scaffolds_genomic.fna.gz,fabales
3880,https://ftp.ncbi.nlm.nih.gov/genomes/all/GCF/003/473/485/GCF_003473485.1_MtrunA17r5.0-ANR/GCF_003473485.1_MtrunA17r5.0-ANR_cds_from_genomic.fna.gz,https://ftp.ncbi.nlm.nih.gov/genomes/all/GCA/002/251/935/GCA_002251935.1_hm340.alpaca.scaffolds/GCA_002251935.1_hm340.alpaca.scaffolds_genomic.fna.gz,fabales
3880,https://ftp.ncbi.nlm.nih.gov/genomes/all/GCF/003/473/485/GCF_003473485.1_MtrunA17r5.0-ANR/GCF_003473485.1_MtrunA17r5.0-ANR_cds_from_genomic.fna.gz,https://ftp.ncbi.nlm.nih.gov/genomes/all/GCA/002/251/955/GCA_002251955.1_hm056.alpaca.scaffolds/GCA_002251955.1_hm056.alpaca.scaffolds_genomic.fna.gz,fabales
3885,https://ftp.ncbi.nlm.nih.gov/genomes/all/GCF/000/499/845/GCF_000499845.1_PhaVulg1_0/GCF_000499845.1_PhaVulg1_0_cds_from_genomic.fna.gz,https://ftp.ncbi.nlm.nih.gov/genomes/all/GCA/001/517/995/GCA_001517995.1_phasIbeam10.0/GCA_001517995.1_phasIbeam10.0_genomic.fna.gz,fabales
3885,https://ftp.ncbi.nlm.nih.gov/genomes/all/GCF/000/499/845/GCF_000499845.1_PhaVulg1_0/GCF_000499845.1_PhaVulg1_0_cds_from_genomic.fna.gz,https://ftp.ncbi.nlm.nih.gov/genomes/all/GCA/015/708/805/GCA_015708805.1_OAC-Rex_P_vulgaris/GCA_015708805.1_OAC-Rex_P_vulgaris_genomic.fna.gz,fabales
3885,https://ftp.ncbi.nlm.nih.gov/genomes/all/GCF/000/499/845/GCF_000499845.1_PhaVulg1_0/GCF_000499845.1_PhaVulg1_0_cds_from_genomic.fna.gz,https://ftp.ncbi.nlm.nih.gov/genomes/all/GCA/016/509/735/GCA_016509735.1_ASM1650973v1/GCA_016509735.1_ASM1650973v1_genomic.fna.gz,fabales
3885,https://ftp.ncbi.nlm.nih.gov/genomes/all/GCF/000/499/845/GCF_000499845.1_PhaVulg1_0/GCF_000499845.1_PhaVulg1_0_cds_from_genomic.fna.gz,https://ftp.ncbi.nlm.nih.gov/genomes/all/GCA/016/509/755/GCA_016509755.1_ASM1650975v1/GCA_016509755.1_ASM1650975v1_genomic.fna.gz,fabales
3914,https://ftp.ncbi.nlm.nih.gov/genomes/all/GCF/001/190/045/GCF_001190045.1_Vigan1.1/GCF_001190045.1_Vigan1.1_cds_from_genomic.fna.gz,https://ftp.ncbi.nlm.nih.gov/genomes/all/GCA/016/808/095/GCA_016808095.1_ASM1680809v1/GCA_016808095.1_ASM1680809v1_genomic.fna.gz,fabales
3914,https://ftp.ncbi.nlm.nih.gov/genomes/all/GCF/001/190/045/GCF_001190045.1_Vigan1.1/GCF_001190045.1_Vigan1.1_cds_from_genomic.fna.gz,https://ftp.ncbi.nlm.nih.gov/genomes/all/GCA/000/465/365/GCA_000465365.1_Vigna_angularis/GCA_000465365.1_Vigna_angularis_genomic.fna.gz,fabales
3914,https://ftp.ncbi.nlm.nih.gov/genomes/all/GCF/001/190/045/GCF_001190045.1_Vigan1.1/GCF_001190045.1_Vigan1.1_cds_from_genomic.fna.gz,https://ftp.ncbi.nlm.nih.gov/genomes/all/GCA/001/723/775/GCA_001723775.1_ASM172377v1/GCA_001723775.1_ASM172377v1_genomic.fna.gz,fabales
3914,https://ftp.ncbi.nlm.nih.gov/genomes/all/GCF/001/190/045/GCF_001190045.1_Vigan1.1/GCF_001190045.1_Vigan1.1_cds_from_genomic.fna.gz,https://ftp.ncbi.nlm.nih.gov/genomes/all/GCA/004/320/505/GCA_004320505.1_Vangularis_v1/GCA_004320505.1_Vangularis_v1_genomic.fna.gz,fabales
3917,https://ftp.ncbi.nlm.nih.gov/genomes/all/GCF/004/118/075/GCF_004118075.1_ASM411807v1/GCF_004118075.1_ASM411807v1_cds_from_genomic.fna.gz,https://ftp.ncbi.nlm.nih.gov/genomes/all/GCA/001/687/525/GCA_001687525.1_Cowpea_0.03/GCA_001687525.1_Cowpea_0.03_genomic.fna.gz,fabales
3917,https://ftp.ncbi.nlm.nih.gov/genomes/all/GCF/004/118/075/GCF_004118075.1_ASM411807v1/GCF_004118075.1_ASM411807v1_cds_from_genomic.fna.gz,https://ftp.ncbi.nlm.nih.gov/genomes/all/GCA/019/650/155/GCA_019650155.1_Vund_1.0/GCA_019650155.1_Vund_1.0_genomic.fna.gz,fabales
3981,https://ftp.ncbi.nlm.nih.gov/genomes/all/GCF/001/654/055/GCF_001654055.1_ASM165405v1/GCF_001654055.1_ASM165405v1_cds_from_genomic.fna.gz,https://ftp.ncbi.nlm.nih.gov/genomes/all/GCA/000/340/545/GCA_000340545.1_Hevbra_1.0/GCA_000340545.1_Hevbra_1.0_genomic.fna.gz,eudicots
3981,https://ftp.ncbi.nlm.nih.gov/genomes/all/GCF/001/654/055/GCF_001654055.1_ASM165405v1/GCF_001654055.1_ASM165405v1_cds_from_genomic.fna.gz,https://ftp.ncbi.nlm.nih.gov/genomes/all/GCA/001/907/995/GCA_001907995.1_ASM190799v1/GCA_001907995.1_ASM190799v1_genomic.fna.gz,eudicots
3981,https://ftp.ncbi.nlm.nih.gov/genomes/all/GCF/001/654/055/GCF_001654055.1_ASM165405v1/GCF_001654055.1_ASM165405v1_cds_from_genomic.fna.gz,https://ftp.ncbi.nlm.nih.gov/genomes/all/GCA/002/003/025/GCA_002003025.1_HbrasiliensisBPM24_01/GCA_002003025.1_HbrasiliensisBPM24_01_genomic.fna.gz,eudicots
3981,https://ftp.ncbi.nlm.nih.gov/genomes/all/GCF/001/654/055/GCF_001654055.1_ASM165405v1/GCF_001654055.1_ASM165405v1_cds_from_genomic.fna.gz,https://ftp.ncbi.nlm.nih.gov/genomes/all/GCA/010/458/925/GCA_010458925.1_ASM1045892v1/GCA_010458925.1_ASM1045892v1_genomic.fna.gz,eudicots
3983,https://ftp.ncbi.nlm.nih.gov/genomes/all/GCF/001/659/605/GCF_001659605.2_M.esculenta_v8/GCF_001659605.2_M.esculenta_v8_cds_from_genomic.fna.gz,https://ftp.ncbi.nlm.nih.gov/genomes/all/GCA/000/737/115/GCA_000737115.1_MK_v2b/GCA_000737115.1_MK_v2b_genomic.fna.gz,eudicots
3983,https://ftp.ncbi.nlm.nih.gov/genomes/all/GCF/001/659/605/GCF_001659605.2_M.esculenta_v8/GCF_001659605.2_M.esculenta_v8_cds_from_genomic.fna.gz,https://ftp.ncbi.nlm.nih.gov/genomes/all/GCA/003/957/885/GCA_003957885.1_ASM395788v1/GCA_003957885.1_ASM395788v1_genomic.fna.gz,eudicots
3983,https://ftp.ncbi.nlm.nih.gov/genomes/all/GCF/001/659/605/GCF_001659605.2_M.esculenta_v8/GCF_001659605.2_M.esculenta_v8_cds_from_genomic.fna.gz,https://ftp.ncbi.nlm.nih.gov/genomes/all/GCA/003/957/995/GCA_003957995.1_ASM395799v1/GCA_003957995.1_ASM395799v1_genomic.fna.gz,eudicots
3983,https://ftp.ncbi.nlm.nih.gov/genomes/all/GCF/001/659/605/GCF_001659605.2_M.esculenta_v8/GCF_001659605.2_M.esculenta_v8_cds_from_genomic.fna.gz,https://ftp.ncbi.nlm.nih.gov/genomes/all/GCA/013/618/965/GCA_013618965.1_ASM1361896v1/GCA_013618965.1_ASM1361896v1_genomic.fna.gz,eudicots
3983,https://ftp.ncbi.nlm.nih.gov/genomes/all/GCF/001/659/605/GCF_001659605.2_M.esculenta_v8/GCF_001659605.2_M.esculenta_v8_cds_from_genomic.fna.gz,https://ftp.ncbi.nlm.nih.gov/genomes/all/GCA/020/916/425/GCA_020916425.1_hifiasm152_l3.hic.hap2.p_ctg/GCA_020916425.1_hifiasm152_l3.hic.hap2.p_ctg_genomic.fna.gz,eudicots
3983,https://ftp.ncbi.nlm.nih.gov/genomes/all/GCF/001/659/605/GCF_001659605.2_M.esculenta_v8/GCF_001659605.2_M.esculenta_v8_cds_from_genomic.fna.gz,https://ftp.ncbi.nlm.nih.gov/genomes/all/GCA/020/916/445/GCA_020916445.1_hifiasm152_l3.hic.hap1.p_ctg/GCA_020916445.1_hifiasm152_l3.hic.hap1.p_ctg_genomic.fna.gz,eudicots
3983,https://ftp.ncbi.nlm.nih.gov/genomes/all/GCF/001/659/605/GCF_001659605.2_M.esculenta_v8/GCF_001659605.2_M.esculenta_v8_cds_from_genomic.fna.gz,https://ftp.ncbi.nlm.nih.gov/genomes/all/GCA/000/737/105/GCA_000737105.1_MW_v2d/GCA_000737105.1_MW_v2d_genomic.fna.gz,eudicots
4072,https://ftp.ncbi.nlm.nih.gov/genomes/all/GCF/000/710/875/GCF_000710875.1_Pepper_Zunla_1_Ref_v1.0/GCF_000710875.1_Pepper_Zunla_1_Ref_v1.0_cds_from_genomic.fna.gz,https://ftp.ncbi.nlm.nih.gov/genomes/all/GCA/000/512/255/GCA_000512255.2_ASM51225v2/GCA_000512255.2_ASM51225v2_genomic.fna.gz,solanales
4072,https://ftp.ncbi.nlm.nih.gov/genomes/all/GCF/000/710/875/GCF_000710875.1_Pepper_Zunla_1_Ref_v1.0/GCF_000710875.1_Pepper_Zunla_1_Ref_v1.0_cds_from_genomic.fna.gz,https://ftp.ncbi.nlm.nih.gov/genomes/all/GCA/002/878/395/GCA_002878395.2_UCD10Xv1.0/GCA_002878395.2_UCD10Xv1.0_genomic.fna.gz,solanales
4072,https://ftp.ncbi.nlm.nih.gov/genomes/all/GCF/000/710/875/GCF_000710875.1_Pepper_Zunla_1_Ref_v1.0/GCF_000710875.1_Pepper_Zunla_1_Ref_v1.0_cds_from_genomic.fna.gz,https://ftp.ncbi.nlm.nih.gov/genomes/all/GCA/011/745/845/GCA_011745845.1_SNU_ECW_1.0/GCA_011745845.1_SNU_ECW_1.0_genomic.fna.gz,solanales
4072,https://ftp.ncbi.nlm.nih.gov/genomes/all/GCF/000/710/875/GCF_000710875.1_Pepper_Zunla_1_Ref_v1.0/GCF_000710875.1_Pepper_Zunla_1_Ref_v1.0_cds_from_genomic.fna.gz,https://ftp.ncbi.nlm.nih.gov/genomes/all/GCA/011/745/865/GCA_011745865.1_SNU_SF_1.0/GCA_011745865.1_SNU_SF_1.0_genomic.fna.gz,solanales
4072,https://ftp.ncbi.nlm.nih.gov/genomes/all/GCF/000/710/875/GCF_000710875.1_Pepper_Zunla_1_Ref_v1.0/GCF_000710875.1_Pepper_Zunla_1_Ref_v1.0_cds_from_genomic.fna.gz,https://ftp.ncbi.nlm.nih.gov/genomes/all/GCA/021/292/125/GCA_021292125.1_Ca_59_1.0/GCA_021292125.1_Ca_59_1.0_genomic.fna.gz,solanales
4072,https://ftp.ncbi.nlm.nih.gov/genomes/all/GCF/000/710/875/GCF_000710875.1_Pepper_Zunla_1_Ref_v1.0/GCF_000710875.1_Pepper_Zunla_1_Ref_v1.0_cds_from_genomic.fna.gz,https://ftp.ncbi.nlm.nih.gov/genomes/all/GCA/000/950/795/GCA_000950795.1_Pepper_Chiltepin_Ref_v1.0/GCA_000950795.1_Pepper_Chiltepin_Ref_v1.0_genomic.fna.gz,solanales
4081,https://ftp.ncbi.nlm.nih.gov/genomes/all/GCF/000/188/115/GCF_000188115.4_SL3.0/GCF_000188115.4_SL3.0_cds_from_genomic.fna.gz,https://ftp.ncbi.nlm.nih.gov/genomes/all/GCA/000/181/095/GCA_000181095.1_ASM18109v1/GCA_000181095.1_ASM18109v1_genomic.fna.gz,solanales
4081,https://ftp.ncbi.nlm.nih.gov/genomes/all/GCF/000/188/115/GCF_000188115.4_SL3.0/GCF_000188115.4_SL3.0_cds_from_genomic.fna.gz,https://ftp.ncbi.nlm.nih.gov/genomes/all/GCA/002/954/035/GCA_002954035.1_ASM295403v1/GCA_002954035.1_ASM295403v1_genomic.fna.gz,solanales
4081,https://ftp.ncbi.nlm.nih.gov/genomes/all/GCF/000/188/115/GCF_000188115.4_SL3.0/GCF_000188115.4_SL3.0_cds_from_genomic.fna.gz,https://ftp.ncbi.nlm.nih.gov/genomes/all/GCA/012/431/665/GCA_012431665.1_SLYMIC/GCA_012431665.1_SLYMIC_genomic.fna.gz,solanales
4081,https://ftp.ncbi.nlm.nih.gov/genomes/all/GCF/000/188/115/GCF_000188115.4_SL3.0/GCF_000188115.4_SL3.0_cds_from_genomic.fna.gz,https://ftp.ncbi.nlm.nih.gov/genomes/all/GCA/900/008/105/GCA_900008105.1_V100/GCA_900008105.1_V100_genomic.fna.gz,solanales
4081,https://ftp.ncbi.nlm.nih.gov/genomes/all/GCF/000/188/115/GCF_000188115.4_SL3.0/GCF_000188115.4_SL3.0_cds_from_genomic.fna.gz,https://ftp.ncbi.nlm.nih.gov/genomes/all/GCA/915/070/445/GCA_915070445.1_MbTMVv1/GCA_915070445.1_MbTMVv1_genomic.fna.gz,solanales
4081,https://ftp.ncbi.nlm.nih.gov/genomes/all/GCF/000/188/115/GCF_000188115.4_SL3.0/GCF_000188115.4_SL3.0_cds_from_genomic.fna.gz,https://ftp.ncbi.nlm.nih.gov/genomes/all/GCA/016/860/505/GCA_016860505.2_SLYcer_r1.1/GCA_016860505.2_SLYcer_r1.1_genomic.fna.gz,solanales
4097,https://ftp.ncbi.nlm.nih.gov/genomes/all/GCF/000/715/135/GCF_000715135.1_Ntab-TN90/GCF_000715135.1_Ntab-TN90_cds_from_genomic.fna.gz,https://ftp.ncbi.nlm.nih.gov/genomes/all/GCA/000/715/075/GCA_000715075.1_Ntab-K326/GCA_000715075.1_Ntab-K326_genomic.fna.gz,solanales
4097,https://ftp.ncbi.nlm.nih.gov/genomes/all/GCF/000/715/135/GCF_000715135.1_Ntab-TN90/GCF_000715135.1_Ntab-TN90_cds_from_genomic.fna.gz,https://ftp.ncbi.nlm.nih.gov/genomes/all/GCA/000/715/095/GCA_000715095.1_Ntab-BX/GCA_000715095.1_Ntab-BX_genomic.fna.gz,solanales
4097,https://ftp.ncbi.nlm.nih.gov/genomes/all/GCF/000/715/135/GCF_000715135.1_Ntab-TN90/GCF_000715135.1_Ntab-TN90_cds_from_genomic.fna.gz,https://ftp.ncbi.nlm.nih.gov/genomes/all/GCA/002/210/045/GCA_002210045.1_Nitab4.5/GCA_002210045.1_Nitab4.5_genomic.fna.gz,solanales
4146,https://ftp.ncbi.nlm.nih.gov/genomes/all/GCF/002/742/605/GCF_002742605.1_O_europaea_v1/GCF_002742605.1_O_europaea_v1_cds_from_genomic.fna.gz,https://ftp.ncbi.nlm.nih.gov/genomes/all/GCA/900/603/015/GCA_900603015.1_OE6/GCA_900603015.1_OE6_genomic.fna.gz,eudicots
4146,https://ftp.ncbi.nlm.nih.gov/genomes/all/GCF/002/742/605/GCF_002742605.1_O_europaea_v1/GCF_002742605.1_O_europaea_v1_cds_from_genomic.fna.gz,https://ftp.ncbi.nlm.nih.gov/genomes/all/GCA/902/713/445/GCA_902713445.1_OLEA9/GCA_902713445.1_OLEA9_genomic.fna.gz,eudicots
4182,https://ftp.ncbi.nlm.nih.gov/genomes/all/GCF/000/512/975/GCF_000512975.1_S_indicum_v1.0/GCF_000512975.1_S_indicum_v1.0_cds_from_genomic.fna.gz,https://ftp.ncbi.nlm.nih.gov/genomes/all/GCA/000/975/565/GCA_000975565.1_ASM97556v1/GCA_000975565.1_ASM97556v1_genomic.fna.gz,eudicots
4182,https://ftp.ncbi.nlm.nih.gov/genomes/all/GCF/000/512/975/GCF_000512975.1_S_indicum_v1.0/GCF_000512975.1_S_indicum_v1.0_cds_from_genomic.fna.gz,https://ftp.ncbi.nlm.nih.gov/genomes/all/GCA/001/692/995/GCA_001692995.1_S_indicum_Yuzhi11_v1/GCA_001692995.1_S_indicum_Yuzhi11_v1_genomic.fna.gz,eudicots
4182,https://ftp.ncbi.nlm.nih.gov/genomes/all/GCF/000/512/975/GCF_000512975.1_S_indicum_v1.0/GCF_000512975.1_S_indicum_v1.0_cds_from_genomic.fna.gz,https://ftp.ncbi.nlm.nih.gov/genomes/all/GCA/003/268/515/GCA_003268515.1_ASM326851v1/GCA_003268515.1_ASM326851v1_genomic.fna.gz,eudicots
4236,https://ftp.ncbi.nlm.nih.gov/genomes/all/GCF/002/870/075/GCF_002870075.2_Lsat_Salinas_v7/GCF_002870075.2_Lsat_Salinas_v7_cds_from_genomic.fna.gz,https://ftp.ncbi.nlm.nih.gov/genomes/all/GCA/000/227/445/GCA_000227445.1_Legassy_V2/GCA_000227445.1_Legassy_V2_genomic.fna.gz,eudicots
4236,https://ftp.ncbi.nlm.nih.gov/genomes/all/GCF/002/870/075/GCF_002870075.2_Lsat_Salinas_v7/GCF_002870075.2_Lsat_Salinas_v7_cds_from_genomic.fna.gz,https://ftp.ncbi.nlm.nih.gov/genomes/all/GCA/900/198/505/GCA_900198505.1_Lsativa/GCA_900198505.1_Lsativa_genomic.fna.gz,eudicots
4236,https://ftp.ncbi.nlm.nih.gov/genomes/all/GCF/002/870/075/GCF_002870075.2_Lsat_Salinas_v7/GCF_002870075.2_Lsat_Salinas_v7_cds_from_genomic.fna.gz,https://ftp.ncbi.nlm.nih.gov/genomes/all/GCA/900/243/165/GCA_900243165.1_Salat_v21/GCA_900243165.1_Salat_v21_genomic.fna.gz,eudicots
4432,https://ftp.ncbi.nlm.nih.gov/genomes/all/GCF/000/365/185/GCF_000365185.1_Chinese_Lotus_1.1/GCF_000365185.1_Chinese_Lotus_1.1_cds_from_genomic.fna.gz,https://ftp.ncbi.nlm.nih.gov/genomes/all/GCA/000/805/495/GCA_000805495.1_Nelumbo_nucifera_v1.1/GCA_000805495.1_Nelumbo_nucifera_v1.1_genomic.fna.gz,embryophyta
4432,https://ftp.ncbi.nlm.nih.gov/genomes/all/GCF/000/365/185/GCF_000365185.1_Chinese_Lotus_1.1/GCF_000365185.1_Chinese_Lotus_1.1_cds_from_genomic.fna.gz,https://ftp.ncbi.nlm.nih.gov/genomes/all/GCA/003/033/685/GCA_003033685.1_ASM303368v1/GCA_003033685.1_ASM303368v1_genomic.fna.gz,embryophyta
4432,https://ftp.ncbi.nlm.nih.gov/genomes/all/GCF/000/365/185/GCF_000365185.1_Chinese_Lotus_1.1/GCF_000365185.1_Chinese_Lotus_1.1_cds_from_genomic.fna.gz,https://ftp.ncbi.nlm.nih.gov/genomes/all/GCA/003/033/695/GCA_003033695.1_ASM303369v1/GCA_003033695.1_ASM303369v1_genomic.fna.gz,embryophyta
4432,https://ftp.ncbi.nlm.nih.gov/genomes/all/GCF/000/365/185/GCF_000365185.1_Chinese_Lotus_1.1/GCF_000365185.1_Chinese_Lotus_1.1_cds_from_genomic.fna.gz,https://ftp.ncbi.nlm.nih.gov/genomes/all/GCA/014/319/735/GCA_014319735.1_ASM1431973v1/GCA_014319735.1_ASM1431973v1_genomic.fna.gz,embryophyta
4442,https://ftp.ncbi.nlm.nih.gov/genomes/all/GCF/004/153/795/GCF_004153795.1_AHAU_CSS_1/GCF_004153795.1_AHAU_CSS_1_cds_from_genomic.fna.gz,https://ftp.ncbi.nlm.nih.gov/genomes/all/GCA/013/676/235/GCA_013676235.1_HZAU_G240_1.0/GCA_013676235.1_HZAU_G240_1.0_genomic.fna.gz,eudicots
4442,https://ftp.ncbi.nlm.nih.gov/genomes/all/GCF/004/153/795/GCF_004153795.1_AHAU_CSS_1/GCF_004153795.1_AHAU_CSS_1_cds_from_genomic.fna.gz,https://ftp.ncbi.nlm.nih.gov/genomes/all/GCA/020/536/515/GCA_020536515.1_ASM2053651v1/GCA_020536515.1_ASM2053651v1_genomic.fna.gz,eudicots
4442,https://ftp.ncbi.nlm.nih.gov/genomes/all/GCF/004/153/795/GCF_004153795.1_AHAU_CSS_1/GCF_004153795.1_AHAU_CSS_1_cds_from_genomic.fna.gz,https://ftp.ncbi.nlm.nih.gov/genomes/all/GCA/020/536/595/GCA_020536595.1_ASM2053659v1/GCA_020536595.1_ASM2053659v1_genomic.fna.gz,eudicots
4442,https://ftp.ncbi.nlm.nih.gov/genomes/all/GCF/004/153/795/GCF_004153795.1_AHAU_CSS_1/GCF_004153795.1_AHAU_CSS_1_cds_from_genomic.fna.gz,https://ftp.ncbi.nlm.nih.gov/genomes/all/GCA/020/536/565/GCA_020536565.1_ASM2053656v1/GCA_020536565.1_ASM2053656v1_genomic.fna.gz,eudicots
4442,https://ftp.ncbi.nlm.nih.gov/genomes/all/GCF/004/153/795/GCF_004153795.1_AHAU_CSS_1/GCF_004153795.1_AHAU_CSS_1_cds_from_genomic.fna.gz,https://ftp.ncbi.nlm.nih.gov/genomes/all/GCA/020/536/795/GCA_020536795.1_ASM2053679v1/GCA_020536795.1_ASM2053679v1_genomic.fna.gz,eudicots
4442,https://ftp.ncbi.nlm.nih.gov/genomes/all/GCF/004/153/795/GCF_004153795.1_AHAU_CSS_1/GCF_004153795.1_AHAU_CSS_1_cds_from_genomic.fna.gz,https://ftp.ncbi.nlm.nih.gov/genomes/all/GCA/020/536/855/GCA_020536855.1_ASM2053685v1/GCA_020536855.1_ASM2053685v1_genomic.fna.gz,eudicots
4442,https://ftp.ncbi.nlm.nih.gov/genomes/all/GCF/004/153/795/GCF_004153795.1_AHAU_CSS_1/GCF_004153795.1_AHAU_CSS_1_cds_from_genomic.fna.gz,https://ftp.ncbi.nlm.nih.gov/genomes/all/GCA/020/536/865/GCA_020536865.1_ASM2053686v1/GCA_020536865.1_ASM2053686v1_genomic.fna.gz,eudicots
4442,https://ftp.ncbi.nlm.nih.gov/genomes/all/GCF/004/153/795/GCF_004153795.1_AHAU_CSS_1/GCF_004153795.1_AHAU_CSS_1_cds_from_genomic.fna.gz,https://ftp.ncbi.nlm.nih.gov/genomes/all/GCA/017/311/205/GCA_017311205.1_ASM1731120v1/GCA_017311205.1_ASM1731120v1_genomic.fna.gz,eudicots
4442,https://ftp.ncbi.nlm.nih.gov/genomes/all/GCF/004/153/795/GCF_004153795.1_AHAU_CSS_1/GCF_004153795.1_AHAU_CSS_1_cds_from_genomic.fna.gz,https://ftp.ncbi.nlm.nih.gov/genomes/all/GCA/020/536/495/GCA_020536495.1_ASM2053649v1/GCA_020536495.1_ASM2053649v1_genomic.fna.gz,eudicots
4442,https://ftp.ncbi.nlm.nih.gov/genomes/all/GCF/004/153/795/GCF_004153795.1_AHAU_CSS_1/GCF_004153795.1_AHAU_CSS_1_cds_from_genomic.fna.gz,https://ftp.ncbi.nlm.nih.gov/genomes/all/GCA/020/536/555/GCA_020536555.1_ASM2053655v1/GCA_020536555.1_ASM2053655v1_genomic.fna.gz,eudicots
4558,https://ftp.ncbi.nlm.nih.gov/genomes/all/GCF/000/003/195/GCF_000003195.3_Sorghum_bicolor_NCBIv3/GCF_000003195.3_Sorghum_bicolor_NCBIv3_cds_from_genomic.fna.gz,https://ftp.ncbi.nlm.nih.gov/genomes/all/GCA/003/482/435/GCA_003482435.1_Corteva_Sorghum_ONT_TX430_1.0/GCA_003482435.1_Corteva_Sorghum_ONT_TX430_1.0_genomic.fna.gz,poales
4558,https://ftp.ncbi.nlm.nih.gov/genomes/all/GCF/000/003/195/GCF_000003195.3_Sorghum_bicolor_NCBIv3/GCF_000003195.3_Sorghum_bicolor_NCBIv3_cds_from_genomic.fna.gz,https://ftp.ncbi.nlm.nih.gov/genomes/all/GCA/008/000/285/GCA_008000285.1_ASM800028v1/GCA_008000285.1_ASM800028v1_genomic.fna.gz,poales
4558,https://ftp.ncbi.nlm.nih.gov/genomes/all/GCF/000/003/195/GCF_000003195.3_Sorghum_bicolor_NCBIv3/GCF_000003195.3_Sorghum_bicolor_NCBIv3_cds_from_genomic.fna.gz,https://ftp.ncbi.nlm.nih.gov/genomes/all/GCA/015/952/705/GCA_015952705.1_SbicolorRio_v2/GCA_015952705.1_SbicolorRio_v2_genomic.fna.gz,poales
4558,https://ftp.ncbi.nlm.nih.gov/genomes/all/GCF/000/003/195/GCF_000003195.3_Sorghum_bicolor_NCBIv3/GCF_000003195.3_Sorghum_bicolor_NCBIv3_cds_from_genomic.fna.gz,https://ftp.ncbi.nlm.nih.gov/genomes/all/GCA/903/166/285/GCA_903166285.1_TX2783/GCA_903166285.1_TX2783_genomic.fna.gz,poales
4558,https://ftp.ncbi.nlm.nih.gov/genomes/all/GCF/000/003/195/GCF_000003195.3_Sorghum_bicolor_NCBIv3/GCF_000003195.3_Sorghum_bicolor_NCBIv3_cds_from_genomic.fna.gz,https://ftp.ncbi.nlm.nih.gov/genomes/all/GCA/903/166/325/GCA_903166325.1_TX436/GCA_903166325.1_TX436_genomic.fna.gz,poales
4615,https://ftp.ncbi.nlm.nih.gov/genomes/all/GCF/001/540/865/GCF_001540865.1_ASM154086v1/GCF_001540865.1_ASM154086v1_cds_from_genomic.fna.gz,https://ftp.ncbi.nlm.nih.gov/genomes/all/GCA/001/661/175/GCA_001661175.1_ACMD2v1.0/GCA_001661175.1_ACMD2v1.0_genomic.fna.gz,poales
4615,https://ftp.ncbi.nlm.nih.gov/genomes/all/GCF/001/540/865/GCF_001540865.1_ASM154086v1/GCF_001540865.1_ASM154086v1_cds_from_genomic.fna.gz,https://ftp.ncbi.nlm.nih.gov/genomes/all/GCA/902/162/155/GCA_902162155.2_F153.v0709/GCA_902162155.2_F153.v0709_genomic.fna.gz,poales
15368,https://ftp.ncbi.nlm.nih.gov/genomes/all/GCF/000/005/505/GCF_000005505.3_Brachypodium_distachyon_v3.0/GCF_000005505.3_Brachypodium_distachyon_v3.0_cds_from_genomic.fna.gz,https://ftp.ncbi.nlm.nih.gov/genomes/all/GCA/001/742/125/GCA_001742125.1_ASM174212v1/GCA_001742125.1_ASM174212v1_genomic.fna.gz,poales
15368,https://ftp.ncbi.nlm.nih.gov/genomes/all/GCF/000/005/505/GCF_000005505.3_Brachypodium_distachyon_v3.0/GCF_000005505.3_Brachypodium_distachyon_v3.0_cds_from_genomic.fna.gz,https://ftp.ncbi.nlm.nih.gov/genomes/all/GCA/002/892/295/GCA_002892295.1_ASM289229v1/GCA_002892295.1_ASM289229v1_genomic.fna.gz,poales
15368,https://ftp.ncbi.nlm.nih.gov/genomes/all/GCF/000/005/505/GCF_000005505.3_Brachypodium_distachyon_v3.0/GCF_000005505.3_Brachypodium_distachyon_v3.0_cds_from_genomic.fna.gz,https://ftp.ncbi.nlm.nih.gov/genomes/all/GCA/002/892/335/GCA_002892335.1_ASM289233v1/GCA_002892335.1_ASM289233v1_genomic.fna.gz,poales
22663,https://ftp.ncbi.nlm.nih.gov/genomes/all/GCF/007/655/135/GCF_007655135.1_ASM765513v2/GCF_007655135.1_ASM765513v2_cds_from_genomic.fna.gz,https://ftp.ncbi.nlm.nih.gov/genomes/all/GCA/002/201/585/GCA_002201585.1_ASM220158v1/GCA_002201585.1_ASM220158v1_genomic.fna.gz,eudicots
22663,https://ftp.ncbi.nlm.nih.gov/genomes/all/GCF/007/655/135/GCF_007655135.1_ASM765513v2/GCF_007655135.1_ASM765513v2_cds_from_genomic.fna.gz,https://ftp.ncbi.nlm.nih.gov/genomes/all/GCA/002/837/095/GCA_002837095.1_ASM283709v1/GCA_002837095.1_ASM283709v1_genomic.fna.gz,eudicots
22663,https://ftp.ncbi.nlm.nih.gov/genomes/all/GCF/007/655/135/GCF_007655135.1_ASM765513v2/GCF_007655135.1_ASM765513v2_cds_from_genomic.fna.gz,https://ftp.ncbi.nlm.nih.gov/genomes/all/GCA/002/864/125/GCA_002864125.1_ASM286412v1/GCA_002864125.1_ASM286412v1_genomic.fna.gz,eudicots
22663,https://ftp.ncbi.nlm.nih.gov/genomes/all/GCF/007/655/135/GCF_007655135.1_ASM765513v2/GCF_007655135.1_ASM765513v2_cds_from_genomic.fna.gz,https://ftp.ncbi.nlm.nih.gov/genomes/all/GCA/019/425/735/GCA_019425735.1_PMGT_Bhagwa/GCA_019425735.1_PMGT_Bhagwa_genomic.fna.gz,eudicots
28526,https://ftp.ncbi.nlm.nih.gov/genomes/all/GCF/001/406/875/GCF_001406875.1_SPENNV200/GCF_001406875.1_SPENNV200_cds_from_genomic.fna.gz,https://ftp.ncbi.nlm.nih.gov/genomes/all/GCA/000/577/875/GCA_000577875.1_Sopen10/GCA_000577875.1_Sopen10_genomic.fna.gz,solanales
28526,https://ftp.ncbi.nlm.nih.gov/genomes/all/GCF/001/406/875/GCF_001406875.1_SPENNV200/GCF_001406875.1_SPENNV200_cds_from_genomic.fna.gz,https://ftp.ncbi.nlm.nih.gov/genomes/all/GCA/000/820/945/GCA_000820945.1_SPen_1.0/GCA_000820945.1_SPen_1.0_genomic.fna.gz,solanales
29710,https://ftp.ncbi.nlm.nih.gov/genomes/all/GCF/009/730/915/GCF_009730915.1_TDr96_F1_v2_PseudoChromosome.rev07_lg8_w22_25.fasta/GCF_009730915.1_TDr96_F1_v2_PseudoChromosome.rev07_lg8_w22_25.fasta_cds_from_genomic.fna.gz,https://ftp.ncbi.nlm.nih.gov/genomes/all/GCA/002/240/015/GCA_002240015.2_TDr96_F1_Pseudo_Chromosome_v1.0/GCA_002240015.2_TDr96_F1_Pseudo_Chromosome_v1.0_genomic.fna.gz,liliopsida
29710,https://ftp.ncbi.nlm.nih.gov/genomes/all/GCF/009/730/915/GCF_009730915.1_TDr96_F1_v2_PseudoChromosome.rev07_lg8_w22_25.fasta/GCF_009730915.1_TDr96_F1_v2_PseudoChromosome.rev07_lg8_w22_25.fasta_cds_from_genomic.fna.gz,https://ftp.ncbi.nlm.nih.gov/genomes/all/GCA/002/260/605/GCA_002260605.1_TDr96x99_v1.0.fasta/GCA_002260605.1_TDr96x99_v1.0.fasta_genomic.fna.gz,liliopsida
29710,https://ftp.ncbi.nlm.nih.gov/genomes/all/GCF/009/730/915/GCF_009730915.1_TDr96_F1_v2_PseudoChromosome.rev07_lg8_w22_25.fasta/GCF_009730915.1_TDr96_F1_v2_PseudoChromosome.rev07_lg8_w22_25.fasta_cds_from_genomic.fna.gz,https://ftp.ncbi.nlm.nih.gov/genomes/all/GCA/002/260/645/GCA_002260645.1_TDr97_00777_Male_DDN/GCA_002260645.1_TDr97_00777_Male_DDN_genomic.fna.gz,liliopsida
29710,https://ftp.ncbi.nlm.nih.gov/genomes/all/GCF/009/730/915/GCF_009730915.1_TDr96_F1_v2_PseudoChromosome.rev07_lg8_w22_25.fasta/GCF_009730915.1_TDr96_F1_v2_PseudoChromosome.rev07_lg8_w22_25.fasta_cds_from_genomic.fna.gz,https://ftp.ncbi.nlm.nih.gov/genomes/all/GCA/002/260/665/GCA_002260665.1_TDr97_00917_Female_DDN/GCA_002260665.1_TDr97_00917_Female_DDN_genomic.fna.gz,liliopsida
29730,https://ftp.ncbi.nlm.nih.gov/genomes/all/GCF/000/327/365/GCF_000327365.1_Graimondii2_0/GCF_000327365.1_Graimondii2_0_cds_from_genomic.fna.gz,https://ftp.ncbi.nlm.nih.gov/genomes/all/GCA/000/331/045/GCA_000331045.1_Gr_v1.0/GCA_000331045.1_Gr_v1.0_genomic.fna.gz,eudicots
29730,https://ftp.ncbi.nlm.nih.gov/genomes/all/GCF/000/327/365/GCF_000327365.1_Graimondii2_0/GCF_000327365.1_Graimondii2_0_cds_from_genomic.fna.gz,https://ftp.ncbi.nlm.nih.gov/genomes/all/GCA/013/467/475/GCA_013467475.1_ASM1346747v1/GCA_013467475.1_ASM1346747v1_genomic.fna.gz,eudicots
29760,https://ftp.ncbi.nlm.nih.gov/genomes/all/GCF/000/003/745/GCF_000003745.3_12X/GCF_000003745.3_12X_cds_from_genomic.fna.gz,https://ftp.ncbi.nlm.nih.gov/genomes/all/GCA/002/922/885/GCA_002922885.1_Chkhaveri_assembly01/GCA_002922885.1_Chkhaveri_assembly01_genomic.fna.gz,eudicots
29760,https://ftp.ncbi.nlm.nih.gov/genomes/all/GCF/000/003/745/GCF_000003745.3_12X/GCF_000003745.3_12X_cds_from_genomic.fna.gz,https://ftp.ncbi.nlm.nih.gov/genomes/all/GCA/002/923/015/GCA_002923015.1_Saperavi_assembly01/GCA_002923015.1_Saperavi_assembly01_genomic.fna.gz,eudicots
29760,https://ftp.ncbi.nlm.nih.gov/genomes/all/GCF/000/003/745/GCF_000003745.3_12X/GCF_000003745.3_12X_cds_from_genomic.fna.gz,https://ftp.ncbi.nlm.nih.gov/genomes/all/GCA/002/923/105/GCA_002923105.1_Meskhetian_assembly01/GCA_002923105.1_Meskhetian_assembly01_genomic.fna.gz,eudicots
29760,https://ftp.ncbi.nlm.nih.gov/genomes/all/GCF/000/003/745/GCF_000003745.3_12X/GCF_000003745.3_12X_cds_from_genomic.fna.gz,https://ftp.ncbi.nlm.nih.gov/genomes/all/GCA/002/923/165/GCA_002923165.1_Rkatsiteli_assembly01/GCA_002923165.1_Rkatsiteli_assembly01_genomic.fna.gz,eudicots
29760,https://ftp.ncbi.nlm.nih.gov/genomes/all/GCF/000/003/745/GCF_000003745.3_12X/GCF_000003745.3_12X_cds_from_genomic.fna.gz,https://ftp.ncbi.nlm.nih.gov/genomes/all/GCA/004/011/995/GCA_004011995.1_AWRI_Vv-CHD_1.0/GCA_004011995.1_AWRI_Vv-CHD_1.0_genomic.fna.gz,eudicots
29760,https://ftp.ncbi.nlm.nih.gov/genomes/all/GCF/000/003/745/GCF_000003745.3_12X/GCF_000003745.3_12X_cds_from_genomic.fna.gz,https://ftp.ncbi.nlm.nih.gov/genomes/all/GCA/011/037/095/GCA_011037095.1_Chardonnay04/GCA_011037095.1_Chardonnay04_genomic.fna.gz,eudicots
29760,https://ftp.ncbi.nlm.nih.gov/genomes/all/GCF/000/003/745/GCF_000003745.3_12X/GCF_000003745.3_12X_cds_from_genomic.fna.gz,https://ftp.ncbi.nlm.nih.gov/genomes/all/GCA/022/058/905/GCA_022058905.1_Flame/GCA_022058905.1_Flame_genomic.fna.gz,eudicots
29760,https://ftp.ncbi.nlm.nih.gov/genomes/all/GCF/000/003/745/GCF_000003745.3_12X/GCF_000003745.3_12X_cds_from_genomic.fna.gz,https://ftp.ncbi.nlm.nih.gov/genomes/all/GCA/903/992/495/GCA_903992495.4_Sylvestris_C1-2_haplotigs_pseudomolecules/GCA_903992495.4_Sylvestris_C1-2_haplotigs_pseudomolecules_genomic.fna.gz,eudicots
29780,https://ftp.ncbi.nlm.nih.gov/genomes/all/GCF/011/075/055/GCF_011075055.1_CATAS_Mindica_2.1/GCF_011075055.1_CATAS_Mindica_2.1_cds_from_genomic.fna.gz,https://ftp.ncbi.nlm.nih.gov/genomes/all/GCA/016/746/415/GCA_016746415.1_ASM1674641v1/GCA_016746415.1_ASM1674641v1_genomic.fna.gz,eudicots
29780,https://ftp.ncbi.nlm.nih.gov/genomes/all/GCF/011/075/055/GCF_011075055.1_CATAS_Mindica_2.1/GCF_011075055.1_CATAS_Mindica_2.1_cds_from_genomic.fna.gz,https://ftp.ncbi.nlm.nih.gov/genomes/all/GCA/020/138/855/GCA_020138855.1_Mindica_Amrapali_3.0/GCA_020138855.1_Mindica_Amrapali_3.0_genomic.fna.gz,eudicots
29780,https://ftp.ncbi.nlm.nih.gov/genomes/all/GCF/011/075/055/GCF_011075055.1_CATAS_Mindica_2.1/GCF_011075055.1_CATAS_Mindica_2.1_cds_from_genomic.fna.gz,https://ftp.ncbi.nlm.nih.gov/genomes/all/GCA/021/014/495/GCA_021014495.1_M.indica_Neelam_pat1.0/GCA_021014495.1_M.indica_Neelam_pat1.0_genomic.fna.gz,eudicots
29780,https://ftp.ncbi.nlm.nih.gov/genomes/all/GCF/011/075/055/GCF_011075055.1_CATAS_Mindica_2.1/GCF_011075055.1_CATAS_Mindica_2.1_cds_from_genomic.fna.gz,https://ftp.ncbi.nlm.nih.gov/genomes/all/GCA/021/014/955/GCA_021014955.1_M.indica_Dashehari_mat1.0/GCA_021014955.1_M.indica_Dashehari_mat1.0_genomic.fna.gz,eudicots
32201,https://ftp.ncbi.nlm.nih.gov/genomes/all/GCF/018/687/715/GCF_018687715.1_C.illinoinensisPawnee_v1/GCF_018687715.1_C.illinoinensisPawnee_v1_cds_from_genomic.fna.gz,https://ftp.ncbi.nlm.nih.gov/genomes/all/GCA/011/037/805/GCA_011037805.1_ASM1103780v1/GCA_011037805.1_ASM1103780v1_genomic.fna.gz,eudicots
32201,https://ftp.ncbi.nlm.nih.gov/genomes/all/GCF/018/687/715/GCF_018687715.1_C.illinoinensisPawnee_v1/GCF_018687715.1_C.illinoinensisPawnee_v1_cds_from_genomic.fna.gz,https://ftp.ncbi.nlm.nih.gov/genomes/all/GCA/016/808/215/GCA_016808215.1_C.illinoinensisOaxaca_v1/GCA_016808215.1_C.illinoinensisOaxaca_v1_genomic.fna.gz,eudicots
32201,https://ftp.ncbi.nlm.nih.gov/genomes/all/GCF/018/687/715/GCF_018687715.1_C.illinoinensisPawnee_v1/GCF_018687715.1_C.illinoinensisPawnee_v1_cds_from_genomic.fna.gz,https://ftp.ncbi.nlm.nih.gov/genomes/all/GCA/018/688/675/GCA_018688675.1_C.illinoinensisLakota_v1/GCA_018688675.1_C.illinoinensisLakota_v1_genomic.fna.gz,eudicots
32201,https://ftp.ncbi.nlm.nih.gov/genomes/all/GCF/018/687/715/GCF_018687715.1_C.illinoinensisPawnee_v1/GCF_018687715.1_C.illinoinensisPawnee_v1_cds_from_genomic.fna.gz,https://ftp.ncbi.nlm.nih.gov/genomes/all/GCA/018/689/175/GCA_018689175.1_C.illinoinensisElliott_v1/GCA_018689175.1_C.illinoinensisElliott_v1_genomic.fna.gz,eudicots
32201,https://ftp.ncbi.nlm.nih.gov/genomes/all/GCF/018/687/715/GCF_018687715.1_C.illinoinensisPawnee_v1/GCF_018687715.1_C.illinoinensisPawnee_v1_cds_from_genomic.fna.gz,https://ftp.ncbi.nlm.nih.gov/genomes/all/GCA/018/689/195/GCA_018689195.1_C.illinoinensisLakota_alternate_haplotype_v1/GCA_018689195.1_C.illinoinensisLakota_alternate_haplotype_v1_genomic.fna.gz,eudicots
32201,https://ftp.ncbi.nlm.nih.gov/genomes/all/GCF/018/687/715/GCF_018687715.1_C.illinoinensisPawnee_v1/GCF_018687715.1_C.illinoinensisPawnee_v1_cds_from_genomic.fna.gz,https://ftp.ncbi.nlm.nih.gov/genomes/all/GCA/018/689/215/GCA_018689215.1_C.illinoinensisElliott_alternate_haplotype_v1/GCA_018689215.1_C.illinoinensisElliott_alternate_haplotype_v1_genomic.fna.gz,eudicots
37682,https://ftp.ncbi.nlm.nih.gov/genomes/all/GCF/002/575/655/GCF_002575655.2_Aet_v5.0/GCF_002575655.2_Aet_v5.0_cds_from_genomic.fna.gz,https://ftp.ncbi.nlm.nih.gov/genomes/all/GCA/000/347/335/GCA_000347335.2_ASM34733v2/GCA_000347335.2_ASM34733v2_genomic.fna.gz,poales
37682,https://ftp.ncbi.nlm.nih.gov/genomes/all/GCF/002/575/655/GCF_002575655.2_Aet_v5.0/GCF_002575655.2_Aet_v5.0_cds_from_genomic.fna.gz,https://ftp.ncbi.nlm.nih.gov/genomes/all/GCA/001/957/025/GCA_001957025.1_Aet_MR_1.0/GCA_001957025.1_Aet_MR_1.0_genomic.fna.gz,poales
42229,https://ftp.ncbi.nlm.nih.gov/genomes/all/GCF/002/207/925/GCF_002207925.1_PAV_r1.0/GCF_002207925.1_PAV_r1.0_cds_from_genomic.fna.gz,https://ftp.ncbi.nlm.nih.gov/genomes/all/GCA/003/946/875/GCA_003946875.1_HMN_1.0/GCA_003946875.1_HMN_1.0_genomic.fna.gz,eudicots
42229,https://ftp.ncbi.nlm.nih.gov/genomes/all/GCF/002/207/925/GCF_002207925.1_PAV_r1.0/GCF_002207925.1_PAV_r1.0_cds_from_genomic.fna.gz,https://ftp.ncbi.nlm.nih.gov/genomes/all/GCA/012/349/055/GCA_012349055.1_Tieton_10x/GCA_012349055.1_Tieton_10x_genomic.fna.gz,eudicots
42229,https://ftp.ncbi.nlm.nih.gov/genomes/all/GCF/002/207/925/GCF_002207925.1_PAV_r1.0/GCF_002207925.1_PAV_r1.0_cds_from_genomic.fna.gz,https://ftp.ncbi.nlm.nih.gov/genomes/all/GCA/013/416/215/GCA_013416215.1_Prunus_avium_v1.0/GCA_013416215.1_Prunus_avium_v1.0_genomic.fna.gz,eudicots
42229,https://ftp.ncbi.nlm.nih.gov/genomes/all/GCF/002/207/925/GCF_002207925.1_PAV_r1.0/GCF_002207925.1_PAV_r1.0_cds_from_genomic.fna.gz,https://ftp.ncbi.nlm.nih.gov/genomes/all/GCA/014/155/035/GCA_014155035.1_NE-ME-NP-PH/GCA_014155035.1_NE-ME-NP-PH_genomic.fna.gz,eudicots
42345,https://ftp.ncbi.nlm.nih.gov/genomes/all/GCF/009/389/715/GCF_009389715.1_palm_55x_up_171113_PBpolish2nd_filt_p/GCF_009389715.1_palm_55x_up_171113_PBpolish2nd_filt_p_cds_from_genomic.fna.gz,https://ftp.ncbi.nlm.nih.gov/genomes/all/GCA/000/181/215/GCA_000181215.3_PDK50/GCA_000181215.3_PDK50_genomic.fna.gz,liliopsida
42345,https://ftp.ncbi.nlm.nih.gov/genomes/all/GCF/009/389/715/GCF_009389715.1_palm_55x_up_171113_PBpolish2nd_filt_p/GCF_009389715.1_palm_55x_up_171113_PBpolish2nd_filt_p_cds_from_genomic.fna.gz,https://ftp.ncbi.nlm.nih.gov/genomes/all/GCA/000/413/155/GCA_000413155.1_DPV01/GCA_000413155.1_DPV01_genomic.fna.gz,liliopsida
42345,https://ftp.ncbi.nlm.nih.gov/genomes/all/GCF/009/389/715/GCF_009389715.1_palm_55x_up_171113_PBpolish2nd_filt_p/GCF_009389715.1_palm_55x_up_171113_PBpolish2nd_filt_p_cds_from_genomic.fna.gz,https://ftp.ncbi.nlm.nih.gov/genomes/all/GCA/007/821/505/GCA_007821505.1_K2_S20_K51.scafSeq/GCA_007821505.1_K2_S20_K51.scafSeq_genomic.fna.gz,liliopsida
45157,https://ftp.ncbi.nlm.nih.gov/genomes/all/GCF/000/091/205/GCF_000091205.1_ASM9120v1/GCF_000091205.1_ASM9120v1_cds_from_genomic.fna.gz,https://ftp.ncbi.nlm.nih.gov/genomes/all/GCA/006/232/315/GCA_006232315.1_ASM623231v1/GCA_006232315.1_ASM623231v1_genomic.fna.gz,eukaryota
45157,https://ftp.ncbi.nlm.nih.gov/genomes/all/GCF/000/091/205/GCF_000091205.1_ASM9120v1/GCF_000091205.1_ASM9120v1_cds_from_genomic.fna.gz,https://ftp.ncbi.nlm.nih.gov/genomes/all/GCA/010/725/195/GCA_010725195.1_CMEGT_assembly/GCA_010725195.1_CMEGT_assembly_genomic.fna.gz,eukaryota
45157,https://ftp.ncbi.nlm.nih.gov/genomes/all/GCF/000/091/205/GCF_000091205.1_ASM9120v1/GCF_000091205.1_ASM9120v1_cds_from_genomic.fna.gz,https://ftp.ncbi.nlm.nih.gov/genomes/all/GCA/011/170/005/GCA_011170005.1_CME10DT_assembly/GCA_011170005.1_CME10DT_assembly_genomic.fna.gz,eukaryota
51240,https://ftp.ncbi.nlm.nih.gov/genomes/all/GCF/001/411/555/GCF_001411555.2_Walnut_2.0/GCF_001411555.2_Walnut_2.0_cds_from_genomic.fna.gz,https://ftp.ncbi.nlm.nih.gov/genomes/all/GCA/002/916/465/GCA_002916465.2_ASM291646v2/GCA_002916465.2_ASM291646v2_genomic.fna.gz,eudicots
51240,https://ftp.ncbi.nlm.nih.gov/genomes/all/GCF/001/411/555/GCF_001411555.2_Walnut_2.0/GCF_001411555.2_Walnut_2.0_cds_from_genomic.fna.gz,https://ftp.ncbi.nlm.nih.gov/genomes/all/GCA/003/122/785/GCA_003122785.1_ASM312278v1/GCA_003122785.1_ASM312278v1_genomic.fna.gz,eudicots
51953,https://ftp.ncbi.nlm.nih.gov/genomes/all/GCF/000/442/705/GCF_000442705.1_EG5/GCF_000442705.1_EG5_cds_from_genomic.fna.gz,https://ftp.ncbi.nlm.nih.gov/genomes/all/GCA/001/672/495/GCA_001672495.1_ASM167249v1/GCA_001672495.1_ASM167249v1_genomic.fna.gz,liliopsida
51953,https://ftp.ncbi.nlm.nih.gov/genomes/all/GCF/000/442/705/GCF_000442705.1_EG5/GCF_000442705.1_EG5_cds_from_genomic.fna.gz,https://ftp.ncbi.nlm.nih.gov/genomes/all/GCA/015/461/965/GCA_015461965.1_EGPMv6/GCA_015461965.1_EGPMv6_genomic.fna.gz,liliopsida
57577,https://ftp.ncbi.nlm.nih.gov/genomes/all/GCF/020/283/565/GCF_020283565.1_ARS_RC_1.1/GCF_020283565.1_ARS_RC_1.1_cds_from_genomic.fna.gz,https://ftp.ncbi.nlm.nih.gov/genomes/all/GCA/000/583/005/GCA_000583005.2_Tp1.0/GCA_000583005.2_Tp1.0_genomic.fna.gz,fabales
57577,https://ftp.ncbi.nlm.nih.gov/genomes/all/GCF/020/283/565/GCF_020283565.1_ARS_RC_1.1/GCF_020283565.1_ARS_RC_1.1_cds_from_genomic.fna.gz,https://ftp.ncbi.nlm.nih.gov/genomes/all/GCA/900/079/335/GCA_900079335.1_Trpr/GCA_900079335.1_Trpr_genomic.fna.gz,fabales
57577,https://ftp.ncbi.nlm.nih.gov/genomes/all/GCF/020/283/565/GCF_020283565.1_ARS_RC_1.1/GCF_020283565.1_ARS_RC_1.1_cds_from_genomic.fna.gz,https://ftp.ncbi.nlm.nih.gov/genomes/all/GCA/900/292/005/GCA_900292005.1_Trifolium_pratense_genome_v3/GCA_900292005.1_Trifolium_pratense_genome_v3_genomic.fna.gz,fabales
59689,https://ftp.ncbi.nlm.nih.gov/genomes/all/GCF/000/004/255/GCF_000004255.2_v.1.0/GCF_000004255.2_v.1.0_cds_from_genomic.fna.gz,https://ftp.ncbi.nlm.nih.gov/genomes/all/GCA/000/524/985/GCA_000524985.1_Alyr_1.0/GCA_000524985.1_Alyr_1.0_genomic.fna.gz,brassicales
59689,https://ftp.ncbi.nlm.nih.gov/genomes/all/GCF/000/004/255/GCF_000004255.2_v.1.0/GCF_000004255.2_v.1.0_cds_from_genomic.fna.gz,https://ftp.ncbi.nlm.nih.gov/genomes/all/GCA/900/205/625/GCA_900205625.1_Alyrpet2.2/GCA_900205625.1_Alyrpet2.2_genomic.fna.gz,brassicales
63459,https://ftp.ncbi.nlm.nih.gov/genomes/all/GCF/001/683/475/GCF_001683475.1_ASM168347v1/GCF_001683475.1_ASM168347v1_cds_from_genomic.fna.gz,https://ftp.ncbi.nlm.nih.gov/genomes/all/GCA/001/742/885/GCA_001742885.1_Cqu_r1.0/GCA_001742885.1_Cqu_r1.0_genomic.fna.gz,eudicots
63459,https://ftp.ncbi.nlm.nih.gov/genomes/all/GCF/001/683/475/GCF_001683475.1_ASM168347v1/GCF_001683475.1_ASM168347v1_cds_from_genomic.fna.gz,https://ftp.ncbi.nlm.nih.gov/genomes/all/GCA/002/732/095/GCA_002732095.1_Cq_real_v1.0/GCA_002732095.1_Cq_real_v1.0_genomic.fna.gz,eudicots
63459,https://ftp.ncbi.nlm.nih.gov/genomes/all/GCF/001/683/475/GCF_001683475.1_ASM168347v1/GCF_001683475.1_ASM168347v1_cds_from_genomic.fna.gz,https://ftp.ncbi.nlm.nih.gov/genomes/all/GCA/021/164/245/GCA_021164245.1_ASM2116424v1/GCA_021164245.1_ASM2116424v1_genomic.fna.gz,eudicots
70448,https://ftp.ncbi.nlm.nih.gov/genomes/all/GCF/000/214/015/GCF_000214015.3_version_140606/GCF_000214015.3_version_140606_cds_from_genomic.fna.gz,https://ftp.ncbi.nlm.nih.gov/genomes/all/GCA/002/158/475/GCA_002158475.1_Ostta1115_2/GCA_002158475.1_Ostta1115_2_genomic.fna.gz,chlorophyta
70448,https://ftp.ncbi.nlm.nih.gov/genomes/all/GCF/000/214/015/GCF_000214015.3_version_140606/GCF_000214015.3_version_140606_cds_from_genomic.fna.gz,https://ftp.ncbi.nlm.nih.gov/genomes/all/GCA/905/339/545/GCA_905339545.1_AP0994_ms/GCA_905339545.1_AP0994_ms_genomic.fna.gz,chlorophyta
70448,https://ftp.ncbi.nlm.nih.gov/genomes/all/GCF/000/214/015/GCF_000214015.3_version_140606/GCF_000214015.3_version_140606_cds_from_genomic.fna.gz,https://ftp.ncbi.nlm.nih.gov/genomes/all/GCA/905/339/615/GCA_905339615.1_AP0986_ms/GCA_905339615.1_AP0986_ms_genomic.fna.gz,chlorophyta
70448,https://ftp.ncbi.nlm.nih.gov/genomes/all/GCF/000/214/015/GCF_000214015.3_version_140606/GCF_000214015.3_version_140606_cds_from_genomic.fna.gz,https://ftp.ncbi.nlm.nih.gov/genomes/all/GCA/905/339/625/GCA_905339625.1_AP0982_ms/GCA_905339625.1_AP0982_ms_genomic.fna.gz,chlorophyta
70448,https://ftp.ncbi.nlm.nih.gov/genomes/all/GCF/000/214/015/GCF_000214015.3_version_140606/GCF_000214015.3_version_140606_cds_from_genomic.fna.gz,https://ftp.ncbi.nlm.nih.gov/genomes/all/GCA/905/339/635/GCA_905339635.1_AP0993_ms/GCA_905339635.1_AP0993_ms_genomic.fna.gz,chlorophyta
70448,https://ftp.ncbi.nlm.nih.gov/genomes/all/GCF/000/214/015/GCF_000214015.3_version_140606/GCF_000214015.3_version_140606_cds_from_genomic.fna.gz,https://ftp.ncbi.nlm.nih.gov/genomes/all/GCA/905/339/685/GCA_905339685.1_AP0985_ms/GCA_905339685.1_AP0985_ms_genomic.fna.gz,chlorophyta
72664,https://ftp.ncbi.nlm.nih.gov/genomes/all/GCF/000/478/725/GCF_000478725.1_Eutsalg1_0/GCF_000478725.1_Eutsalg1_0_cds_from_genomic.fna.gz,https://ftp.ncbi.nlm.nih.gov/genomes/all/GCA/000/325/905/GCA_000325905.2_TsV2-8/GCA_000325905.2_TsV2-8_genomic.fna.gz,brassicales
72664,https://ftp.ncbi.nlm.nih.gov/genomes/all/GCF/000/478/725/GCF_000478725.1_Eutsalg1_0/GCF_000478725.1_Eutsalg1_0_cds_from_genomic.fna.gz,https://ftp.ncbi.nlm.nih.gov/genomes/all/GCA/016/617/915/GCA_016617915.1_SCU_Esa_1.0/GCA_016617915.1_SCU_Esa_1.0_genomic.fna.gz,brassicales
85692,https://ftp.ncbi.nlm.nih.gov/genomes/all/GCF/002/162/155/GCF_002162155.1_WEW_v2.0/GCF_002162155.1_WEW_v2.0_cds_from_genomic.fna.gz,https://ftp.ncbi.nlm.nih.gov/genomes/all/GCA/009/802/035/GCA_009802035.1_Tritex_turgidum_zavitan/GCA_009802035.1_Tritex_turgidum_zavitan_genomic.fna.gz,poales
85692,https://ftp.ncbi.nlm.nih.gov/genomes/all/GCF/002/162/155/GCF_002162155.1_WEW_v2.0/GCF_002162155.1_WEW_v2.0_cds_from_genomic.fna.gz,https://ftp.ncbi.nlm.nih.gov/genomes/all/GCA/900/184/675/GCA_900184675.1_WEW_v1/GCA_900184675.1_WEW_v1_genomic.fna.gz,poales
85692,https://ftp.ncbi.nlm.nih.gov/genomes/all/GCF/002/162/155/GCF_002162155.1_WEW_v2.0/GCF_002162155.1_WEW_v2.0_cds_from_genomic.fna.gz,https://ftp.ncbi.nlm.nih.gov/genomes/all/GCA/902/651/645/GCA_902651645.1_Tritex_Tturgidum_zavitan/GCA_902651645.1_Tritex_Tturgidum_zavitan_genomic.fna.gz,poales
102211,https://ftp.ncbi.nlm.nih.gov/genomes/all/GCF/009/727/055/GCF_009727055.1_ASM972705v1/GCF_009727055.1_ASM972705v1_cds_from_genomic.fna.gz,https://ftp.ncbi.nlm.nih.gov/genomes/all/GCA/012/071/895/GCA_012071895.1_ASM1207189v1/GCA_012071895.1_ASM1207189v1_genomic.fna.gz,eudicots
102211,https://ftp.ncbi.nlm.nih.gov/genomes/all/GCF/009/727/055/GCF_009727055.1_ASM972705v1/GCF_009727055.1_ASM972705v1_cds_from_genomic.fna.gz,https://ftp.ncbi.nlm.nih.gov/genomes/all/GCA/016/987/355/GCA_016987355.1_ASM1698735v1/GCA_016987355.1_ASM1698735v1_genomic.fna.gz,eudicots
130081,https://ftp.ncbi.nlm.nih.gov/genomes/all/GCF/000/341/285/GCF_000341285.1_ASM34128v1/GCF_000341285.1_ASM34128v1_cds_from_genomic.fna.gz,https://ftp.ncbi.nlm.nih.gov/genomes/all/GCA/001/704/855/GCA_001704855.1_ASM170485v1/GCA_001704855.1_ASM170485v1_genomic.fna.gz,eukaryota
130081,https://ftp.ncbi.nlm.nih.gov/genomes/all/GCF/000/341/285/GCF_000341285.1_ASM34128v1/GCF_000341285.1_ASM34128v1_cds_from_genomic.fna.gz,https://ftp.ncbi.nlm.nih.gov/genomes/all/GCA/006/232/335/GCA_006232335.1_ASM623233v1/GCA_006232335.1_ASM623233v1_genomic.fna.gz,eukaryota
130081,https://ftp.ncbi.nlm.nih.gov/genomes/all/GCF/000/341/285/GCF_000341285.1_ASM34128v1/GCF_000341285.1_ASM34128v1_cds_from_genomic.fna.gz,https://ftp.ncbi.nlm.nih.gov/genomes/all/GCA/006/232/365/GCA_006232365.1_ASM623236v1/GCA_006232365.1_ASM623236v1_genomic.fna.gz,eukaryota
130081,https://ftp.ncbi.nlm.nih.gov/genomes/all/GCF/000/341/285/GCF_000341285.1_ASM34128v1/GCF_000341285.1_ASM34128v1_cds_from_genomic.fna.gz,https://ftp.ncbi.nlm.nih.gov/genomes/all/GCA/006/232/395/GCA_006232395.1_ASM623239v1/GCA_006232395.1_ASM623239v1_genomic.fna.gz,eukaryota
130081,https://ftp.ncbi.nlm.nih.gov/genomes/all/GCF/000/341/285/GCF_000341285.1_ASM34128v1/GCF_000341285.1_ASM34128v1_cds_from_genomic.fna.gz,https://ftp.ncbi.nlm.nih.gov/genomes/all/GCA/006/232/405/GCA_006232405.1_ASM623240v1/GCA_006232405.1_ASM623240v1_genomic.fna.gz,eukaryota
130081,https://ftp.ncbi.nlm.nih.gov/genomes/all/GCF/000/341/285/GCF_000341285.1_ASM34128v1/GCF_000341285.1_ASM34128v1_cds_from_genomic.fna.gz,https://ftp.ncbi.nlm.nih.gov/genomes/all/GCA/006/232/475/GCA_006232475.1_ASM623247v1/GCA_006232475.1_ASM623247v1_genomic.fna.gz,eukaryota
130081,https://ftp.ncbi.nlm.nih.gov/genomes/all/GCF/000/341/285/GCF_000341285.1_ASM34128v1/GCF_000341285.1_ASM34128v1_cds_from_genomic.fna.gz,https://ftp.ncbi.nlm.nih.gov/genomes/all/GCA/006/232/505/GCA_006232505.1_ASM623250v1/GCA_006232505.1_ASM623250v1_genomic.fna.gz,eukaryota
130081,https://ftp.ncbi.nlm.nih.gov/genomes/all/GCF/000/341/285/GCF_000341285.1_ASM34128v1/GCF_000341285.1_ASM34128v1_cds_from_genomic.fna.gz,https://ftp.ncbi.nlm.nih.gov/genomes/all/GCA/006/232/515/GCA_006232515.1_ASM623251v1/GCA_006232515.1_ASM623251v1_genomic.fna.gz,eukaryota
130081,https://ftp.ncbi.nlm.nih.gov/genomes/all/GCF/000/341/285/GCF_000341285.1_ASM34128v1/GCF_000341285.1_ASM34128v1_cds_from_genomic.fna.gz,https://ftp.ncbi.nlm.nih.gov/genomes/all/GCA/006/232/545/GCA_006232545.1_ASM623254v1/GCA_006232545.1_ASM623254v1_genomic.fna.gz,eukaryota
130081,https://ftp.ncbi.nlm.nih.gov/genomes/all/GCF/000/341/285/GCF_000341285.1_ASM34128v1/GCF_000341285.1_ASM34128v1_cds_from_genomic.fna.gz,https://ftp.ncbi.nlm.nih.gov/genomes/all/GCA/019/693/475/GCA_019693475.1_ASM1969347v1/GCA_019693475.1_ASM1969347v1_genomic.fna.gz,eukaryota
130453,https://ftp.ncbi.nlm.nih.gov/genomes/all/GCF/000/817/695/GCF_000817695.2_Aradu1.1/GCF_000817695.2_Aradu1.1_cds_from_genomic.fna.gz,https://ftp.ncbi.nlm.nih.gov/genomes/all/GCA/001/687/015/GCA_001687015.1_ASM168701v1/GCA_001687015.1_ASM168701v1_genomic.fna.gz,fabales
130453,https://ftp.ncbi.nlm.nih.gov/genomes/all/GCF/000/817/695/GCF_000817695.2_Aradu1.1/GCF_000817695.2_Aradu1.1_cds_from_genomic.fna.gz,https://ftp.ncbi.nlm.nih.gov/genomes/all/GCA/014/805/325/GCA_014805325.1_aradu.K30065.gnm1.M24N/GCA_014805325.1_aradu.K30065.gnm1.M24N_genomic.fna.gz,fabales
130453,https://ftp.ncbi.nlm.nih.gov/genomes/all/GCF/000/817/695/GCF_000817695.2_Aradu1.1/GCF_000817695.2_Aradu1.1_cds_from_genomic.fna.gz,https://ftp.ncbi.nlm.nih.gov/genomes/all/GCA/018/207/795/GCA_018207795.1_aradu.K30060.gnm1.W9B1/GCA_018207795.1_aradu.K30060.gnm1.W9B1_genomic.fna.gz,fabales
161934,https://ftp.ncbi.nlm.nih.gov/genomes/all/GCF/000/511/025/GCF_000511025.2_RefBeet-1.2.2/GCF_000511025.2_RefBeet-1.2.2_cds_from_genomic.fna.gz,https://ftp.ncbi.nlm.nih.gov/genomes/all/GCA/000/397/105/GCA_000397105.1_BvvSeq-1/GCA_000397105.1_BvvSeq-1_genomic.fna.gz,eudicots
161934,https://ftp.ncbi.nlm.nih.gov/genomes/all/GCF/000/511/025/GCF_000511025.2_RefBeet-1.2.2/GCF_000511025.2_RefBeet-1.2.2_cds_from_genomic.fna.gz,https://ftp.ncbi.nlm.nih.gov/genomes/all/GCA/000/510/365/GCA_000510365.1_KDHBv-1.0.1/GCA_000510365.1_KDHBv-1.0.1_genomic.fna.gz,eudicots
161934,https://ftp.ncbi.nlm.nih.gov/genomes/all/GCF/000/511/025/GCF_000511025.2_RefBeet-1.2.2/GCF_000511025.2_RefBeet-1.2.2_cds_from_genomic.fna.gz,https://ftp.ncbi.nlm.nih.gov/genomes/all/GCA/000/510/465/GCA_000510465.1_UMSBv-1.0.1/GCA_000510465.1_UMSBv-1.0.1_genomic.fna.gz,eudicots
161934,https://ftp.ncbi.nlm.nih.gov/genomes/all/GCF/000/511/025/GCF_000511025.2_RefBeet-1.2.2/GCF_000511025.2_RefBeet-1.2.2_cds_from_genomic.fna.gz,https://ftp.ncbi.nlm.nih.gov/genomes/all/GCA/000/510/485/GCA_000510485.1_YMoBv-1.0.1/GCA_000510485.1_YMoBv-1.0.1_genomic.fna.gz,eudicots
161934,https://ftp.ncbi.nlm.nih.gov/genomes/all/GCF/000/511/025/GCF_000511025.2_RefBeet-1.2.2/GCF_000511025.2_RefBeet-1.2.2_cds_from_genomic.fna.gz,https://ftp.ncbi.nlm.nih.gov/genomes/all/GCA/000/510/875/GCA_000510875.1_YTiBv-1.0.1/GCA_000510875.1_YTiBv-1.0.1_genomic.fna.gz,eudicots
161934,https://ftp.ncbi.nlm.nih.gov/genomes/all/GCF/000/511/025/GCF_000511025.2_RefBeet-1.2.2/GCF_000511025.2_RefBeet-1.2.2_cds_from_genomic.fna.gz,https://ftp.ncbi.nlm.nih.gov/genomes/all/GCA/000/510/975/GCA_000510975.1_RefBeet-1.1.1/GCA_000510975.1_RefBeet-1.1.1_genomic.fna.gz,eudicots
161934,https://ftp.ncbi.nlm.nih.gov/genomes/all/GCF/000/511/025/GCF_000511025.2_RefBeet-1.2.2/GCF_000511025.2_RefBeet-1.2.2_cds_from_genomic.fna.gz,https://ftp.ncbi.nlm.nih.gov/genomes/all/GCA/000/729/925/GCA_000729925.1_BvulgarisC0t1.0/GCA_000729925.1_BvulgarisC0t1.0_genomic.fna.gz,eudicots
161934,https://ftp.ncbi.nlm.nih.gov/genomes/all/GCF/000/511/025/GCF_000511025.2_RefBeet-1.2.2/GCF_000511025.2_RefBeet-1.2.2_cds_from_genomic.fna.gz,https://ftp.ncbi.nlm.nih.gov/genomes/all/GCA/002/917/755/GCA_002917755.1_EL10_1.0/GCA_002917755.1_EL10_1.0_genomic.fna.gz,eudicots
161934,https://ftp.ncbi.nlm.nih.gov/genomes/all/GCF/000/511/025/GCF_000511025.2_RefBeet-1.2.2/GCF_000511025.2_RefBeet-1.2.2_cds_from_genomic.fna.gz,https://ftp.ncbi.nlm.nih.gov/genomes/all/GCA/005/862/445/GCA_005862445.2_Bmar-1.0.1/GCA_005862445.2_Bmar-1.0.1_genomic.fna.gz,eudicots
161934,https://ftp.ncbi.nlm.nih.gov/genomes/all/GCF/000/511/025/GCF_000511025.2_RefBeet-1.2.2/GCF_000511025.2_RefBeet-1.2.2_cds_from_genomic.fna.gz,https://ftp.ncbi.nlm.nih.gov/genomes/all/GCA/018/282/175/GCA_018282175.1_Chard-1.0/GCA_018282175.1_Chard-1.0_genomic.fna.gz,eudicots
180498,https://ftp.ncbi.nlm.nih.gov/genomes/all/GCF/014/843/425/GCF_014843425.1_RJC1_Hi-C/GCF_014843425.1_RJC1_Hi-C_cds_from_genomic.fna.gz,https://ftp.ncbi.nlm.nih.gov/genomes/all/GCA/000/208/675/GCA_000208675.2_JAT_r4.5/GCA_000208675.2_JAT_r4.5_genomic.fna.gz,eudicots
180498,https://ftp.ncbi.nlm.nih.gov/genomes/all/GCF/014/843/425/GCF_014843425.1_RJC1_Hi-C/GCF_014843425.1_RJC1_Hi-C_cds_from_genomic.fna.gz,https://ftp.ncbi.nlm.nih.gov/genomes/all/GCA/000/696/525/GCA_000696525.1_JatCur_1.0/GCA_000696525.1_JatCur_1.0_genomic.fna.gz,eudicots
180498,https://ftp.ncbi.nlm.nih.gov/genomes/all/GCF/014/843/425/GCF_014843425.1_RJC1_Hi-C/GCF_014843425.1_RJC1_Hi-C_cds_from_genomic.fna.gz,https://ftp.ncbi.nlm.nih.gov/genomes/all/GCA/004/143/595/GCA_004143595.1_RIL_Jcurcas_v1/GCA_004143595.1_RIL_Jcurcas_v1_genomic.fna.gz,eudicots
326968,https://ftp.ncbi.nlm.nih.gov/genomes/all/GCF/000/826/755/GCF_000826755.1_ZizJuj_1.1/GCF_000826755.1_ZizJuj_1.1_cds_from_genomic.fna.gz,https://ftp.ncbi.nlm.nih.gov/genomes/all/GCA/001/835/785/GCA_001835785.2_NAFU_Zjuj_v2.0/GCA_001835785.2_NAFU_Zjuj_v2.0_genomic.fna.gz,eudicots
326968,https://ftp.ncbi.nlm.nih.gov/genomes/all/GCF/000/826/755/GCF_000826755.1_ZizJuj_1.1/GCF_000826755.1_ZizJuj_1.1_cds_from_genomic.fna.gz,https://ftp.ncbi.nlm.nih.gov/genomes/all/GCA/020/796/205/GCA_020796205.1_ASM2079620v1/GCA_020796205.1_ASM2079620v1_genomic.fna.gz,eudicots