4781,https://ftp.ncbi.nlm.nih.gov/genomes/all/GCF/900/000/015/GCF_900000015.1_Plasmopara_halstedii_genome/GCF_900000015.1_Plasmopara_halstedii_genome_cds_from_genomic.fna.gz,https://ftp.ncbi.nlm.nih.gov/genomes/all/GCA/003/640/465/GCA_003640465.1_ASM364046v1/GCA_003640465.1_ASM364046v1_genomic.fna.gz,stramenopiles
4781,https://ftp.ncbi.nlm.nih.gov/genomes/all/GCF/900/000/015/GCF_900000015.1_Plasmopara_halstedii_genome/GCF_900000015.1_Plasmopara_halstedii_genome_cds_from_genomic.fna.gz,https://ftp.ncbi.nlm.nih.gov/genomes/all/GCA/003/640/505/GCA_003640505.1_ASM364050v1/GCA_003640505.1_ASM364050v1_genomic.fna.gz,stramenopiles
4781,https://ftp.ncbi.nlm.nih.gov/genomes/all/GCF/900/000/015/GCF_900000015.1_Plasmopara_halstedii_genome/GCF_900000015.1_Plasmopara_halstedii_genome_cds_from_genomic.fna.gz,https://ftp.ncbi.nlm.nih.gov/genomes/all/GCA/003/724/065/GCA_003724065.1_Plhal710r1/GCA_003724065.1_Plhal710r1_genomic.fna.gz,stramenopiles
4781,https://ftp.ncbi.nlm.nih.gov/genomes/all/GCF/900/000/015/GCF_900000015.1_Plasmopara_halstedii_genome/GCF_900000015.1_Plasmopara_halstedii_genome_cds_from_genomic.fna.gz,https://ftp.ncbi.nlm.nih.gov/genomes/all/GCA/004/380/875/GCA_004380875.1_ASM438087v1/GCA_004380875.1_ASM438087v1_genomic.fna.gz,stramenopiles
4787,https://ftp.ncbi.nlm.nih.gov/genomes/all/GCF/000/142/945/GCF_000142945.1_ASM14294v1/GCF_000142945.1_ASM14294v1_cds_from_genomic.fna.gz,https://ftp.ncbi.nlm.nih.gov/genomes/all/GCA/001/661/535/GCA_001661535.1_ASM166153v1/GCA_001661535.1_ASM166153v1_genomic.fna.gz,stramenopiles
4787,https://ftp.ncbi.nlm.nih.gov/genomes/all/GCF/000/142/945/GCF_000142945.1_ASM14294v1/GCF_000142945.1_ASM14294v1_cds_from_genomic.fna.gz,https://ftp.ncbi.nlm.nih.gov/genomes/all/GCA/011/316/315/GCA_011316315.1_UAnd_PInf_RC1-10.1/GCA_011316315.1_UAnd_PInf_RC1-10.1_genomic.fna.gz,stramenopiles
4787,https://ftp.ncbi.nlm.nih.gov/genomes/all/GCF/000/142/945/GCF_000142945.1_ASM14294v1/GCF_000142945.1_ASM14294v1_cds_from_genomic.fna.gz,https://ftp.ncbi.nlm.nih.gov/genomes/all/GCA/012/295/175/GCA_012295175.1_ASM1229517v1/GCA_012295175.1_ASM1229517v1_genomic.fna.gz,stramenopiles
4787,https://ftp.ncbi.nlm.nih.gov/genomes/all/GCF/000/142/945/GCF_000142945.1_ASM14294v1/GCF_000142945.1_ASM14294v1_cds_from_genomic.fna.gz,https://ftp.ncbi.nlm.nih.gov/genomes/all/GCA/012/552/325/GCA_012552325.1_ASM1255232v1/GCA_012552325.1_ASM1255232v1_genomic.fna.gz,stramenopiles
4792,https://ftp.ncbi.nlm.nih.gov/genomes/all/GCF/000/247/585/GCF_000247585.1_PP_INRA-310_V2/GCF_000247585.1_PP_INRA-310_V2_cds_from_genomic.fna.gz,https://ftp.ncbi.nlm.nih.gov/genomes/all/GCA/000/509/465/GCA_000509465.1_Phyt_para_CJ02B3_V1/GCA_000509465.1_Phyt_para_CJ02B3_V1_genomic.fna.gz,stramenopiles
4792,https://ftp.ncbi.nlm.nih.gov/genomes/all/GCF/000/247/585/GCF_000247585.1_PP_INRA-310_V2/GCF_000247585.1_PP_INRA-310_V2_cds_from_genomic.fna.gz,https://ftp.ncbi.nlm.nih.gov/genomes/all/GCA/000/509/485/GCA_000509485.1_Phyt_para_CJ05E6_V1/GCA_000509485.1_Phyt_para_CJ05E6_V1_genomic.fna.gz,stramenopiles
4792,https://ftp.ncbi.nlm.nih.gov/genomes/all/GCF/000/247/585/GCF_000247585.1_PP_INRA-310_V2/GCF_000247585.1_PP_INRA-310_V2_cds_from_genomic.fna.gz,https://ftp.ncbi.nlm.nih.gov/genomes/all/GCA/000/509/505/GCA_000509505.1_Phyt_para_CHvinca01_V1/GCA_000509505.1_Phyt_para_CHvinca01_V1_genomic.fna.gz,stramenopiles
4792,https://ftp.ncbi.nlm.nih.gov/genomes/all/GCF/000/247/585/GCF_000247585.1_PP_INRA-310_V2/GCF_000247585.1_PP_INRA-310_V2_cds_from_genomic.fna.gz,https://ftp.ncbi.nlm.nih.gov/genomes/all/GCA/000/509/525/GCA_000509525.1_Phyt_para_IAC_01_95_V1/GCA_000509525.1_Phyt_para_IAC_01_95_V1_genomic.fna.gz,stramenopiles
4792,https://ftp.ncbi.nlm.nih.gov/genomes/all/GCF/000/247/585/GCF_000247585.1_PP_INRA-310_V2/GCF_000247585.1_PP_INRA-310_V2_cds_from_genomic.fna.gz,https://ftp.ncbi.nlm.nih.gov/genomes/all/GCA/000/365/545/GCA_000365545.1_Phyt_para_CJ01A1_V1/GCA_000365545.1_Phyt_para_CJ01A1_V1_genomic.fna.gz,stramenopiles
4792,https://ftp.ncbi.nlm.nih.gov/genomes/all/GCF/000/247/585/GCF_000247585.1_PP_INRA-310_V2/GCF_000247585.1_PP_INRA-310_V2_cds_from_genomic.fna.gz,https://ftp.ncbi.nlm.nih.gov/genomes/all/GCA/000/367/145/GCA_000367145.1_Phyt_para_P10297_V1/GCA_000367145.1_Phyt_para_P10297_V1_genomic.fna.gz,stramenopiles
4792,https://ftp.ncbi.nlm.nih.gov/genomes/all/GCF/000/247/585/GCF_000247585.1_PP_INRA-310_V2/GCF_000247585.1_PP_INRA-310_V2_cds_from_genomic.fna.gz,https://ftp.ncbi.nlm.nih.gov/genomes/all/GCA/000/365/505/GCA_000365505.1_Phyt_para_P1569_V1/GCA_000365505.1_Phyt_para_P1569_V1_genomic.fna.gz,stramenopiles
4792,https://ftp.ncbi.nlm.nih.gov/genomes/all/GCF/000/247/585/GCF_000247585.1_PP_INRA-310_V2/GCF_000247585.1_PP_INRA-310_V2_cds_from_genomic.fna.gz,https://ftp.ncbi.nlm.nih.gov/genomes/all/GCA/000/365/525/GCA_000365525.1_Phyt_para_P1976_V1/GCA_000365525.1_Phyt_para_P1976_V1_genomic.fna.gz,stramenopiles
5660,https://ftp.ncbi.nlm.nih.gov/genomes/all/GCF/000/002/845/GCF_000002845.2_ASM284v2/GCF_000002845.2_ASM284v2_cds_from_genomic.fna.gz,https://ftp.ncbi.nlm.nih.gov/genomes/all/GCA/003/304/975/GCA_003304975.1_IOC-L_3564/GCA_003304975.1_IOC-L_3564_genomic.fna.gz,euglenozoa
5660,https://ftp.ncbi.nlm.nih.gov/genomes/all/GCF/000/002/845/GCF_000002845.2_ASM284v2/GCF_000002845.2_ASM284v2_cds_from_genomic.fna.gz,https://ftp.ncbi.nlm.nih.gov/genomes/all/GCA/900/537/975/GCA_900537975.1_LBRM_genome_annotation/GCA_900537975.1_LBRM_genome_annotation_genomic.fna.gz,euglenozoa
5660,https://ftp.ncbi.nlm.nih.gov/genomes/all/GCF/000/002/845/GCF_000002845.2_ASM284v2/GCF_000002845.2_ASM284v2_cds_from_genomic.fna.gz,https://ftp.ncbi.nlm.nih.gov/genomes/all/GCA/000/340/355/GCA_000340355.2_Leishmania_braziliensis_M2903-1.0.6/GCA_000340355.2_Leishmania_braziliensis_M2903-1.0.6_genomic.fna.gz,euglenozoa
5661,https://ftp.ncbi.nlm.nih.gov/genomes/all/GCF/000/227/135/GCF_000227135.1_ASM22713v2/GCF_000227135.1_ASM22713v2_cds_from_genomic.fna.gz,https://ftp.ncbi.nlm.nih.gov/genomes/all/GCA/000/470/725/GCA_000470725.1_BHU1220/GCA_000470725.1_BHU1220_genomic.fna.gz,euglenozoa
5661,https://ftp.ncbi.nlm.nih.gov/genomes/all/GCF/000/227/135/GCF_000227135.1_ASM22713v2/GCF_000227135.1_ASM22713v2_cds_from_genomic.fna.gz,https://ftp.ncbi.nlm.nih.gov/genomes/all/GCA/001/989/955/GCA_001989955.1_ASM198995v1/GCA_001989955.1_ASM198995v1_genomic.fna.gz,euglenozoa
5661,https://ftp.ncbi.nlm.nih.gov/genomes/all/GCF/000/227/135/GCF_000227135.1_ASM22713v2/GCF_000227135.1_ASM22713v2_cds_from_genomic.fna.gz,https://ftp.ncbi.nlm.nih.gov/genomes/all/GCA/001/989/975/GCA_001989975.1_ASM198997v1/GCA_001989975.1_ASM198997v1_genomic.fna.gz,euglenozoa
5661,https://ftp.ncbi.nlm.nih.gov/genomes/all/GCF/000/227/135/GCF_000227135.1_ASM22713v2/GCF_000227135.1_ASM22713v2_cds_from_genomic.fna.gz,https://ftp.ncbi.nlm.nih.gov/genomes/all/GCA/002/243/465/GCA_002243465.1_ASM224346v1/GCA_002243465.1_ASM224346v1_genomic.fna.gz,euglenozoa
5661,https://ftp.ncbi.nlm.nih.gov/genomes/all/GCF/000/227/135/GCF_000227135.1_ASM22713v2/GCF_000227135.1_ASM22713v2_cds_from_genomic.fna.gz,https://ftp.ncbi.nlm.nih.gov/genomes/all/GCA/003/719/575/GCA_003719575.1_ASM371957v1/GCA_003719575.1_ASM371957v1_genomic.fna.gz,euglenozoa
5661,https://ftp.ncbi.nlm.nih.gov/genomes/all/GCF/000/227/135/GCF_000227135.1_ASM22713v2/GCF_000227135.1_ASM22713v2_cds_from_genomic.fna.gz,https://ftp.ncbi.nlm.nih.gov/genomes/all/GCA/003/730/175/GCA_003730175.1_ASM373017v1/GCA_003730175.1_ASM373017v1_genomic.fna.gz,euglenozoa
5661,https://ftp.ncbi.nlm.nih.gov/genomes/all/GCF/000/227/135/GCF_000227135.1_ASM22713v2/GCF_000227135.1_ASM22713v2_cds_from_genomic.fna.gz,https://ftp.ncbi.nlm.nih.gov/genomes/all/GCA/003/730/215/GCA_003730215.1_ASM373021v1/GCA_003730215.1_ASM373021v1_genomic.fna.gz,euglenozoa
5661,https://ftp.ncbi.nlm.nih.gov/genomes/all/GCF/000/227/135/GCF_000227135.1_ASM22713v2/GCF_000227135.1_ASM22713v2_cds_from_genomic.fna.gz,https://ftp.ncbi.nlm.nih.gov/genomes/all/GCA/900/635/355/GCA_900635355.2_LDHU3_new/GCA_900635355.2_LDHU3_new_genomic.fna.gz,euglenozoa
5661,https://ftp.ncbi.nlm.nih.gov/genomes/all/GCF/000/227/135/GCF_000227135.1_ASM22713v2/GCF_000227135.1_ASM22713v2_cds_from_genomic.fna.gz,https://ftp.ncbi.nlm.nih.gov/genomes/all/GCA/000/283/395/GCA_000283395.1_ASM28339v1/GCA_000283395.1_ASM28339v1_genomic.fna.gz,euglenozoa
5661,https://ftp.ncbi.nlm.nih.gov/genomes/all/GCF/000/227/135/GCF_000227135.1_ASM22713v2/GCF_000227135.1_ASM22713v2_cds_from_genomic.fna.gz,https://ftp.ncbi.nlm.nih.gov/genomes/all/GCA/000/316/305/GCA_000316305.1_ld39_assembly/GCA_000316305.1_ld39_assembly_genomic.fna.gz,euglenozoa
5664,https://ftp.ncbi.nlm.nih.gov/genomes/all/GCF/000/002/725/GCF_000002725.2_ASM272v2/GCF_000002725.2_ASM272v2_cds_from_genomic.fna.gz,https://ftp.ncbi.nlm.nih.gov/genomes/all/GCA/020/783/415/GCA_020783415.1_ASM2078341v1/GCA_020783415.1_ASM2078341v1_genomic.fna.gz,euglenozoa
5664,https://ftp.ncbi.nlm.nih.gov/genomes/all/GCF/000/002/725/GCF_000002725.2_ASM272v2/GCF_000002725.2_ASM272v2_cds_from_genomic.fna.gz,https://ftp.ncbi.nlm.nih.gov/genomes/all/GCA/916/722/125/GCA_916722125.1_LMJFC_annotationDEFINITIVO/GCA_916722125.1_LMJFC_annotationDEFINITIVO_genomic.fna.gz,euglenozoa
5664,https://ftp.ncbi.nlm.nih.gov/genomes/all/GCF/000/002/725/GCF_000002725.2_ASM272v2/GCF_000002725.2_ASM272v2_cds_from_genomic.fna.gz,https://ftp.ncbi.nlm.nih.gov/genomes/all/GCA/000/331/345/GCA_000331345.1_Leishmania_major_LV39c5-1.0.1/GCA_000331345.1_Leishmania_major_LV39c5-1.0.1_genomic.fna.gz,euglenozoa
5664,https://ftp.ncbi.nlm.nih.gov/genomes/all/GCF/000/002/725/GCF_000002725.2_ASM272v2/GCF_000002725.2_ASM272v2_cds_from_genomic.fna.gz,https://ftp.ncbi.nlm.nih.gov/genomes/all/GCA/000/250/755/GCA_000250755.2_Leishmania_major_SD_75.1-1.1.1/GCA_000250755.2_Leishmania_major_SD_75.1-1.1.1_genomic.fna.gz,euglenozoa
5671,https://ftp.ncbi.nlm.nih.gov/genomes/all/GCF/000/002/875/GCF_000002875.2_ASM287v2/GCF_000002875.2_ASM287v2_cds_from_genomic.fna.gz,https://ftp.ncbi.nlm.nih.gov/genomes/all/GCA/003/020/905/GCA_003020905.1_ASM302090v1/GCA_003020905.1_ASM302090v1_genomic.fna.gz,euglenozoa
5671,https://ftp.ncbi.nlm.nih.gov/genomes/all/GCF/000/002/875/GCF_000002875.2_ASM287v2/GCF_000002875.2_ASM287v2_cds_from_genomic.fna.gz,https://ftp.ncbi.nlm.nih.gov/genomes/all/GCA/003/671/315/GCA_003671315.1_HUUFS14/GCA_003671315.1_HUUFS14_genomic.fna.gz,euglenozoa
5671,https://ftp.ncbi.nlm.nih.gov/genomes/all/GCF/000/002/875/GCF_000002875.2_ASM287v2/GCF_000002875.2_ASM287v2_cds_from_genomic.fna.gz,https://ftp.ncbi.nlm.nih.gov/genomes/all/GCA/020/705/095/GCA_020705095.1_ASM2070509v1/GCA_020705095.1_ASM2070509v1_genomic.fna.gz,euglenozoa
5671,https://ftp.ncbi.nlm.nih.gov/genomes/all/GCF/000/002/875/GCF_000002875.2_ASM287v2/GCF_000002875.2_ASM287v2_cds_from_genomic.fna.gz,https://ftp.ncbi.nlm.nih.gov/genomes/all/GCA/900/500/625/GCA_900500625.2_LINF/GCA_900500625.2_LINF_genomic.fna.gz,euglenozoa
5691,https://ftp.ncbi.nlm.nih.gov/genomes/all/GCF/000/002/445/GCF_000002445.2_ASM244v1/GCF_000002445.2_ASM244v1_cds_from_genomic.fna.gz,https://ftp.ncbi.nlm.nih.gov/genomes/all/GCA/019/096/175/GCA_019096175.1_IZB_EATRO1125_Draft_genome_1.0/GCA_019096175.1_IZB_EATRO1125_Draft_genome_1.0_genomic.fna.gz,euglenozoa
5691,https://ftp.ncbi.nlm.nih.gov/genomes/all/GCF/000/002/445/GCF_000002445.2_ASM244v1/GCF_000002445.2_ASM244v1_cds_from_genomic.fna.gz,https://ftp.ncbi.nlm.nih.gov/genomes/all/GCA/900/497/135/GCA_900497135.1_HGAP3_Tb427v9/GCA_900497135.1_HGAP3_Tb427v9_genomic.fna.gz,euglenozoa
5691,https://ftp.ncbi.nlm.nih.gov/genomes/all/GCF/000/002/445/GCF_000002445.2_ASM244v1/GCF_000002445.2_ASM244v1_cds_from_genomic.fna.gz,https://ftp.ncbi.nlm.nih.gov/genomes/all/GCA/003/543/875/GCA_003543875.1_ASM354387v1/GCA_003543875.1_ASM354387v1_genomic.fna.gz,euglenozoa
5691,https://ftp.ncbi.nlm.nih.gov/genomes/all/GCF/000/002/445/GCF_000002445.2_ASM244v1/GCF_000002445.2_ASM244v1_cds_from_genomic.fna.gz,https://ftp.ncbi.nlm.nih.gov/genomes/all/GCA/000/210/295/GCA_000210295.1_ASM21029v1/GCA_000210295.1_ASM21029v1_genomic.fna.gz,euglenozoa
5755,https://ftp.ncbi.nlm.nih.gov/genomes/all/GCF/000/313/135/GCF_000313135.1_Acastellanii.strNEFF_v1/GCF_000313135.1_Acastellanii.strNEFF_v1_cds_from_genomic.fna.gz,https://ftp.ncbi.nlm.nih.gov/genomes/all/GCA/000/193/105/GCA_000193105.1_Acas_2.0/GCA_000193105.1_Acas_2.0_genomic.fna.gz,eukaryota
5755,https://ftp.ncbi.nlm.nih.gov/genomes/all/GCF/000/313/135/GCF_000313135.1_Acastellanii.strNEFF_v1/GCF_000313135.1_Acastellanii.strNEFF_v1_cds_from_genomic.fna.gz,https://ftp.ncbi.nlm.nih.gov/genomes/all/GCA/000/826/485/GCA_000826485.1_Acanthamoeba_castellanii/GCA_000826485.1_Acanthamoeba_castellanii_genomic.fna.gz,eukaryota
5755,https://ftp.ncbi.nlm.nih.gov/genomes/all/GCF/000/313/135/GCF_000313135.1_Acastellanii.strNEFF_v1/GCF_000313135.1_Acastellanii.strNEFF_v1_cds_from_genomic.fna.gz,https://ftp.ncbi.nlm.nih.gov/genomes/all/GCA/021/020/595/GCA_021020595.1_ASM2102059v1/GCA_021020595.1_ASM2102059v1_genomic.fna.gz,eukaryota
5755,https://ftp.ncbi.nlm.nih.gov/genomes/all/GCF/000/313/135/GCF_000313135.1_Acastellanii.strNEFF_v1/GCF_000313135.1_Acastellanii.strNEFF_v1_cds_from_genomic.fna.gz,https://ftp.ncbi.nlm.nih.gov/genomes/all/GCA/021/020/605/GCA_021020605.1_ASM2102060v1/GCA_021020605.1_ASM2102060v1_genomic.fna.gz,eukaryota
5755,https://ftp.ncbi.nlm.nih.gov/genomes/all/GCF/000/313/135/GCF_000313135.1_Acastellanii.strNEFF_v1/GCF_000313135.1_Acastellanii.strNEFF_v1_cds_from_genomic.fna.gz,https://ftp.ncbi.nlm.nih.gov/genomes/all/GCA/903/821/525/GCA_903821525.1_PRJEB38202/GCA_903821525.1_PRJEB38202_genomic.fna.gz,eukaryota
5763,https://ftp.ncbi.nlm.nih.gov/genomes/all/GCF/008/403/515/GCF_008403515.1_ASM840351v1/GCF_008403515.1_ASM840351v1_cds_from_genomic.fna.gz,https://ftp.ncbi.nlm.nih.gov/genomes/all/GCA/000/499/105/GCA_000499105.1_Naegleria_fowleri_1.0/GCA_000499105.1_Naegleria_fowleri_1.0_genomic.fna.gz,eukaryota
5763,https://ftp.ncbi.nlm.nih.gov/genomes/all/GCF/008/403/515/GCF_008403515.1_ASM840351v1/GCF_008403515.1_ASM840351v1_cds_from_genomic.fna.gz,https://ftp.ncbi.nlm.nih.gov/genomes/all/GCA/014/843/625/GCA_014843625.1_ASM1484362v1/GCA_014843625.1_ASM1484362v1_genomic.fna.gz,eukaryota
5763,https://ftp.ncbi.nlm.nih.gov/genomes/all/GCF/008/403/515/GCF_008403515.1_ASM840351v1/GCF_008403515.1_ASM840351v1_cds_from_genomic.fna.gz,https://ftp.ncbi.nlm.nih.gov/genomes/all/GCA/020/891/285/GCA_020891285.1_Nfowleri_kurume_1.0/GCA_020891285.1_Nfowleri_kurume_1.0_genomic.fna.gz,eukaryota
5763,https://ftp.ncbi.nlm.nih.gov/genomes/all/GCF/008/403/515/GCF_008403515.1_ASM840351v1/GCF_008403515.1_ASM840351v1_cds_from_genomic.fna.gz,https://ftp.ncbi.nlm.nih.gov/genomes/all/GCA/902/703/645/GCA_902703645.1_NF/GCA_902703645.1_NF_genomic.fna.gz,eukaryota
5821,https://ftp.ncbi.nlm.nih.gov/genomes/all/GCF/900/002/375/GCF_900002375.2_GCA_900002375/GCF_900002375.2_GCA_900002375_cds_from_genomic.fna.gz,https://ftp.ncbi.nlm.nih.gov/genomes/all/GCA/900/044/335/GCA_900044335.1_PbK173/GCA_900044335.1_PbK173_genomic.fna.gz,plasmodium
5821,https://ftp.ncbi.nlm.nih.gov/genomes/all/GCF/900/002/375/GCF_900002375.2_GCA_900002375/GCF_900002375.2_GCA_900002375_cds_from_genomic.fna.gz,https://ftp.ncbi.nlm.nih.gov/genomes/all/GCA/900/088/445/GCA_900088445.1_PbNK65E/GCA_900088445.1_PbNK65E_genomic.fna.gz,plasmodium
5821,https://ftp.ncbi.nlm.nih.gov/genomes/all/GCF/900/002/375/GCF_900002375.2_GCA_900002375/GCF_900002375.2_GCA_900002375_cds_from_genomic.fna.gz,https://ftp.ncbi.nlm.nih.gov/genomes/all/GCA/900/095/545/GCA_900095545.1_PBNK65NY/GCA_900095545.1_PBNK65NY_genomic.fna.gz,plasmodium
5821,https://ftp.ncbi.nlm.nih.gov/genomes/all/GCF/900/002/375/GCF_900002375.2_GCA_900002375/GCF_900002375.2_GCA_900002375_cds_from_genomic.fna.gz,https://ftp.ncbi.nlm.nih.gov/genomes/all/GCA/900/095/585/GCA_900095585.1_PbSP11RLL/GCA_900095585.1_PbSP11RLL_genomic.fna.gz,plasmodium
5821,https://ftp.ncbi.nlm.nih.gov/genomes/all/GCF/900/002/375/GCF_900002375.2_GCA_900002375/GCF_900002375.2_GCA_900002375_cds_from_genomic.fna.gz,https://ftp.ncbi.nlm.nih.gov/genomes/all/GCA/900/095/635/GCA_900095635.1_PbSP11A/GCA_900095635.1_PbSP11A_genomic.fna.gz,plasmodium
5825,https://ftp.ncbi.nlm.nih.gov/genomes/all/GCF/900/002/335/GCF_900002335.2_PCHAS01/GCF_900002335.2_PCHAS01_cds_from_genomic.fna.gz,https://ftp.ncbi.nlm.nih.gov/genomes/all/GCA/900/095/565/GCA_900095565.1_PchDK/GCA_900095565.1_PchDK_genomic.fna.gz,plasmodium
5825,https://ftp.ncbi.nlm.nih.gov/genomes/all/GCF/900/002/335/GCF_900002335.2_PCHAS01/GCF_900002335.2_PCHAS01_cds_from_genomic.fna.gz,https://ftp.ncbi.nlm.nih.gov/genomes/all/GCA/900/095/625/GCA_900095625.1_PchDS/GCA_900095625.1_PchDS_genomic.fna.gz,plasmodium
5825,https://ftp.ncbi.nlm.nih.gov/genomes/all/GCF/900/002/335/GCF_900002335.2_PCHAS01/GCF_900002335.2_PCHAS01_cds_from_genomic.fna.gz,https://ftp.ncbi.nlm.nih.gov/genomes/all/GCA/900/095/555/GCA_900095555.1_PchAJ/GCA_900095555.1_PchAJ_genomic.fna.gz,plasmodium
5825,https://ftp.ncbi.nlm.nih.gov/genomes/all/GCF/900/002/335/GCF_900002335.2_PCHAS01/GCF_900002335.2_PCHAS01_cds_from_genomic.fna.gz,https://ftp.ncbi.nlm.nih.gov/genomes/all/GCA/900/095/605/GCA_900095605.1_PchCB/GCA_900095605.1_PchCB_genomic.fna.gz,plasmodium
5850,https://ftp.ncbi.nlm.nih.gov/genomes/all/GCF/000/006/355/GCF_000006355.2_GCA_000006355.2/GCF_000006355.2_GCA_000006355.2_cds_from_genomic.fna.gz,https://ftp.ncbi.nlm.nih.gov/genomes/all/GCA/002/140/095/GCA_002140095.1_PKNOHv1/GCA_002140095.1_PKNOHv1_genomic.fna.gz,plasmodium
5850,https://ftp.ncbi.nlm.nih.gov/genomes/all/GCF/000/006/355/GCF_000006355.2_GCA_000006355.2/GCF_000006355.2_GCA_000006355.2_cds_from_genomic.fna.gz,https://ftp.ncbi.nlm.nih.gov/genomes/all/GCA/900/162/085/GCA_900162085.1_PkA1H1_v1/GCA_900162085.1_PkA1H1_v1_genomic.fna.gz,plasmodium
5850,https://ftp.ncbi.nlm.nih.gov/genomes/all/GCF/000/006/355/GCF_000006355.2_GCA_000006355.2/GCF_000006355.2_GCA_000006355.2_cds_from_genomic.fna.gz,https://ftp.ncbi.nlm.nih.gov/genomes/all/GCA/900/004/885/GCA_900004885.2_PKNA1-C.2/GCA_900004885.2_PKNA1-C.2_genomic.fna.gz,plasmodium
5850,https://ftp.ncbi.nlm.nih.gov/genomes/all/GCF/000/006/355/GCF_000006355.2_GCA_000006355.2/GCF_000006355.2_GCA_000006355.2_cds_from_genomic.fna.gz,https://ftp.ncbi.nlm.nih.gov/genomes/all/GCA/900/005/025/GCA_900005025.2_PKNA1-H.1/GCA_900005025.2_PKNA1-H.1_genomic.fna.gz,plasmodium
5854,https://ftp.ncbi.nlm.nih.gov/genomes/all/GCF/001/601/855/GCF_001601855.1_ASM160185v1/GCF_001601855.1_ASM160185v1_cds_from_genomic.fna.gz,https://ftp.ncbi.nlm.nih.gov/genomes/all/GCA/000/723/685/GCA_000723685.1_PREICH001/GCA_000723685.1_PREICH001_genomic.fna.gz,plasmodium
5854,https://ftp.ncbi.nlm.nih.gov/genomes/all/GCF/001/601/855/GCF_001601855.1_ASM160185v1/GCF_001601855.1_ASM160185v1_cds_from_genomic.fna.gz,https://ftp.ncbi.nlm.nih.gov/genomes/all/GCA/900/097/025/GCA_900097025.1_PRG01/GCA_900097025.1_PRG01_genomic.fna.gz,plasmodium
5858,https://ftp.ncbi.nlm.nih.gov/genomes/all/GCF/900/090/045/GCF_900090045.1_PmUG01/GCF_900090045.1_PmUG01_cds_from_genomic.fna.gz,https://ftp.ncbi.nlm.nih.gov/genomes/all/GCA/900/088/575/GCA_900088575.1_Pmal/GCA_900088575.1_Pmal_genomic.fna.gz,plasmodium
5858,https://ftp.ncbi.nlm.nih.gov/genomes/all/GCF/900/090/045/GCF_900090045.1_PmUG01/GCF_900090045.1_PmUG01_cds_from_genomic.fna.gz,https://ftp.ncbi.nlm.nih.gov/genomes/all/GCA/900/090/005/GCA_900090005.1_PmlGA01/GCA_900090005.1_PmlGA01_genomic.fna.gz,plasmodium
5860,https://ftp.ncbi.nlm.nih.gov/genomes/all/GCF/900/681/995/GCF_900681995.1_PVVCY_v1/GCF_900681995.1_PVVCY_v1_cds_from_genomic.fna.gz,https://ftp.ncbi.nlm.nih.gov/genomes/all/GCA/903/994/265/GCA_903994265.1_PVSEL_v1/GCA_903994265.1_PVSEL_v1_genomic.fna.gz,plasmodium
5860,https://ftp.ncbi.nlm.nih.gov/genomes/all/GCF/900/681/995/GCF_900681995.1_PVVCY_v1/GCF_900681995.1_PVVCY_v1_cds_from_genomic.fna.gz,https://ftp.ncbi.nlm.nih.gov/genomes/all/GCA/000/709/005/GCA_000709005.1_Plas_vinc_vinckei_V1/GCA_000709005.1_Plas_vinc_vinckei_V1_genomic.fna.gz,plasmodium
5860,https://ftp.ncbi.nlm.nih.gov/genomes/all/GCF/900/681/995/GCF_900681995.1_PVVCY_v1/GCF_900681995.1_PVVCY_v1_cds_from_genomic.fna.gz,https://ftp.ncbi.nlm.nih.gov/genomes/all/GCA/900/617/805/GCA_900617805.1_PchV52-2/GCA_900617805.1_PchV52-2_genomic.fna.gz,plasmodium
5860,https://ftp.ncbi.nlm.nih.gov/genomes/all/GCF/900/681/995/GCF_900681995.1_PVVCY_v1/GCF_900681995.1_PVVCY_v1_cds_from_genomic.fna.gz,https://ftp.ncbi.nlm.nih.gov/genomes/all/GCA/900/617/815/GCA_900617815.1_Pvb1-69-2/GCA_900617815.1_Pvb1-69-2_genomic.fna.gz,plasmodium
5860,https://ftp.ncbi.nlm.nih.gov/genomes/all/GCF/900/681/995/GCF_900681995.1_PVVCY_v1/GCF_900681995.1_PVVCY_v1_cds_from_genomic.fna.gz,https://ftp.ncbi.nlm.nih.gov/genomes/all/GCA/903/994/205/GCA_903994205.1_PVBDA_v1/GCA_903994205.1_PVBDA_v1_genomic.fna.gz,plasmodium
5860,https://ftp.ncbi.nlm.nih.gov/genomes/all/GCF/900/681/995/GCF_900681995.1_PVVCY_v1/GCF_900681995.1_PVVCY_v1_cds_from_genomic.fna.gz,https://ftp.ncbi.nlm.nih.gov/genomes/all/GCA/903/994/225/GCA_903994225.1_PVLDE_v1/GCA_903994225.1_PVLDE_v1_genomic.fna.gz,plasmodium
5860,https://ftp.ncbi.nlm.nih.gov/genomes/all/GCF/900/681/995/GCF_900681995.1_PVVCY_v1/GCF_900681995.1_PVVCY_v1_cds_from_genomic.fna.gz,https://ftp.ncbi.nlm.nih.gov/genomes/all/GCA/000/524/515/GCA_000524515.1_Plas_vinc_pett_CR_V1/GCA_000524515.1_Plas_vinc_pett_CR_V1_genomic.fna.gz,plasmodium
5860,https://ftp.ncbi.nlm.nih.gov/genomes/all/GCF/900/681/995/GCF_900681995.1_PVVCY_v1/GCF_900681995.1_PVVCY_v1_cds_from_genomic.fna.gz,https://ftp.ncbi.nlm.nih.gov/genomes/all/GCA/900/617/785/GCA_900617785.1_Pch2CR-2/GCA_900617785.1_Pch2CR-2_genomic.fna.gz,plasmodium
5860,https://ftp.ncbi.nlm.nih.gov/genomes/all/GCF/900/681/995/GCF_900681995.1_PVVCY_v1/GCF_900681995.1_PVVCY_v1_cds_from_genomic.fna.gz,https://ftp.ncbi.nlm.nih.gov/genomes/all/GCA/903/994/235/GCA_903994235.1_PVPCR_v1/GCA_903994235.1_PVPCR_v1_genomic.fna.gz,plasmodium
5865,https://ftp.ncbi.nlm.nih.gov/genomes/all/GCF/000/165/395/GCF_000165395.1_ASM16539v1/GCF_000165395.1_ASM16539v1_cds_from_genomic.fna.gz,https://ftp.ncbi.nlm.nih.gov/genomes/all/GCA/020/449/125/GCA_020449125.1_ASM2044912v1/GCA_020449125.1_ASM2044912v1_genomic.fna.gz,aconoidasida
5865,https://ftp.ncbi.nlm.nih.gov/genomes/all/GCF/000/165/395/GCF_000165395.1_ASM16539v1/GCF_000165395.1_ASM16539v1_cds_from_genomic.fna.gz,https://ftp.ncbi.nlm.nih.gov/genomes/all/GCA/020/449/135/GCA_020449135.1_ASM2044913v1/GCA_020449135.1_ASM2044913v1_genomic.fna.gz,aconoidasida
5866,https://ftp.ncbi.nlm.nih.gov/genomes/all/GCF/000/981/445/GCF_000981445.1_Bbig001/GCF_000981445.1_Bbig001_cds_from_genomic.fna.gz,https://ftp.ncbi.nlm.nih.gov/genomes/all/GCA/000/723/445/GCA_000723445.1_BBBOND_0001/GCA_000723445.1_BBBOND_0001_genomic.fna.gz,aconoidasida
5866,https://ftp.ncbi.nlm.nih.gov/genomes/all/GCF/000/981/445/GCF_000981445.1_Bbig001/GCF_000981445.1_Bbig001_cds_from_genomic.fna.gz,https://ftp.ncbi.nlm.nih.gov/genomes/all/GCA/018/901/905/GCA_018901905.1_ASM1890190v1/GCA_018901905.1_ASM1890190v1_genomic.fna.gz,aconoidasida
5866,https://ftp.ncbi.nlm.nih.gov/genomes/all/GCF/000/981/445/GCF_000981445.1_Bbig001/GCF_000981445.1_Bbig001_cds_from_genomic.fna.gz,https://ftp.ncbi.nlm.nih.gov/genomes/all/GCA/018/901/925/GCA_018901925.1_ASM1890192v1/GCA_018901925.1_ASM1890192v1_genomic.fna.gz,aconoidasida
5868,https://ftp.ncbi.nlm.nih.gov/genomes/all/GCF/000/691/945/GCF_000691945.2_ASM69194v2/GCF_000691945.2_ASM69194v2_cds_from_genomic.fna.gz,https://ftp.ncbi.nlm.nih.gov/genomes/all/GCA/001/650/055/GCA_001650055.1_ASM165005v1/GCA_001650055.1_ASM165005v1_genomic.fna.gz,aconoidasida
5868,https://ftp.ncbi.nlm.nih.gov/genomes/all/GCF/000/691/945/GCF_000691945.2_ASM69194v2/GCF_000691945.2_ASM69194v2_cds_from_genomic.fna.gz,https://ftp.ncbi.nlm.nih.gov/genomes/all/GCA/001/650/065/GCA_001650065.1_ASM165006v1/GCA_001650065.1_ASM165006v1_genomic.fna.gz,aconoidasida
5868,https://ftp.ncbi.nlm.nih.gov/genomes/all/GCF/000/691/945/GCF_000691945.2_ASM69194v2/GCF_000691945.2_ASM69194v2_cds_from_genomic.fna.gz,https://ftp.ncbi.nlm.nih.gov/genomes/all/GCA/001/650/075/GCA_001650075.1_ASM165007v1/GCA_001650075.1_ASM165007v1_genomic.fna.gz,aconoidasida
5868,https://ftp.ncbi.nlm.nih.gov/genomes/all/GCF/000/691/945/GCF_000691945.2_ASM69194v2/GCF_000691945.2_ASM69194v2_cds_from_genomic.fna.gz,https://ftp.ncbi.nlm.nih.gov/genomes/all/GCA/001/650/105/GCA_001650105.1_ASM165010v1/GCA_001650105.1_ASM165010v1_genomic.fna.gz,aconoidasida
5868,https://ftp.ncbi.nlm.nih.gov/genomes/all/GCF/000/691/945/GCF_000691945.2_ASM69194v2/GCF_000691945.2_ASM69194v2_cds_from_genomic.fna.gz,https://ftp.ncbi.nlm.nih.gov/genomes/all/GCA/001/650/135/GCA_001650135.1_ASM165013v1/GCA_001650135.1_ASM165013v1_genomic.fna.gz,aconoidasida
5868,https://ftp.ncbi.nlm.nih.gov/genomes/all/GCF/000/691/945/GCF_000691945.2_ASM69194v2/GCF_000691945.2_ASM69194v2_cds_from_genomic.fna.gz,https://ftp.ncbi.nlm.nih.gov/genomes/all/GCA/001/650/145/GCA_001650145.1_ASM165014v1/GCA_001650145.1_ASM165014v1_genomic.fna.gz,aconoidasida
5875,https://ftp.ncbi.nlm.nih.gov/genomes/all/GCF/000/165/365/GCF_000165365.1_ASM16536v1/GCF_000165365.1_ASM16536v1_cds_from_genomic.fna.gz,https://ftp.ncbi.nlm.nih.gov/genomes/all/GCA/014/884/785/GCA_014884785.1_BV115_v1/GCA_014884785.1_BV115_v1_genomic.fna.gz,aconoidasida
5875,https://ftp.ncbi.nlm.nih.gov/genomes/all/GCF/000/165/365/GCF_000165365.1_ASM16536v1/GCF_000165365.1_ASM16536v1_cds_from_genomic.fna.gz,https://ftp.ncbi.nlm.nih.gov/genomes/all/GCA/014/884/835/GCA_014884835.1_Tp_Uganda_3645_v1/GCA_014884835.1_Tp_Uganda_3645_v1_genomic.fna.gz,aconoidasida
5875,https://ftp.ncbi.nlm.nih.gov/genomes/all/GCF/000/165/365/GCF_000165365.1_ASM16536v1/GCF_000165365.1_ASM16536v1_cds_from_genomic.fna.gz,https://ftp.ncbi.nlm.nih.gov/genomes/all/GCA/014/884/865/GCA_014884865.1_TP_Marikebuni_3292_v1/GCA_014884865.1_TP_Marikebuni_3292_v1_genomic.fna.gz,aconoidasida
5875,https://ftp.ncbi.nlm.nih.gov/genomes/all/GCF/000/165/365/GCF_000165365.1_ASM16536v1/GCF_000165365.1_ASM16536v1_cds_from_genomic.fna.gz,https://ftp.ncbi.nlm.nih.gov/genomes/all/GCA/014/884/895/GCA_014884895.1_Tp_Lawrencei_7014_3081_v1/GCA_014884895.1_Tp_Lawrencei_7014_3081_v1_genomic.fna.gz,aconoidasida
5911,https://ftp.ncbi.nlm.nih.gov/genomes/all/GCF/000/189/635/GCF_000189635.1_JCVI-TTA1-2.2/GCF_000189635.1_JCVI-TTA1-2.2_cds_from_genomic.fna.gz,https://ftp.ncbi.nlm.nih.gov/genomes/all/GCA/016/584/475/GCA_016584475.1_JCVI_TeTherMIC_3/GCA_016584475.1_JCVI_TeTherMIC_3_genomic.fna.gz,alveolata
5911,https://ftp.ncbi.nlm.nih.gov/genomes/all/GCF/000/189/635/GCF_000189635.1_JCVI-TTA1-2.2/GCF_000189635.1_JCVI-TTA1-2.2_cds_from_genomic.fna.gz,https://ftp.ncbi.nlm.nih.gov/genomes/all/GCA/000/261/185/GCA_000261185.1_Tetra_therm_micronuc_V2/GCA_000261185.1_Tetra_therm_micronuc_V2_genomic.fna.gz,alveolata
29176,https://ftp.ncbi.nlm.nih.gov/genomes/all/GCF/000/208/865/GCF_000208865.1_ASM20886v2/GCF_000208865.1_ASM20886v2_cds_from_genomic.fna.gz,https://ftp.ncbi.nlm.nih.gov/genomes/all/GCA/016/097/395/GCA_016097395.1_Ncaninum_LIV/GCA_016097395.1_Ncaninum_LIV_genomic.fna.gz,coccidia
29176,https://ftp.ncbi.nlm.nih.gov/genomes/all/GCF/000/208/865/GCF_000208865.1_ASM20886v2/GCF_000208865.1_ASM20886v2_cds_from_genomic.fna.gz,https://ftp.ncbi.nlm.nih.gov/genomes/all/GCA/016/097/425/GCA_016097425.1_Ncaninum_Uru1/GCA_016097425.1_Ncaninum_Uru1_genomic.fna.gz,coccidia
29176,https://ftp.ncbi.nlm.nih.gov/genomes/all/GCF/000/208/865/GCF_000208865.1_ASM20886v2/GCF_000208865.1_ASM20886v2_cds_from_genomic.fna.gz,https://ftp.ncbi.nlm.nih.gov/genomes/all/GCA/016/801/225/GCA_016801225.1_ASM1680122v1/GCA_016801225.1_ASM1680122v1_genomic.fna.gz,coccidia
44056,https://ftp.ncbi.nlm.nih.gov/genomes/all/GCF/000/186/865/GCF_000186865.1_v_1.0/GCF_000186865.1_v_1.0_cds_from_genomic.fna.gz,https://ftp.ncbi.nlm.nih.gov/genomes/all/GCA/021/029/035/GCA_021029035.1_ASM2102903v1/GCA_021029035.1_ASM2102903v1_genomic.fna.gz,stramenopiles
44056,https://ftp.ncbi.nlm.nih.gov/genomes/all/GCF/000/186/865/GCF_000186865.1_v_1.0/GCF_000186865.1_v_1.0_cds_from_genomic.fna.gz,https://ftp.ncbi.nlm.nih.gov/genomes/all/GCA/021/029/045/GCA_021029045.1_ASM2102904v1/GCA_021029045.1_ASM2102904v1_genomic.fna.gz,stramenopiles
44056,https://ftp.ncbi.nlm.nih.gov/genomes/all/GCF/000/186/865/GCF_000186865.1_v_1.0/GCF_000186865.1_v_1.0_cds_from_genomic.fna.gz,https://ftp.ncbi.nlm.nih.gov/genomes/all/GCA/021/029/115/GCA_021029115.1_ASM2102911v1/GCA_021029115.1_ASM2102911v1_genomic.fna.gz,stramenopiles
68886,https://ftp.ncbi.nlm.nih.gov/genomes/all/GCF/000/740/895/GCF_000740895.1_ASM74089v1/GCF_000740895.1_ASM74089v1_cds_from_genomic.fna.gz,https://ftp.ncbi.nlm.nih.gov/genomes/all/GCA/003/072/525/GCA_003072525.2_ASM307252v2/GCA_003072525.2_ASM307252v2_genomic.fna.gz,aconoidasida
68886,https://ftp.ncbi.nlm.nih.gov/genomes/all/GCF/000/740/895/GCF_000740895.1_ASM74089v1/GCF_000740895.1_ASM74089v1_cds_from_genomic.fna.gz,https://ftp.ncbi.nlm.nih.gov/genomes/all/GCA/003/072/535/GCA_003072535.2_ASM307253v2/GCA_003072535.2_ASM307253v2_genomic.fna.gz,aconoidasida
68886,https://ftp.ncbi.nlm.nih.gov/genomes/all/GCF/000/740/895/GCF_000740895.1_ASM74089v1/GCF_000740895.1_ASM74089v1_cds_from_genomic.fna.gz,https://ftp.ncbi.nlm.nih.gov/genomes/all/GCA/003/072/545/GCA_003072545.2_ASM307254v2/GCA_003072545.2_ASM307254v2_genomic.fna.gz,aconoidasida
72520,https://ftp.ncbi.nlm.nih.gov/genomes/all/GCF/000/240/725/GCF_000240725.1_ASM24072v1/GCF_000240725.1_ASM24072v1_cds_from_genomic.fna.gz,https://ftp.ncbi.nlm.nih.gov/genomes/all/GCA/000/569/095/GCA_000569095.1_NagaB31_1.0/GCA_000569095.1_NagaB31_1.0_genomic.fna.gz,stramenopiles
72520,https://ftp.ncbi.nlm.nih.gov/genomes/all/GCF/000/240/725/GCF_000240725.1_ASM24072v1/GCF_000240725.1_ASM24072v1_cds_from_genomic.fna.gz,https://ftp.ncbi.nlm.nih.gov/genomes/all/GCA/001/614/215/GCA_001614215.1_ASM161421v1/GCA_001614215.1_ASM161421v1_genomic.fna.gz,stramenopiles
72520,https://ftp.ncbi.nlm.nih.gov/genomes/all/GCF/000/240/725/GCF_000240725.1_ASM24072v1/GCF_000240725.1_ASM24072v1_cds_from_genomic.fna.gz,https://ftp.ncbi.nlm.nih.gov/genomes/all/GCA/002/838/785/GCA_002838785.1_we3730_nuc/GCA_002838785.1_we3730_nuc_genomic.fna.gz,stramenopiles
857276,https://ftp.ncbi.nlm.nih.gov/genomes/all/GCF/001/865/345/GCF_001865345.1_ASM186534v1/GCF_001865345.1_ASM186534v1_cds_from_genomic.fna.gz,https://ftp.ncbi.nlm.nih.gov/genomes/all/GCA/001/835/705/GCA_001835705.1_ASM183570v1/GCA_001835705.1_ASM183570v1_genomic.fna.gz,coccidia
857276,https://ftp.ncbi.nlm.nih.gov/genomes/all/GCF/001/865/345/GCF_001865345.1_ASM186534v1/GCF_001865345.1_ASM186534v1_cds_from_genomic.fna.gz,https://ftp.ncbi.nlm.nih.gov/genomes/all/GCA/001/835/715/GCA_001835715.1_ASM183571v1/GCA_001835715.1_ASM183571v1_genomic.fna.gz,coccidia
857276,https://ftp.ncbi.nlm.nih.gov/genomes/all/GCF/001/865/345/GCF_001865345.1_ASM186534v1/GCF_001865345.1_ASM186534v1_cds_from_genomic.fna.gz,https://ftp.ncbi.nlm.nih.gov/genomes/all/GCA/004/337/805/GCA_004337805.1_ABER_UKUB1_1.0/GCA_004337805.1_ABER_UKUB1_1.0_genomic.fna.gz,coccidia
857276,https://ftp.ncbi.nlm.nih.gov/genomes/all/GCF/001/865/345/GCF_001865345.1_ASM186534v1/GCF_001865345.1_ASM186534v1_cds_from_genomic.fna.gz,https://ftp.ncbi.nlm.nih.gov/genomes/all/GCA/004/337/815/GCA_004337815.1_ABER_UKUB2_1.0/GCA_004337815.1_ABER_UKUB2_1.0_genomic.fna.gz,coccidia