4896	https://ftp.ncbi.nlm.nih.gov/genomes/all/GCF/000/002/945/GCF_000002945.1_ASM294v2/GCF_000002945.1_ASM294v2_cds_from_genomic.fna.gz	https://ftp.ncbi.nlm.nih.gov/genomes/all/GCA/006/386/305/GCA_006386305.1_EBC131_JB1171_v01_pb/GCA_006386305.1_EBC131_JB1171_v01_pb_genomic.fna.gz	ascomycota	wasted_col
4896	https://ftp.ncbi.nlm.nih.gov/genomes/all/GCF/000/002/945/GCF_000002945.1_ASM294v2/GCF_000002945.1_ASM294v2_cds_from_genomic.fna.gz	https://ftp.ncbi.nlm.nih.gov/genomes/all/GCA/006/386/295/GCA_006386295.1_EBC074_JB760_v01_pb/GCA_006386295.1_EBC074_JB760_v01_pb_genomic.fna.gz	ascomycota	wasted_col
4896	https://ftp.ncbi.nlm.nih.gov/genomes/all/GCF/000/002/945/GCF_000002945.1_ASM294v2/GCF_000002945.1_ASM294v2_cds_from_genomic.fna.gz	https://ftp.ncbi.nlm.nih.gov/genomes/all/GCA/006/386/205/GCA_006386205.1_EBC115_JB934_v01_pb/GCA_006386205.1_EBC115_JB934_v01_pb_genomic.fna.gz	ascomycota	wasted_col
4896	https://ftp.ncbi.nlm.nih.gov/genomes/all/GCF/000/002/945/GCF_000002945.1_ASM294v2/GCF_000002945.1_ASM294v2_cds_from_genomic.fna.gz	https://ftp.ncbi.nlm.nih.gov/genomes/all/GCA/006/386/105/GCA_006386105.1_EBC2_JB22_v01_pb/GCA_006386105.1_EBC2_JB22_v01_pb_genomic.fna.gz	ascomycota	wasted_col
4896	https://ftp.ncbi.nlm.nih.gov/genomes/all/GCF/000/002/945/GCF_000002945.1_ASM294v2/GCF_000002945.1_ASM294v2_cds_from_genomic.fna.gz	https://ftp.ncbi.nlm.nih.gov/genomes/all/GCA/006/386/355/GCA_006386355.1_EBC119_JB939_v01_pb/GCA_006386355.1_EBC119_JB939_v01_pb_genomic.fna.gz	ascomycota	wasted_col
4896	https://ftp.ncbi.nlm.nih.gov/genomes/all/GCF/000/002/945/GCF_000002945.1_ASM294v2/GCF_000002945.1_ASM294v2_cds_from_genomic.fna.gz	https://ftp.ncbi.nlm.nih.gov/genomes/all/GCA/006/386/075/GCA_006386075.1_EBC138_JB1206_v01_pb/GCA_006386075.1_EBC138_JB1206_v01_pb_genomic.fna.gz	ascomycota	wasted_col
4896	https://ftp.ncbi.nlm.nih.gov/genomes/all/GCF/000/002/945/GCF_000002945.1_ASM294v2/GCF_000002945.1_ASM294v2_cds_from_genomic.fna.gz	https://ftp.ncbi.nlm.nih.gov/genomes/all/GCA/006/386/365/GCA_006386365.1_EBC069_JB4_v01_pb/GCA_006386365.1_EBC069_JB4_v01_pb_genomic.fna.gz	ascomycota	wasted_col
4896	https://ftp.ncbi.nlm.nih.gov/genomes/all/GCF/000/002/945/GCF_000002945.1_ASM294v2/GCF_000002945.1_ASM294v2_cds_from_genomic.fna.gz	https://ftp.ncbi.nlm.nih.gov/genomes/all/GCA/006/386/175/GCA_006386175.1_EBC111_JB918_v01_pb/GCA_006386175.1_EBC111_JB918_v01_pb_genomic.fna.gz	ascomycota	wasted_col
4896	https://ftp.ncbi.nlm.nih.gov/genomes/all/GCF/000/002/945/GCF_000002945.1_ASM294v2/GCF_000002945.1_ASM294v2_cds_from_genomic.fna.gz	https://ftp.ncbi.nlm.nih.gov/genomes/all/GCA/006/386/245/GCA_006386245.1_EBC080_JB842_v01_pb/GCA_006386245.1_EBC080_JB842_v01_pb_genomic.fna.gz	ascomycota	wasted_col
4896	https://ftp.ncbi.nlm.nih.gov/genomes/all/GCF/000/002/945/GCF_000002945.1_ASM294v2/GCF_000002945.1_ASM294v2_cds_from_genomic.fna.gz	https://ftp.ncbi.nlm.nih.gov/genomes/all/GCA/006/386/085/GCA_006386085.1_EBC137_JB1205_v01_pb/GCA_006386085.1_EBC137_JB1205_v01_pb_genomic.fna.gz	ascomycota	wasted_col
4909	https://ftp.ncbi.nlm.nih.gov/genomes/all/GCF/003/054/445/GCF_003054445.1_ASM305444v1/GCF_003054445.1_ASM305444v1_cds_from_genomic.fna.gz	https://ftp.ncbi.nlm.nih.gov/genomes/all/GCA/018/105/815/GCA_018105815.1_HGU_Pkud_B143/GCA_018105815.1_HGU_Pkud_B143_genomic.fna.gz	saccharomycetes	wasted_col
4909	https://ftp.ncbi.nlm.nih.gov/genomes/all/GCF/003/054/445/GCF_003054445.1_ASM305444v1/GCF_003054445.1_ASM305444v1_cds_from_genomic.fna.gz	https://ftp.ncbi.nlm.nih.gov/genomes/all/GCA/002/166/775/GCA_002166775.1_Cand_krus_Ckrusei653_V21/GCA_002166775.1_Cand_krus_Ckrusei653_V21_genomic.fna.gz	saccharomycetes	wasted_col
4909	https://ftp.ncbi.nlm.nih.gov/genomes/all/GCF/003/054/445/GCF_003054445.1_ASM305444v1/GCF_003054445.1_ASM305444v1_cds_from_genomic.fna.gz	https://ftp.ncbi.nlm.nih.gov/genomes/all/GCA/018/402/885/GCA_018402885.1_ASM1840288v1/GCA_018402885.1_ASM1840288v1_genomic.fna.gz	saccharomycetes	wasted_col
4909	https://ftp.ncbi.nlm.nih.gov/genomes/all/GCF/003/054/445/GCF_003054445.1_ASM305444v1/GCF_003054445.1_ASM305444v1_cds_from_genomic.fna.gz	https://ftp.ncbi.nlm.nih.gov/genomes/all/GCA/001/879/685/GCA_001879685.1_ASM187968v1/GCA_001879685.1_ASM187968v1_genomic.fna.gz	saccharomycetes	wasted_col
4909	https://ftp.ncbi.nlm.nih.gov/genomes/all/GCF/003/054/445/GCF_003054445.1_ASM305444v1/GCF_003054445.1_ASM305444v1_cds_from_genomic.fna.gz	https://ftp.ncbi.nlm.nih.gov/genomes/all/GCA/003/054/445/GCA_003054445.1_ASM305444v1/GCA_003054445.1_ASM305444v1_genomic.fna.gz	saccharomycetes	wasted_col
4909	https://ftp.ncbi.nlm.nih.gov/genomes/all/GCF/003/054/445/GCF_003054445.1_ASM305444v1/GCF_003054445.1_ASM305444v1_cds_from_genomic.fna.gz	https://ftp.ncbi.nlm.nih.gov/genomes/all/GCA/002/798/095/GCA_002798095.1_ASM279809v1/GCA_002798095.1_ASM279809v1_genomic.fna.gz	saccharomycetes	wasted_col
4909	https://ftp.ncbi.nlm.nih.gov/genomes/all/GCF/003/054/445/GCF_003054445.1_ASM305444v1/GCF_003054445.1_ASM305444v1_cds_from_genomic.fna.gz	https://ftp.ncbi.nlm.nih.gov/genomes/all/GCA/021/233/995/GCA_021233995.1_ASM2123399v1/GCA_021233995.1_ASM2123399v1_genomic.fna.gz	saccharomycetes	wasted_col
4909	https://ftp.ncbi.nlm.nih.gov/genomes/all/GCF/003/054/445/GCF_003054445.1_ASM305444v1/GCF_003054445.1_ASM305444v1_cds_from_genomic.fna.gz	https://ftp.ncbi.nlm.nih.gov/genomes/all/GCA/019/843/505/GCA_019843505.1_ASCUSDY21/GCA_019843505.1_ASCUSDY21_genomic.fna.gz	saccharomycetes	wasted_col
4909	https://ftp.ncbi.nlm.nih.gov/genomes/all/GCF/003/054/445/GCF_003054445.1_ASM305444v1/GCF_003054445.1_ASM305444v1_cds_from_genomic.fna.gz	https://ftp.ncbi.nlm.nih.gov/genomes/all/GCA/001/983/325/GCA_001983325.1_ASM198332v1/GCA_001983325.1_ASM198332v1_genomic.fna.gz	saccharomycetes	wasted_col
4909	https://ftp.ncbi.nlm.nih.gov/genomes/all/GCF/003/054/445/GCF_003054445.1_ASM305444v1/GCF_003054445.1_ASM305444v1_cds_from_genomic.fna.gz	https://ftp.ncbi.nlm.nih.gov/genomes/all/GCA/018/402/865/GCA_018402865.1_ASM1840286v1/GCA_018402865.1_ASM1840286v1_genomic.fna.gz	saccharomycetes	wasted_col
4911	https://ftp.ncbi.nlm.nih.gov/genomes/all/GCF/001/417/885/GCF_001417885.1_Kmar_1.0/GCF_001417885.1_Kmar_1.0_cds_from_genomic.fna.gz	https://ftp.ncbi.nlm.nih.gov/genomes/all/GCA/021/014/425/GCA_021014425.1_ASM2101442v1/GCA_021014425.1_ASM2101442v1_genomic.fna.gz	saccharomycetes	wasted_col
4911	https://ftp.ncbi.nlm.nih.gov/genomes/all/GCF/001/417/885/GCF_001417885.1_Kmar_1.0/GCF_001417885.1_Kmar_1.0_cds_from_genomic.fna.gz	https://ftp.ncbi.nlm.nih.gov/genomes/all/GCA/001/692/465/GCA_001692465.1_KmarxUFS1.0/GCA_001692465.1_KmarxUFS1.0_genomic.fna.gz	saccharomycetes	wasted_col
4911	https://ftp.ncbi.nlm.nih.gov/genomes/all/GCF/001/417/885/GCF_001417885.1_Kmar_1.0/GCF_001417885.1_Kmar_1.0_cds_from_genomic.fna.gz	https://ftp.ncbi.nlm.nih.gov/genomes/all/GCA/000/747/785/GCA_000747785.1_ASM74778v1/GCA_000747785.1_ASM74778v1_genomic.fna.gz	saccharomycetes	wasted_col
4911	https://ftp.ncbi.nlm.nih.gov/genomes/all/GCF/001/417/885/GCF_001417885.1_Kmar_1.0/GCF_001417885.1_Kmar_1.0_cds_from_genomic.fna.gz	https://ftp.ncbi.nlm.nih.gov/genomes/all/GCA/003/046/155/GCA_003046155.1_ASM304615v1/GCA_003046155.1_ASM304615v1_genomic.fna.gz	saccharomycetes	wasted_col
4911	https://ftp.ncbi.nlm.nih.gov/genomes/all/GCF/001/417/885/GCF_001417885.1_Kmar_1.0/GCF_001417885.1_Kmar_1.0_cds_from_genomic.fna.gz	https://ftp.ncbi.nlm.nih.gov/genomes/all/GCA/001/854/445/GCA_001854445.2_ASM185444v2/GCA_001854445.2_ASM185444v2_genomic.fna.gz	saccharomycetes	wasted_col
4911	https://ftp.ncbi.nlm.nih.gov/genomes/all/GCF/001/417/885/GCF_001417885.1_Kmar_1.0/GCF_001417885.1_Kmar_1.0_cds_from_genomic.fna.gz	https://ftp.ncbi.nlm.nih.gov/genomes/all/GCA/008/000/265/GCA_008000265.1_ASM800026v1/GCA_008000265.1_ASM800026v1_genomic.fna.gz	saccharomycetes	wasted_col
4911	https://ftp.ncbi.nlm.nih.gov/genomes/all/GCF/001/417/885/GCF_001417885.1_Kmar_1.0/GCF_001417885.1_Kmar_1.0_cds_from_genomic.fna.gz	https://ftp.ncbi.nlm.nih.gov/genomes/all/GCA/001/660/455/GCA_001660455.1_run3/GCA_001660455.1_run3_genomic.fna.gz	saccharomycetes	wasted_col
4911	https://ftp.ncbi.nlm.nih.gov/genomes/all/GCF/001/417/885/GCF_001417885.1_Kmar_1.0/GCF_001417885.1_Kmar_1.0_cds_from_genomic.fna.gz	https://ftp.ncbi.nlm.nih.gov/genomes/all/GCA/002/356/615/GCA_002356615.1_ASM235661v1/GCA_002356615.1_ASM235661v1_genomic.fna.gz	saccharomycetes	wasted_col
4911	https://ftp.ncbi.nlm.nih.gov/genomes/all/GCF/001/417/885/GCF_001417885.1_Kmar_1.0/GCF_001417885.1_Kmar_1.0_cds_from_genomic.fna.gz	https://ftp.ncbi.nlm.nih.gov/genomes/all/GCA/021/014/395/GCA_021014395.1_ASM2101439v1/GCA_021014395.1_ASM2101439v1_genomic.fna.gz	saccharomycetes	wasted_col
4911	https://ftp.ncbi.nlm.nih.gov/genomes/all/GCF/001/417/885/GCF_001417885.1_Kmar_1.0/GCF_001417885.1_Kmar_1.0_cds_from_genomic.fna.gz	https://ftp.ncbi.nlm.nih.gov/genomes/all/GCA/001/417/885/GCA_001417885.1_Kmar_1.0/GCA_001417885.1_Kmar_1.0_genomic.fna.gz	saccharomycetes	wasted_col
4932	https://ftp.ncbi.nlm.nih.gov/genomes/all/GCF/000/146/045/GCF_000146045.2_R64/GCF_000146045.2_R64_cds_from_genomic.fna.gz	https://ftp.ncbi.nlm.nih.gov/genomes/all/GCA/017/869/615/GCA_017869615.1_ASM1786961v1/GCA_017869615.1_ASM1786961v1_genomic.fna.gz	saccharomycetes	wasted_col
4932	https://ftp.ncbi.nlm.nih.gov/genomes/all/GCF/000/146/045/GCF_000146045.2_R64/GCF_000146045.2_R64_cds_from_genomic.fna.gz	https://ftp.ncbi.nlm.nih.gov/genomes/all/GCA/003/274/025/GCA_003274025.1_ASM327402v1/GCA_003274025.1_ASM327402v1_genomic.fna.gz	saccharomycetes	wasted_col
4932	https://ftp.ncbi.nlm.nih.gov/genomes/all/GCF/000/146/045/GCF_000146045.2_R64/GCF_000146045.2_R64_cds_from_genomic.fna.gz	https://ftp.ncbi.nlm.nih.gov/genomes/all/GCA/000/976/065/GCA_000976065.2_Sc_YJM456_v1/GCA_000976065.2_Sc_YJM456_v1_genomic.fna.gz	saccharomycetes	wasted_col
4932	https://ftp.ncbi.nlm.nih.gov/genomes/all/GCF/000/146/045/GCF_000146045.2_R64/GCF_000146045.2_R64_cds_from_genomic.fna.gz	https://ftp.ncbi.nlm.nih.gov/genomes/all/GCA/013/183/875/GCA_013183875.1_ASM1318387v1/GCA_013183875.1_ASM1318387v1_genomic.fna.gz	saccharomycetes	wasted_col
4932	https://ftp.ncbi.nlm.nih.gov/genomes/all/GCF/000/146/045/GCF_000146045.2_R64/GCF_000146045.2_R64_cds_from_genomic.fna.gz	https://ftp.ncbi.nlm.nih.gov/genomes/all/GCA/000/977/805/GCA_000977805.2_Sc_YJM1433_v1/GCA_000977805.2_Sc_YJM1433_v1_genomic.fna.gz	saccharomycetes	wasted_col
4932	https://ftp.ncbi.nlm.nih.gov/genomes/all/GCF/000/146/045/GCF_000146045.2_R64/GCF_000146045.2_R64_cds_from_genomic.fna.gz	https://ftp.ncbi.nlm.nih.gov/genomes/all/GCA/001/740/345/GCA_001740345.1_ASM174034v1/GCA_001740345.1_ASM174034v1_genomic.fna.gz	saccharomycetes	wasted_col
4932	https://ftp.ncbi.nlm.nih.gov/genomes/all/GCF/000/146/045/GCF_000146045.2_R64/GCF_000146045.2_R64_cds_from_genomic.fna.gz	https://ftp.ncbi.nlm.nih.gov/genomes/all/GCA/001/741/305/GCA_001741305.1_ASM174130v1/GCA_001741305.1_ASM174130v1_genomic.fna.gz	saccharomycetes	wasted_col
4932	https://ftp.ncbi.nlm.nih.gov/genomes/all/GCF/000/146/045/GCF_000146045.2_R64/GCF_000146045.2_R64_cds_from_genomic.fna.gz	https://ftp.ncbi.nlm.nih.gov/genomes/all/GCA/003/270/855/GCA_003270855.1_ASM327085v1/GCA_003270855.1_ASM327085v1_genomic.fna.gz	saccharomycetes	wasted_col
4932	https://ftp.ncbi.nlm.nih.gov/genomes/all/GCF/000/146/045/GCF_000146045.2_R64/GCF_000146045.2_R64_cds_from_genomic.fna.gz	https://ftp.ncbi.nlm.nih.gov/genomes/all/GCA/001/737/865/GCA_001737865.2_ASM173786v2/GCA_001737865.2_ASM173786v2_genomic.fna.gz	saccharomycetes	wasted_col
4932	https://ftp.ncbi.nlm.nih.gov/genomes/all/GCF/000/146/045/GCF_000146045.2_R64/GCF_000146045.2_R64_cds_from_genomic.fna.gz	https://ftp.ncbi.nlm.nih.gov/genomes/all/GCA/017/865/875/GCA_017865875.1_ASM1786587v1/GCA_017865875.1_ASM1786587v1_genomic.fna.gz	saccharomycetes	wasted_col
4950	https://ftp.ncbi.nlm.nih.gov/genomes/all/GCF/000/243/375/GCF_000243375.1_ASM24337v1/GCF_000243375.1_ASM24337v1_cds_from_genomic.fna.gz	https://ftp.ncbi.nlm.nih.gov/genomes/all/GCA/012/851/425/GCA_012851425.1_ASM1285142v1/GCA_012851425.1_ASM1285142v1_genomic.fna.gz	saccharomycetes	wasted_col
4950	https://ftp.ncbi.nlm.nih.gov/genomes/all/GCF/000/243/375/GCF_000243375.1_ASM24337v1/GCF_000243375.1_ASM24337v1_cds_from_genomic.fna.gz	https://ftp.ncbi.nlm.nih.gov/genomes/all/GCA/012/851/275/GCA_012851275.1_ASM1285127v1/GCA_012851275.1_ASM1285127v1_genomic.fna.gz	saccharomycetes	wasted_col
4950	https://ftp.ncbi.nlm.nih.gov/genomes/all/GCF/000/243/375/GCF_000243375.1_ASM24337v1/GCF_000243375.1_ASM24337v1_cds_from_genomic.fna.gz	https://ftp.ncbi.nlm.nih.gov/genomes/all/GCA/012/851/405/GCA_012851405.1_ASM1285140v1/GCA_012851405.1_ASM1285140v1_genomic.fna.gz	saccharomycetes	wasted_col
4950	https://ftp.ncbi.nlm.nih.gov/genomes/all/GCF/000/243/375/GCF_000243375.1_ASM24337v1/GCF_000243375.1_ASM24337v1_cds_from_genomic.fna.gz	https://ftp.ncbi.nlm.nih.gov/genomes/all/GCA/000/243/375/GCA_000243375.1_ASM24337v1/GCA_000243375.1_ASM24337v1_genomic.fna.gz	saccharomycetes	wasted_col
4950	https://ftp.ncbi.nlm.nih.gov/genomes/all/GCF/000/243/375/GCF_000243375.1_ASM24337v1/GCF_000243375.1_ASM24337v1_cds_from_genomic.fna.gz	https://ftp.ncbi.nlm.nih.gov/genomes/all/GCA/012/851/245/GCA_012851245.1_ASM1285124v1/GCA_012851245.1_ASM1285124v1_genomic.fna.gz	saccharomycetes	wasted_col
4950	https://ftp.ncbi.nlm.nih.gov/genomes/all/GCF/000/243/375/GCF_000243375.1_ASM24337v1/GCF_000243375.1_ASM24337v1_cds_from_genomic.fna.gz	https://ftp.ncbi.nlm.nih.gov/genomes/all/GCA/012/851/295/GCA_012851295.1_ASM1285129v1/GCA_012851295.1_ASM1285129v1_genomic.fna.gz	saccharomycetes	wasted_col
4950	https://ftp.ncbi.nlm.nih.gov/genomes/all/GCF/000/243/375/GCF_000243375.1_ASM24337v1/GCF_000243375.1_ASM24337v1_cds_from_genomic.fna.gz	https://ftp.ncbi.nlm.nih.gov/genomes/all/GCA/012/851/365/GCA_012851365.1_ASM1285136v1/GCA_012851365.1_ASM1285136v1_genomic.fna.gz	saccharomycetes	wasted_col
4950	https://ftp.ncbi.nlm.nih.gov/genomes/all/GCF/000/243/375/GCF_000243375.1_ASM24337v1/GCF_000243375.1_ASM24337v1_cds_from_genomic.fna.gz	https://ftp.ncbi.nlm.nih.gov/genomes/all/GCA/012/851/165/GCA_012851165.1_ASM1285116v1/GCA_012851165.1_ASM1285116v1_genomic.fna.gz	saccharomycetes	wasted_col
4950	https://ftp.ncbi.nlm.nih.gov/genomes/all/GCF/000/243/375/GCF_000243375.1_ASM24337v1/GCF_000243375.1_ASM24337v1_cds_from_genomic.fna.gz	https://ftp.ncbi.nlm.nih.gov/genomes/all/GCA/012/851/265/GCA_012851265.1_ASM1285126v1/GCA_012851265.1_ASM1285126v1_genomic.fna.gz	saccharomycetes	wasted_col
4950	https://ftp.ncbi.nlm.nih.gov/genomes/all/GCF/000/243/375/GCF_000243375.1_ASM24337v1/GCF_000243375.1_ASM24337v1_cds_from_genomic.fna.gz	https://ftp.ncbi.nlm.nih.gov/genomes/all/GCA/002/214/845/GCA_002214845.1_ASM221484v1/GCA_002214845.1_ASM221484v1_genomic.fna.gz	saccharomycetes	wasted_col
4952	https://ftp.ncbi.nlm.nih.gov/genomes/all/GCF/000/002/525/GCF_000002525.2_ASM252v1/GCF_000002525.2_ASM252v1_cds_from_genomic.fna.gz	https://ftp.ncbi.nlm.nih.gov/genomes/all/GCA/000/590/845/GCA_000590845.2_PO1f_A5_AB_scf/GCA_000590845.2_PO1f_A5_AB_scf_genomic.fna.gz	saccharomycetes	wasted_col
4952	https://ftp.ncbi.nlm.nih.gov/genomes/all/GCF/000/002/525/GCF_000002525.2_ASM252v1/GCF_000002525.2_ASM252v1_cds_from_genomic.fna.gz	https://ftp.ncbi.nlm.nih.gov/genomes/all/GCA/000/002/525/GCA_000002525.1_ASM252v1/GCA_000002525.1_ASM252v1_genomic.fna.gz	saccharomycetes	wasted_col
4952	https://ftp.ncbi.nlm.nih.gov/genomes/all/GCF/000/002/525/GCF_000002525.2_ASM252v1/GCF_000002525.2_ASM252v1_cds_from_genomic.fna.gz	https://ftp.ncbi.nlm.nih.gov/genomes/all/GCA/014/490/615/GCA_014490615.1_ASM1449061v1/GCA_014490615.1_ASM1449061v1_genomic.fna.gz	saccharomycetes	wasted_col
4952	https://ftp.ncbi.nlm.nih.gov/genomes/all/GCF/000/002/525/GCF_000002525.2_ASM252v1/GCF_000002525.2_ASM252v1_cds_from_genomic.fna.gz	https://ftp.ncbi.nlm.nih.gov/genomes/all/GCA/003/243/785/GCA_003243785.1_ASM324378v1/GCA_003243785.1_ASM324378v1_genomic.fna.gz	saccharomycetes	wasted_col
4952	https://ftp.ncbi.nlm.nih.gov/genomes/all/GCF/000/002/525/GCF_000002525.2_ASM252v1/GCF_000002525.2_ASM252v1_cds_from_genomic.fna.gz	https://ftp.ncbi.nlm.nih.gov/genomes/all/GCA/900/087/985/GCA_900087985.1_YALIA101/GCA_900087985.1_YALIA101_genomic.fna.gz	saccharomycetes	wasted_col
4952	https://ftp.ncbi.nlm.nih.gov/genomes/all/GCF/000/002/525/GCF_000002525.2_ASM252v1/GCF_000002525.2_ASM252v1_cds_from_genomic.fna.gz	https://ftp.ncbi.nlm.nih.gov/genomes/all/GCA/003/698/155/GCA_003698155.1_Yarlip1/GCA_003698155.1_Yarlip1_genomic.fna.gz	saccharomycetes	wasted_col
4952	https://ftp.ncbi.nlm.nih.gov/genomes/all/GCF/000/002/525/GCF_000002525.2_ASM252v1/GCF_000002525.2_ASM252v1_cds_from_genomic.fna.gz	https://ftp.ncbi.nlm.nih.gov/genomes/all/GCA/003/571/375/GCA_003571375.1_ASM357137v1/GCA_003571375.1_ASM357137v1_genomic.fna.gz	saccharomycetes	wasted_col
4952	https://ftp.ncbi.nlm.nih.gov/genomes/all/GCF/000/002/525/GCF_000002525.2_ASM252v1/GCF_000002525.2_ASM252v1_cds_from_genomic.fna.gz	https://ftp.ncbi.nlm.nih.gov/genomes/all/GCA/003/054/305/GCA_003054305.1_ASM305430v1/GCA_003054305.1_ASM305430v1_genomic.fna.gz	saccharomycetes	wasted_col
4952	https://ftp.ncbi.nlm.nih.gov/genomes/all/GCF/000/002/525/GCF_000002525.2_ASM252v1/GCF_000002525.2_ASM252v1_cds_from_genomic.fna.gz	https://ftp.ncbi.nlm.nih.gov/genomes/all/GCA/003/367/925/GCA_003367925.1_YarliYB419/GCA_003367925.1_YarliYB419_genomic.fna.gz	saccharomycetes	wasted_col
4952	https://ftp.ncbi.nlm.nih.gov/genomes/all/GCF/000/002/525/GCF_000002525.2_ASM252v1/GCF_000002525.2_ASM252v1_cds_from_genomic.fna.gz	https://ftp.ncbi.nlm.nih.gov/genomes/all/GCA/003/571/385/GCA_003571385.1_ASM357138v1/GCA_003571385.1_ASM357138v1_genomic.fna.gz	saccharomycetes	wasted_col
5007	https://ftp.ncbi.nlm.nih.gov/genomes/all/GCF/011/074/885/GCF_011074885.1_ASM1107488v2/GCF_011074885.1_ASM1107488v2_cds_from_genomic.fna.gz	https://ftp.ncbi.nlm.nih.gov/genomes/all/GCA/019/923/885/GCA_019923885.1_AWRI_1499_Dip-1.0_A1A2/GCA_019923885.1_AWRI_1499_Dip-1.0_A1A2_genomic.fna.gz	saccharomycetes	wasted_col
5007	https://ftp.ncbi.nlm.nih.gov/genomes/all/GCF/011/074/885/GCF_011074885.1_ASM1107488v2/GCF_011074885.1_ASM1107488v2_cds_from_genomic.fna.gz	https://ftp.ncbi.nlm.nih.gov/genomes/all/GCA/014/176/175/GCA_014176175.1_P.AWRI1613/GCA_014176175.1_P.AWRI1613_genomic.fna.gz	saccharomycetes	wasted_col
5007	https://ftp.ncbi.nlm.nih.gov/genomes/all/GCF/011/074/885/GCF_011074885.1_ASM1107488v2/GCF_011074885.1_ASM1107488v2_cds_from_genomic.fna.gz	https://ftp.ncbi.nlm.nih.gov/genomes/all/GCA/018/346/845/GCA_018346845.1_ASM1834684v1/GCA_018346845.1_ASM1834684v1_genomic.fna.gz	saccharomycetes	wasted_col
5007	https://ftp.ncbi.nlm.nih.gov/genomes/all/GCF/011/074/885/GCF_011074885.1_ASM1107488v2/GCF_011074885.1_ASM1107488v2_cds_from_genomic.fna.gz	https://ftp.ncbi.nlm.nih.gov/genomes/all/GCA/000/259/595/GCA_000259595.1_AWRI1499_v1.0/GCA_000259595.1_AWRI1499_v1.0_genomic.fna.gz	saccharomycetes	wasted_col
5007	https://ftp.ncbi.nlm.nih.gov/genomes/all/GCF/011/074/885/GCF_011074885.1_ASM1107488v2/GCF_011074885.1_ASM1107488v2_cds_from_genomic.fna.gz	https://ftp.ncbi.nlm.nih.gov/genomes/all/GCA/001/719/535/GCA_001719535.1_ASM171953v1/GCA_001719535.1_ASM171953v1_genomic.fna.gz	saccharomycetes	wasted_col
5007	https://ftp.ncbi.nlm.nih.gov/genomes/all/GCF/011/074/885/GCF_011074885.1_ASM1107488v2/GCF_011074885.1_ASM1107488v2_cds_from_genomic.fna.gz	https://ftp.ncbi.nlm.nih.gov/genomes/all/GCA/014/176/185/GCA_014176185.1_A.AWRI1613/GCA_014176185.1_A.AWRI1613_genomic.fna.gz	saccharomycetes	wasted_col
5007	https://ftp.ncbi.nlm.nih.gov/genomes/all/GCF/011/074/885/GCF_011074885.1_ASM1107488v2/GCF_011074885.1_ASM1107488v2_cds_from_genomic.fna.gz	https://ftp.ncbi.nlm.nih.gov/genomes/all/GCA/900/496/985/GCA_900496985.2_bbrux_ont_scaff/GCA_900496985.2_bbrux_ont_scaff_genomic.fna.gz	saccharomycetes	wasted_col
5007	https://ftp.ncbi.nlm.nih.gov/genomes/all/GCF/011/074/885/GCF_011074885.1_ASM1107488v2/GCF_011074885.1_ASM1107488v2_cds_from_genomic.fna.gz	https://ftp.ncbi.nlm.nih.gov/genomes/all/GCA/011/074/885/GCA_011074885.2_ASM1107488v2/GCA_011074885.2_ASM1107488v2_genomic.fna.gz	saccharomycetes	wasted_col
5007	https://ftp.ncbi.nlm.nih.gov/genomes/all/GCF/011/074/885/GCF_011074885.1_ASM1107488v2/GCF_011074885.1_ASM1107488v2_cds_from_genomic.fna.gz	https://ftp.ncbi.nlm.nih.gov/genomes/all/GCA/000/340/765/GCA_000340765.1_Dekkera_bruxellensis_CBS_2499_v2.0/GCA_000340765.1_Dekkera_bruxellensis_CBS_2499_v2.0_genomic.fna.gz	saccharomycetes	wasted_col
5007	https://ftp.ncbi.nlm.nih.gov/genomes/all/GCF/011/074/885/GCF_011074885.1_ASM1107488v2/GCF_011074885.1_ASM1107488v2_cds_from_genomic.fna.gz	https://ftp.ncbi.nlm.nih.gov/genomes/all/GCA/019/923/895/GCA_019923895.1_AWRI_1499_Dip-1.0_B/GCA_019923895.1_AWRI_1499_Dip-1.0_B_genomic.fna.gz	saccharomycetes	wasted_col
5059	https://ftp.ncbi.nlm.nih.gov/genomes/all/GCF/014/117/465/GCF_014117465.1_ASM1411746v1/GCF_014117465.1_ASM1411746v1_cds_from_genomic.fna.gz	https://ftp.ncbi.nlm.nih.gov/genomes/all/GCA/013/435/725/GCA_013435725.1_ASM1343572v1/GCA_013435725.1_ASM1343572v1_genomic.fna.gz	eurotiales	wasted_col
5059	https://ftp.ncbi.nlm.nih.gov/genomes/all/GCF/014/117/465/GCF_014117465.1_ASM1411746v1/GCF_014117465.1_ASM1411746v1_cds_from_genomic.fna.gz	https://ftp.ncbi.nlm.nih.gov/genomes/all/GCA/013/435/825/GCA_013435825.1_ASM1343582v1/GCA_013435825.1_ASM1343582v1_genomic.fna.gz	eurotiales	wasted_col
5059	https://ftp.ncbi.nlm.nih.gov/genomes/all/GCF/014/117/465/GCF_014117465.1_ASM1411746v1/GCF_014117465.1_ASM1411746v1_cds_from_genomic.fna.gz	https://ftp.ncbi.nlm.nih.gov/genomes/all/GCA/013/435/925/GCA_013435925.1_ASM1343592v1/GCA_013435925.1_ASM1343592v1_genomic.fna.gz	eurotiales	wasted_col
5059	https://ftp.ncbi.nlm.nih.gov/genomes/all/GCF/014/117/465/GCF_014117465.1_ASM1411746v1/GCF_014117465.1_ASM1411746v1_cds_from_genomic.fna.gz	https://ftp.ncbi.nlm.nih.gov/genomes/all/GCA/011/420/415/GCA_011420415.1_ASM1142041v1/GCA_011420415.1_ASM1142041v1_genomic.fna.gz	eurotiales	wasted_col
5059	https://ftp.ncbi.nlm.nih.gov/genomes/all/GCF/014/117/465/GCF_014117465.1_ASM1411746v1/GCF_014117465.1_ASM1411746v1_cds_from_genomic.fna.gz	https://ftp.ncbi.nlm.nih.gov/genomes/all/GCA/013/436/335/GCA_013436335.1_ASM1343633v1/GCA_013436335.1_ASM1343633v1_genomic.fna.gz	eurotiales	wasted_col
5059	https://ftp.ncbi.nlm.nih.gov/genomes/all/GCF/014/117/465/GCF_014117465.1_ASM1411746v1/GCF_014117465.1_ASM1411746v1_cds_from_genomic.fna.gz	https://ftp.ncbi.nlm.nih.gov/genomes/all/GCA/013/145/855/GCA_013145855.1_ASM1314585v1/GCA_013145855.1_ASM1314585v1_genomic.fna.gz	eurotiales	wasted_col
5059	https://ftp.ncbi.nlm.nih.gov/genomes/all/GCF/014/117/465/GCF_014117465.1_ASM1411746v1/GCF_014117465.1_ASM1411746v1_cds_from_genomic.fna.gz	https://ftp.ncbi.nlm.nih.gov/genomes/all/GCA/013/436/215/GCA_013436215.1_ASM1343621v1/GCA_013436215.1_ASM1343621v1_genomic.fna.gz	eurotiales	wasted_col
5059	https://ftp.ncbi.nlm.nih.gov/genomes/all/GCF/014/117/465/GCF_014117465.1_ASM1411746v1/GCF_014117465.1_ASM1411746v1_cds_from_genomic.fna.gz	https://ftp.ncbi.nlm.nih.gov/genomes/all/GCA/003/967/715/GCA_003967715.1_Afla_1.0/GCA_003967715.1_Afla_1.0_genomic.fna.gz	eurotiales	wasted_col
5059	https://ftp.ncbi.nlm.nih.gov/genomes/all/GCF/014/117/465/GCF_014117465.1_ASM1411746v1/GCF_014117465.1_ASM1411746v1_cds_from_genomic.fna.gz	https://ftp.ncbi.nlm.nih.gov/genomes/all/GCA/013/436/105/GCA_013436105.1_ASM1343610v1/GCA_013436105.1_ASM1343610v1_genomic.fna.gz	eurotiales	wasted_col
5059	https://ftp.ncbi.nlm.nih.gov/genomes/all/GCF/014/117/465/GCF_014117465.1_ASM1411746v1/GCF_014117465.1_ASM1411746v1_cds_from_genomic.fna.gz	https://ftp.ncbi.nlm.nih.gov/genomes/all/GCA/003/711/385/GCA_003711385.1_ASM371138v1/GCA_003711385.1_ASM371138v1_genomic.fna.gz	eurotiales	wasted_col
5061	https://ftp.ncbi.nlm.nih.gov/genomes/all/GCF/000/002/855/GCF_000002855.3_ASM285v2/GCF_000002855.3_ASM285v2_cds_from_genomic.fna.gz	https://ftp.ncbi.nlm.nih.gov/genomes/all/GCA/015/586/235/GCA_015586235.1_ASM1558623v1/GCA_015586235.1_ASM1558623v1_genomic.fna.gz	eurotiales	wasted_col
5061	https://ftp.ncbi.nlm.nih.gov/genomes/all/GCF/000/002/855/GCF_000002855.3_ASM285v2/GCF_000002855.3_ASM285v2_cds_from_genomic.fna.gz	https://ftp.ncbi.nlm.nih.gov/genomes/all/GCA/900/248/155/GCA_900248155.1_Aniger_ATCC_64974_N402/GCA_900248155.1_Aniger_ATCC_64974_N402_genomic.fna.gz	eurotiales	wasted_col
5061	https://ftp.ncbi.nlm.nih.gov/genomes/all/GCF/000/002/855/GCF_000002855.3_ASM285v2/GCF_000002855.3_ASM285v2_cds_from_genomic.fna.gz	https://ftp.ncbi.nlm.nih.gov/genomes/all/GCA/003/344/705/GCA_003344705.1_Aspni_bvT_1/GCA_003344705.1_Aspni_bvT_1_genomic.fna.gz	eurotiales	wasted_col
5061	https://ftp.ncbi.nlm.nih.gov/genomes/all/GCF/000/002/855/GCF_000002855.3_ASM285v2/GCF_000002855.3_ASM285v2_cds_from_genomic.fna.gz	https://ftp.ncbi.nlm.nih.gov/genomes/all/GCA/000/633/045/GCA_000633045.1_AspAngSh2/GCA_000633045.1_AspAngSh2_genomic.fna.gz	eurotiales	wasted_col
5061	https://ftp.ncbi.nlm.nih.gov/genomes/all/GCF/000/002/855/GCF_000002855.3_ASM285v2/GCF_000002855.3_ASM285v2_cds_from_genomic.fna.gz	https://ftp.ncbi.nlm.nih.gov/genomes/all/GCA/016/162/265/GCA_016162265.1_ASM1616226v1/GCA_016162265.1_ASM1616226v1_genomic.fna.gz	eurotiales	wasted_col
5061	https://ftp.ncbi.nlm.nih.gov/genomes/all/GCF/000/002/855/GCF_000002855.3_ASM285v2/GCF_000002855.3_ASM285v2_cds_from_genomic.fna.gz	https://ftp.ncbi.nlm.nih.gov/genomes/all/GCA/019/288/275/GCA_019288275.1_ASM1928827v1/GCA_019288275.1_ASM1928827v1_genomic.fna.gz	eurotiales	wasted_col
5061	https://ftp.ncbi.nlm.nih.gov/genomes/all/GCF/000/002/855/GCF_000002855.3_ASM285v2/GCF_000002855.3_ASM285v2_cds_from_genomic.fna.gz	https://ftp.ncbi.nlm.nih.gov/genomes/all/GCA/001/515/345/GCA_001515345.1_ASM151534v1/GCA_001515345.1_ASM151534v1_genomic.fna.gz	eurotiales	wasted_col
5061	https://ftp.ncbi.nlm.nih.gov/genomes/all/GCF/000/002/855/GCF_000002855.3_ASM285v2/GCF_000002855.3_ASM285v2_cds_from_genomic.fna.gz	https://ftp.ncbi.nlm.nih.gov/genomes/all/GCA/001/741/905/GCA_001741905.1_ASM174190v1/GCA_001741905.1_ASM174190v1_genomic.fna.gz	eurotiales	wasted_col
5061	https://ftp.ncbi.nlm.nih.gov/genomes/all/GCF/000/002/855/GCF_000002855.3_ASM285v2/GCF_000002855.3_ASM285v2_cds_from_genomic.fna.gz	https://ftp.ncbi.nlm.nih.gov/genomes/all/GCA/000/002/855/GCA_000002855.2_ASM285v2/GCA_000002855.2_ASM285v2_genomic.fna.gz	eurotiales	wasted_col
5061	https://ftp.ncbi.nlm.nih.gov/genomes/all/GCF/000/002/855/GCF_000002855.3_ASM285v2/GCF_000002855.3_ASM285v2_cds_from_genomic.fna.gz	https://ftp.ncbi.nlm.nih.gov/genomes/all/GCA/013/618/955/GCA_013618955.1_ASM1361895v1/GCA_013618955.1_ASM1361895v1_genomic.fna.gz	eurotiales	wasted_col
5062	https://ftp.ncbi.nlm.nih.gov/genomes/all/GCF/000/184/455/GCF_000184455.2_ASM18445v3/GCF_000184455.2_ASM18445v3_cds_from_genomic.fna.gz	https://ftp.ncbi.nlm.nih.gov/genomes/all/GCA/009/687/045/GCA_009687045.1_AoryTK47_1.0/GCA_009687045.1_AoryTK47_1.0_genomic.fna.gz	eurotiales	wasted_col
5062	https://ftp.ncbi.nlm.nih.gov/genomes/all/GCF/000/184/455/GCF_000184455.2_ASM18445v3/GCF_000184455.2_ASM18445v3_cds_from_genomic.fna.gz	https://ftp.ncbi.nlm.nih.gov/genomes/all/GCA/009/686/525/GCA_009686525.1_AoryTK21_1.0/GCA_009686525.1_AoryTK21_1.0_genomic.fna.gz	eurotiales	wasted_col
5062	https://ftp.ncbi.nlm.nih.gov/genomes/all/GCF/000/184/455/GCF_000184455.2_ASM18445v3/GCF_000184455.2_ASM18445v3_cds_from_genomic.fna.gz	https://ftp.ncbi.nlm.nih.gov/genomes/all/GCA/000/184/455/GCA_000184455.3_ASM18445v3/GCA_000184455.3_ASM18445v3_genomic.fna.gz	eurotiales	wasted_col
5062	https://ftp.ncbi.nlm.nih.gov/genomes/all/GCF/000/184/455/GCF_000184455.2_ASM18445v3/GCF_000184455.2_ASM18445v3_cds_from_genomic.fna.gz	https://ftp.ncbi.nlm.nih.gov/genomes/all/GCA/000/278/425/GCA_000278425.1_AspOryAS3863/GCA_000278425.1_AspOryAS3863_genomic.fna.gz	eurotiales	wasted_col
5062	https://ftp.ncbi.nlm.nih.gov/genomes/all/GCF/000/184/455/GCF_000184455.2_ASM18445v3/GCF_000184455.2_ASM18445v3_cds_from_genomic.fna.gz	https://ftp.ncbi.nlm.nih.gov/genomes/all/GCA/009/687/705/GCA_009687705.1_AoryTK80_1.0/GCA_009687705.1_AoryTK80_1.0_genomic.fna.gz	eurotiales	wasted_col
5062	https://ftp.ncbi.nlm.nih.gov/genomes/all/GCF/000/184/455/GCF_000184455.2_ASM18445v3/GCF_000184455.2_ASM18445v3_cds_from_genomic.fna.gz	https://ftp.ncbi.nlm.nih.gov/genomes/all/GCA/009/685/055/GCA_009685055.1_AoryTK14_1.0/GCA_009685055.1_AoryTK14_1.0_genomic.fna.gz	eurotiales	wasted_col
5062	https://ftp.ncbi.nlm.nih.gov/genomes/all/GCF/000/184/455/GCF_000184455.2_ASM18445v3/GCF_000184455.2_ASM18445v3_cds_from_genomic.fna.gz	https://ftp.ncbi.nlm.nih.gov/genomes/all/GCA/009/687/665/GCA_009687665.1_AoryTK78_1.0/GCA_009687665.1_AoryTK78_1.0_genomic.fna.gz	eurotiales	wasted_col
5062	https://ftp.ncbi.nlm.nih.gov/genomes/all/GCF/000/184/455/GCF_000184455.2_ASM18445v3/GCF_000184455.2_ASM18445v3_cds_from_genomic.fna.gz	https://ftp.ncbi.nlm.nih.gov/genomes/all/GCA/009/684/935/GCA_009684935.1_AoryTK8_1.0/GCA_009684935.1_AoryTK8_1.0_genomic.fna.gz	eurotiales	wasted_col
5062	https://ftp.ncbi.nlm.nih.gov/genomes/all/GCF/000/184/455/GCF_000184455.2_ASM18445v3/GCF_000184455.2_ASM18445v3_cds_from_genomic.fna.gz	https://ftp.ncbi.nlm.nih.gov/genomes/all/GCA/000/965/245/GCA_000965245.1_ASM96524v1/GCA_000965245.1_ASM96524v1_genomic.fna.gz	eurotiales	wasted_col
5062	https://ftp.ncbi.nlm.nih.gov/genomes/all/GCF/000/184/455/GCF_000184455.2_ASM18445v3/GCF_000184455.2_ASM18445v3_cds_from_genomic.fna.gz	https://ftp.ncbi.nlm.nih.gov/genomes/all/GCA/009/687/105/GCA_009687105.1_AoryTK50_1.0/GCA_009687105.1_AoryTK50_1.0_genomic.fna.gz	eurotiales	wasted_col
5116	https://ftp.ncbi.nlm.nih.gov/genomes/all/GCF/011/745/365/GCF_011745365.1_Crypa2/GCF_011745365.1_Crypa2_cds_from_genomic.fna.gz	https://ftp.ncbi.nlm.nih.gov/genomes/all/GCA/014/850/715/GCA_014850715.1_ASM1485071v1/GCA_014850715.1_ASM1485071v1_genomic.fna.gz	sordariomycetes	wasted_col
5116	https://ftp.ncbi.nlm.nih.gov/genomes/all/GCF/011/745/365/GCF_011745365.1_Crypa2/GCF_011745365.1_Crypa2_cds_from_genomic.fna.gz	https://ftp.ncbi.nlm.nih.gov/genomes/all/GCA/014/850/895/GCA_014850895.1_ASM1485089v1/GCA_014850895.1_ASM1485089v1_genomic.fna.gz	sordariomycetes	wasted_col
5116	https://ftp.ncbi.nlm.nih.gov/genomes/all/GCF/011/745/365/GCF_011745365.1_Crypa2/GCF_011745365.1_Crypa2_cds_from_genomic.fna.gz	https://ftp.ncbi.nlm.nih.gov/genomes/all/GCA/009/806/305/GCA_009806305.1_INRA_CrypaYVO003_1/GCA_009806305.1_INRA_CrypaYVO003_1_genomic.fna.gz	sordariomycetes	wasted_col
5116	https://ftp.ncbi.nlm.nih.gov/genomes/all/GCF/011/745/365/GCF_011745365.1_Crypa2/GCF_011745365.1_Crypa2_cds_from_genomic.fna.gz	https://ftp.ncbi.nlm.nih.gov/genomes/all/GCA/018/104/285/GCA_018104285.1_INRAE_Cpar_1.0/GCA_018104285.1_INRAE_Cpar_1.0_genomic.fna.gz	sordariomycetes	wasted_col
5116	https://ftp.ncbi.nlm.nih.gov/genomes/all/GCF/011/745/365/GCF_011745365.1_Crypa2/GCF_011745365.1_Crypa2_cds_from_genomic.fna.gz	https://ftp.ncbi.nlm.nih.gov/genomes/all/GCA/014/851/185/GCA_014851185.1_ASM1485118v1/GCA_014851185.1_ASM1485118v1_genomic.fna.gz	sordariomycetes	wasted_col
5116	https://ftp.ncbi.nlm.nih.gov/genomes/all/GCF/011/745/365/GCF_011745365.1_Crypa2/GCF_011745365.1_Crypa2_cds_from_genomic.fna.gz	https://ftp.ncbi.nlm.nih.gov/genomes/all/GCA/014/850/165/GCA_014850165.1_ASM1485016v1/GCA_014850165.1_ASM1485016v1_genomic.fna.gz	sordariomycetes	wasted_col
5116	https://ftp.ncbi.nlm.nih.gov/genomes/all/GCF/011/745/365/GCF_011745365.1_Crypa2/GCF_011745365.1_Crypa2_cds_from_genomic.fna.gz	https://ftp.ncbi.nlm.nih.gov/genomes/all/GCA/014/851/155/GCA_014851155.1_ASM1485115v1/GCA_014851155.1_ASM1485115v1_genomic.fna.gz	sordariomycetes	wasted_col
5116	https://ftp.ncbi.nlm.nih.gov/genomes/all/GCF/011/745/365/GCF_011745365.1_Crypa2/GCF_011745365.1_Crypa2_cds_from_genomic.fna.gz	https://ftp.ncbi.nlm.nih.gov/genomes/all/GCA/014/849/635/GCA_014849635.1_ASM1484963v1/GCA_014849635.1_ASM1484963v1_genomic.fna.gz	sordariomycetes	wasted_col
5116	https://ftp.ncbi.nlm.nih.gov/genomes/all/GCF/011/745/365/GCF_011745365.1_Crypa2/GCF_011745365.1_Crypa2_cds_from_genomic.fna.gz	https://ftp.ncbi.nlm.nih.gov/genomes/all/GCA/014/850/675/GCA_014850675.1_ASM1485067v1/GCA_014850675.1_ASM1485067v1_genomic.fna.gz	sordariomycetes	wasted_col
5116	https://ftp.ncbi.nlm.nih.gov/genomes/all/GCF/011/745/365/GCF_011745365.1_Crypa2/GCF_011745365.1_Crypa2_cds_from_genomic.fna.gz	https://ftp.ncbi.nlm.nih.gov/genomes/all/GCA/014/849/675/GCA_014849675.1_ASM1484967v1/GCA_014849675.1_ASM1484967v1_genomic.fna.gz	sordariomycetes	wasted_col
5127	https://ftp.ncbi.nlm.nih.gov/genomes/all/GCF/900/079/805/GCF_900079805.1_Fusarium_fujikuroi_IMI58289_V2/GCF_900079805.1_Fusarium_fujikuroi_IMI58289_V2_cds_from_genomic.fna.gz	https://ftp.ncbi.nlm.nih.gov/genomes/all/GCA/900/096/605/GCA_900096605.1_version_1/GCA_900096605.1_version_1_genomic.fna.gz	hypocreales	wasted_col
5127	https://ftp.ncbi.nlm.nih.gov/genomes/all/GCF/900/079/805/GCF_900079805.1_Fusarium_fujikuroi_IMI58289_V2/GCF_900079805.1_Fusarium_fujikuroi_IMI58289_V2_cds_from_genomic.fna.gz	https://ftp.ncbi.nlm.nih.gov/genomes/all/GCA/009/800/985/GCA_009800985.1_IRD_FFuj_1/GCA_009800985.1_IRD_FFuj_1_genomic.fna.gz	hypocreales	wasted_col
5127	https://ftp.ncbi.nlm.nih.gov/genomes/all/GCF/900/079/805/GCF_900079805.1_Fusarium_fujikuroi_IMI58289_V2/GCF_900079805.1_Fusarium_fujikuroi_IMI58289_V2_cds_from_genomic.fna.gz	https://ftp.ncbi.nlm.nih.gov/genomes/all/GCA/900/096/705/GCA_900096705.1_version_1/GCA_900096705.1_version_1_genomic.fna.gz	hypocreales	wasted_col
5127	https://ftp.ncbi.nlm.nih.gov/genomes/all/GCF/900/079/805/GCF_900079805.1_Fusarium_fujikuroi_IMI58289_V2/GCF_900079805.1_Fusarium_fujikuroi_IMI58289_V2_cds_from_genomic.fna.gz	https://ftp.ncbi.nlm.nih.gov/genomes/all/GCA/001/023/065/GCA_001023065.1_ASM102306v1/GCA_001023065.1_ASM102306v1_genomic.fna.gz	hypocreales	wasted_col
5127	https://ftp.ncbi.nlm.nih.gov/genomes/all/GCF/900/079/805/GCF_900079805.1_Fusarium_fujikuroi_IMI58289_V2/GCF_900079805.1_Fusarium_fujikuroi_IMI58289_V2_cds_from_genomic.fna.gz	https://ftp.ncbi.nlm.nih.gov/genomes/all/GCA/002/864/135/GCA_002864135.1_ASM286413v1/GCA_002864135.1_ASM286413v1_genomic.fna.gz	hypocreales	wasted_col
5127	https://ftp.ncbi.nlm.nih.gov/genomes/all/GCF/900/079/805/GCF_900079805.1_Fusarium_fujikuroi_IMI58289_V2/GCF_900079805.1_Fusarium_fujikuroi_IMI58289_V2_cds_from_genomic.fna.gz	https://ftp.ncbi.nlm.nih.gov/genomes/all/GCA/900/096/625/GCA_900096625.1_version_1/GCA_900096625.1_version_1_genomic.fna.gz	hypocreales	wasted_col
5127	https://ftp.ncbi.nlm.nih.gov/genomes/all/GCF/900/079/805/GCF_900079805.1_Fusarium_fujikuroi_IMI58289_V2/GCF_900079805.1_Fusarium_fujikuroi_IMI58289_V2_cds_from_genomic.fna.gz	https://ftp.ncbi.nlm.nih.gov/genomes/all/GCA/900/096/635/GCA_900096635.1_version_1/GCA_900096635.1_version_1_genomic.fna.gz	hypocreales	wasted_col
5127	https://ftp.ncbi.nlm.nih.gov/genomes/all/GCF/900/079/805/GCF_900079805.1_Fusarium_fujikuroi_IMI58289_V2/GCF_900079805.1_Fusarium_fujikuroi_IMI58289_V2_cds_from_genomic.fna.gz	https://ftp.ncbi.nlm.nih.gov/genomes/all/GCA/901/677/955/GCA_901677955.1_C2S_WholeGenome/GCA_901677955.1_C2S_WholeGenome_genomic.fna.gz	hypocreales	wasted_col
5127	https://ftp.ncbi.nlm.nih.gov/genomes/all/GCF/900/079/805/GCF_900079805.1_Fusarium_fujikuroi_IMI58289_V2/GCF_900079805.1_Fusarium_fujikuroi_IMI58289_V2_cds_from_genomic.fna.gz	https://ftp.ncbi.nlm.nih.gov/genomes/all/GCA/009/663/115/GCA_009663115.1_ASM966311v1/GCA_009663115.1_ASM966311v1_genomic.fna.gz	hypocreales	wasted_col
5127	https://ftp.ncbi.nlm.nih.gov/genomes/all/GCF/900/079/805/GCF_900079805.1_Fusarium_fujikuroi_IMI58289_V2/GCF_900079805.1_Fusarium_fujikuroi_IMI58289_V2_cds_from_genomic.fna.gz	https://ftp.ncbi.nlm.nih.gov/genomes/all/GCA/900/096/505/GCA_900096505.1_version_1/GCA_900096505.1_version_1_genomic.fna.gz	hypocreales	wasted_col
5207	https://ftp.ncbi.nlm.nih.gov/genomes/all/GCF/000/091/045/GCF_000091045.1_ASM9104v1/GCF_000091045.1_ASM9104v1_cds_from_genomic.fna.gz	https://ftp.ncbi.nlm.nih.gov/genomes/all/GCA/019/969/295/GCA_019969295.1_PUJ.INS_Cneo_3589/GCA_019969295.1_PUJ.INS_Cneo_3589_genomic.fna.gz	tremellomycetes	wasted_col
5207	https://ftp.ncbi.nlm.nih.gov/genomes/all/GCF/000/091/045/GCF_000091045.1_ASM9104v1/GCF_000091045.1_ASM9104v1_cds_from_genomic.fna.gz	https://ftp.ncbi.nlm.nih.gov/genomes/all/GCA/900/177/205/GCA_900177205.1_BMD1367/GCA_900177205.1_BMD1367_genomic.fna.gz	tremellomycetes	wasted_col
5207	https://ftp.ncbi.nlm.nih.gov/genomes/all/GCF/000/091/045/GCF_000091045.1_ASM9104v1/GCF_000091045.1_ASM9104v1_cds_from_genomic.fna.gz	https://ftp.ncbi.nlm.nih.gov/genomes/all/GCA/002/216/725/GCA_002216725.1_ASM221672v1/GCA_002216725.1_ASM221672v1_genomic.fna.gz	tremellomycetes	wasted_col
5207	https://ftp.ncbi.nlm.nih.gov/genomes/all/GCF/000/091/045/GCF_000091045.1_ASM9104v1/GCF_000091045.1_ASM9104v1_cds_from_genomic.fna.gz	https://ftp.ncbi.nlm.nih.gov/genomes/all/GCA/011/057/515/GCA_011057515.1_ASM1105751v1/GCA_011057515.1_ASM1105751v1_genomic.fna.gz	tremellomycetes	wasted_col
5207	https://ftp.ncbi.nlm.nih.gov/genomes/all/GCF/000/091/045/GCF_000091045.1_ASM9104v1/GCF_000091045.1_ASM9104v1_cds_from_genomic.fna.gz	https://ftp.ncbi.nlm.nih.gov/genomes/all/GCA/019/970/475/GCA_019970475.1_PUJ.INS_Cneo_2720/GCA_019970475.1_PUJ.INS_Cneo_2720_genomic.fna.gz	tremellomycetes	wasted_col
5207	https://ftp.ncbi.nlm.nih.gov/genomes/all/GCF/000/091/045/GCF_000091045.1_ASM9104v1/GCF_000091045.1_ASM9104v1_cds_from_genomic.fna.gz	https://ftp.ncbi.nlm.nih.gov/genomes/all/GCA/019/970/415/GCA_019970415.1_PUJ.INS_Cneo_2779/GCA_019970415.1_PUJ.INS_Cneo_2779_genomic.fna.gz	tremellomycetes	wasted_col
5207	https://ftp.ncbi.nlm.nih.gov/genomes/all/GCF/000/091/045/GCF_000091045.1_ASM9104v1/GCF_000091045.1_ASM9104v1_cds_from_genomic.fna.gz	https://ftp.ncbi.nlm.nih.gov/genomes/all/GCA/002/222/405/GCA_002222405.1_Cryp_neof_C8_V1/GCA_002222405.1_Cryp_neof_C8_V1_genomic.fna.gz	tremellomycetes	wasted_col
5207	https://ftp.ncbi.nlm.nih.gov/genomes/all/GCF/000/091/045/GCF_000091045.1_ASM9104v1/GCF_000091045.1_ASM9104v1_cds_from_genomic.fna.gz	https://ftp.ncbi.nlm.nih.gov/genomes/all/GCA/020/975/665/GCA_020975665.1_ASM2097566v1/GCA_020975665.1_ASM2097566v1_genomic.fna.gz	tremellomycetes	wasted_col
5207	https://ftp.ncbi.nlm.nih.gov/genomes/all/GCF/000/091/045/GCF_000091045.1_ASM9104v1/GCF_000091045.1_ASM9104v1_cds_from_genomic.fna.gz	https://ftp.ncbi.nlm.nih.gov/genomes/all/GCA/019/969/275/GCA_019969275.1_PUJ.INS_Cneo_3746/GCA_019969275.1_PUJ.INS_Cneo_3746_genomic.fna.gz	tremellomycetes	wasted_col
5207	https://ftp.ncbi.nlm.nih.gov/genomes/all/GCF/000/091/045/GCF_000091045.1_ASM9104v1/GCF_000091045.1_ASM9104v1_cds_from_genomic.fna.gz	https://ftp.ncbi.nlm.nih.gov/genomes/all/GCA/002/215/825/GCA_002215825.1_Cryp_neof_C23_V1/GCA_002215825.1_Cryp_neof_C23_V1_genomic.fna.gz	tremellomycetes	wasted_col
5270	https://ftp.ncbi.nlm.nih.gov/genomes/all/GCF/000/328/475/GCF_000328475.2_Umaydis521_2.0/GCF_000328475.2_Umaydis521_2.0_cds_from_genomic.fna.gz	https://ftp.ncbi.nlm.nih.gov/genomes/all/GCA/018/154/945/GCA_018154945.1_ASM1815494v1/GCA_018154945.1_ASM1815494v1_genomic.fna.gz	basidiomycota	wasted_col
5270	https://ftp.ncbi.nlm.nih.gov/genomes/all/GCF/000/328/475/GCF_000328475.2_Umaydis521_2.0/GCF_000328475.2_Umaydis521_2.0_cds_from_genomic.fna.gz	https://ftp.ncbi.nlm.nih.gov/genomes/all/GCA/001/662/005/GCA_001662005.1_ASM166200v1/GCA_001662005.1_ASM166200v1_genomic.fna.gz	basidiomycota	wasted_col
5270	https://ftp.ncbi.nlm.nih.gov/genomes/all/GCF/000/328/475/GCF_000328475.2_Umaydis521_2.0/GCF_000328475.2_Umaydis521_2.0_cds_from_genomic.fna.gz	https://ftp.ncbi.nlm.nih.gov/genomes/all/GCA/001/736/155/GCA_001736155.1_ASM173615v1/GCA_001736155.1_ASM173615v1_genomic.fna.gz	basidiomycota	wasted_col
5270	https://ftp.ncbi.nlm.nih.gov/genomes/all/GCF/000/328/475/GCF_000328475.2_Umaydis521_2.0/GCF_000328475.2_Umaydis521_2.0_cds_from_genomic.fna.gz	https://ftp.ncbi.nlm.nih.gov/genomes/all/GCA/018/154/715/GCA_018154715.1_ASM1815471v1/GCA_018154715.1_ASM1815471v1_genomic.fna.gz	basidiomycota	wasted_col
5270	https://ftp.ncbi.nlm.nih.gov/genomes/all/GCF/000/328/475/GCF_000328475.2_Umaydis521_2.0/GCF_000328475.2_Umaydis521_2.0_cds_from_genomic.fna.gz	https://ftp.ncbi.nlm.nih.gov/genomes/all/GCA/018/154/395/GCA_018154395.1_ASM1815439v1/GCA_018154395.1_ASM1815439v1_genomic.fna.gz	basidiomycota	wasted_col
5270	https://ftp.ncbi.nlm.nih.gov/genomes/all/GCF/000/328/475/GCF_000328475.2_Umaydis521_2.0/GCF_000328475.2_Umaydis521_2.0_cds_from_genomic.fna.gz	https://ftp.ncbi.nlm.nih.gov/genomes/all/GCA/018/154/205/GCA_018154205.1_ASM1815420v1/GCA_018154205.1_ASM1815420v1_genomic.fna.gz	basidiomycota	wasted_col
5270	https://ftp.ncbi.nlm.nih.gov/genomes/all/GCF/000/328/475/GCF_000328475.2_Umaydis521_2.0/GCF_000328475.2_Umaydis521_2.0_cds_from_genomic.fna.gz	https://ftp.ncbi.nlm.nih.gov/genomes/all/GCA/018/154/565/GCA_018154565.1_ASM1815456v1/GCA_018154565.1_ASM1815456v1_genomic.fna.gz	basidiomycota	wasted_col
5270	https://ftp.ncbi.nlm.nih.gov/genomes/all/GCF/000/328/475/GCF_000328475.2_Umaydis521_2.0/GCF_000328475.2_Umaydis521_2.0_cds_from_genomic.fna.gz	https://ftp.ncbi.nlm.nih.gov/genomes/all/GCA/018/153/955/GCA_018153955.1_ASM1815395v1/GCA_018153955.1_ASM1815395v1_genomic.fna.gz	basidiomycota	wasted_col
5270	https://ftp.ncbi.nlm.nih.gov/genomes/all/GCF/000/328/475/GCF_000328475.2_Umaydis521_2.0/GCF_000328475.2_Umaydis521_2.0_cds_from_genomic.fna.gz	https://ftp.ncbi.nlm.nih.gov/genomes/all/GCA/018/154/785/GCA_018154785.1_ASM1815478v1/GCA_018154785.1_ASM1815478v1_genomic.fna.gz	basidiomycota	wasted_col
5270	https://ftp.ncbi.nlm.nih.gov/genomes/all/GCF/000/328/475/GCF_000328475.2_Umaydis521_2.0/GCF_000328475.2_Umaydis521_2.0_cds_from_genomic.fna.gz	https://ftp.ncbi.nlm.nih.gov/genomes/all/GCA/016/617/945/GCA_016617945.1_ASM1661794v1/GCA_016617945.1_ASM1661794v1_genomic.fna.gz	basidiomycota	wasted_col
5286	https://ftp.ncbi.nlm.nih.gov/genomes/all/GCF/000/320/785/GCF_000320785.1_RHOziaDV1.0/GCF_000320785.1_RHOziaDV1.0_cds_from_genomic.fna.gz	https://ftp.ncbi.nlm.nih.gov/genomes/all/GCA/001/600/135/GCA_001600135.1_JCM_10021_assembly_v001/GCA_001600135.1_JCM_10021_assembly_v001_genomic.fna.gz	basidiomycota	wasted_col
5286	https://ftp.ncbi.nlm.nih.gov/genomes/all/GCF/000/320/785/GCF_000320785.1_RHOziaDV1.0/GCF_000320785.1_RHOziaDV1.0_cds_from_genomic.fna.gz	https://ftp.ncbi.nlm.nih.gov/genomes/all/GCA/001/600/215/GCA_001600215.1_JCM_24501_assembly_v001/GCA_001600215.1_JCM_24501_assembly_v001_genomic.fna.gz	basidiomycota	wasted_col
5286	https://ftp.ncbi.nlm.nih.gov/genomes/all/GCF/000/320/785/GCF_000320785.1_RHOziaDV1.0/GCF_000320785.1_RHOziaDV1.0_cds_from_genomic.fna.gz	https://ftp.ncbi.nlm.nih.gov/genomes/all/GCA/001/600/115/GCA_001600115.1_JCM_10020_assembly_v001/GCA_001600115.1_JCM_10020_assembly_v001_genomic.fna.gz	basidiomycota	wasted_col
5286	https://ftp.ncbi.nlm.nih.gov/genomes/all/GCF/000/320/785/GCF_000320785.1_RHOziaDV1.0/GCF_000320785.1_RHOziaDV1.0_cds_from_genomic.fna.gz	https://ftp.ncbi.nlm.nih.gov/genomes/all/GCA/003/234/015/GCA_003234015.1_ASM323401v1/GCA_003234015.1_ASM323401v1_genomic.fna.gz	basidiomycota	wasted_col
5286	https://ftp.ncbi.nlm.nih.gov/genomes/all/GCF/000/320/785/GCF_000320785.1_RHOziaDV1.0/GCF_000320785.1_RHOziaDV1.0_cds_from_genomic.fna.gz	https://ftp.ncbi.nlm.nih.gov/genomes/all/GCA/921/037/615/GCA_921037615.1_Hybrid_genome_assembly_-_CBS_14/GCA_921037615.1_Hybrid_genome_assembly_-_CBS_14_genomic.fna.gz	basidiomycota	wasted_col
5286	https://ftp.ncbi.nlm.nih.gov/genomes/all/GCF/000/320/785/GCF_000320785.1_RHOziaDV1.0/GCF_000320785.1_RHOziaDV1.0_cds_from_genomic.fna.gz	https://ftp.ncbi.nlm.nih.gov/genomes/all/GCA/000/320/785/GCA_000320785.2_RHOziaDV1.0/GCA_000320785.2_RHOziaDV1.0_genomic.fna.gz	basidiomycota	wasted_col
5286	https://ftp.ncbi.nlm.nih.gov/genomes/all/GCF/000/320/785/GCF_000320785.1_RHOziaDV1.0/GCF_000320785.1_RHOziaDV1.0_cds_from_genomic.fna.gz	https://ftp.ncbi.nlm.nih.gov/genomes/all/GCA/001/542/305/GCA_001542305.1_ASM154230v1/GCA_001542305.1_ASM154230v1_genomic.fna.gz	basidiomycota	wasted_col
5286	https://ftp.ncbi.nlm.nih.gov/genomes/all/GCF/000/320/785/GCF_000320785.1_RHOziaDV1.0/GCF_000320785.1_RHOziaDV1.0_cds_from_genomic.fna.gz	https://ftp.ncbi.nlm.nih.gov/genomes/all/GCA/001/542/265/GCA_001542265.1_ASM154226v1/GCA_001542265.1_ASM154226v1_genomic.fna.gz	basidiomycota	wasted_col
5286	https://ftp.ncbi.nlm.nih.gov/genomes/all/GCF/000/320/785/GCF_000320785.1_RHOziaDV1.0/GCF_000320785.1_RHOziaDV1.0_cds_from_genomic.fna.gz	https://ftp.ncbi.nlm.nih.gov/genomes/all/GCA/001/456/015/GCA_001456015.1_ASM145601v1/GCA_001456015.1_ASM145601v1_genomic.fna.gz	basidiomycota	wasted_col
5286	https://ftp.ncbi.nlm.nih.gov/genomes/all/GCF/000/320/785/GCF_000320785.1_RHOziaDV1.0/GCF_000320785.1_RHOziaDV1.0_cds_from_genomic.fna.gz	https://ftp.ncbi.nlm.nih.gov/genomes/all/GCA/000/988/875/GCA_000988875.2_ASM98887v2/GCA_000988875.2_ASM98887v2_genomic.fna.gz	basidiomycota	wasted_col
5334	https://ftp.ncbi.nlm.nih.gov/genomes/all/GCF/000/143/185/GCF_000143185.1_v1.0/GCF_000143185.1_v1.0_cds_from_genomic.fna.gz	https://ftp.ncbi.nlm.nih.gov/genomes/all/GCA/019/143/045/GCA_019143045.1_ASM1914304v1/GCA_019143045.1_ASM1914304v1_genomic.fna.gz	agaricales	wasted_col
5334	https://ftp.ncbi.nlm.nih.gov/genomes/all/GCF/000/143/185/GCF_000143185.1_v1.0/GCF_000143185.1_v1.0_cds_from_genomic.fna.gz	https://ftp.ncbi.nlm.nih.gov/genomes/all/GCA/019/143/375/GCA_019143375.1_ASM1914337v1/GCA_019143375.1_ASM1914337v1_genomic.fna.gz	agaricales	wasted_col
5334	https://ftp.ncbi.nlm.nih.gov/genomes/all/GCF/000/143/185/GCF_000143185.1_v1.0/GCF_000143185.1_v1.0_cds_from_genomic.fna.gz	https://ftp.ncbi.nlm.nih.gov/genomes/all/GCA/019/143/235/GCA_019143235.1_ASM1914323v1/GCA_019143235.1_ASM1914323v1_genomic.fna.gz	agaricales	wasted_col
5334	https://ftp.ncbi.nlm.nih.gov/genomes/all/GCF/000/143/185/GCF_000143185.1_v1.0/GCF_000143185.1_v1.0_cds_from_genomic.fna.gz	https://ftp.ncbi.nlm.nih.gov/genomes/all/GCA/019/143/345/GCA_019143345.1_ASM1914334v1/GCA_019143345.1_ASM1914334v1_genomic.fna.gz	agaricales	wasted_col
5334	https://ftp.ncbi.nlm.nih.gov/genomes/all/GCF/000/143/185/GCF_000143185.1_v1.0/GCF_000143185.1_v1.0_cds_from_genomic.fna.gz	https://ftp.ncbi.nlm.nih.gov/genomes/all/GCA/019/143/355/GCA_019143355.1_ASM1914335v1/GCA_019143355.1_ASM1914335v1_genomic.fna.gz	agaricales	wasted_col
5334	https://ftp.ncbi.nlm.nih.gov/genomes/all/GCF/000/143/185/GCF_000143185.1_v1.0/GCF_000143185.1_v1.0_cds_from_genomic.fna.gz	https://ftp.ncbi.nlm.nih.gov/genomes/all/GCA/019/143/605/GCA_019143605.1_ASM1914360v1/GCA_019143605.1_ASM1914360v1_genomic.fna.gz	agaricales	wasted_col
5334	https://ftp.ncbi.nlm.nih.gov/genomes/all/GCF/000/143/185/GCF_000143185.1_v1.0/GCF_000143185.1_v1.0_cds_from_genomic.fna.gz	https://ftp.ncbi.nlm.nih.gov/genomes/all/GCA/019/143/365/GCA_019143365.1_ASM1914336v1/GCA_019143365.1_ASM1914336v1_genomic.fna.gz	agaricales	wasted_col
5334	https://ftp.ncbi.nlm.nih.gov/genomes/all/GCF/000/143/185/GCF_000143185.1_v1.0/GCF_000143185.1_v1.0_cds_from_genomic.fna.gz	https://ftp.ncbi.nlm.nih.gov/genomes/all/GCA/009/746/475/GCA_009746475.1_ASM974647v1/GCA_009746475.1_ASM974647v1_genomic.fna.gz	agaricales	wasted_col
5334	https://ftp.ncbi.nlm.nih.gov/genomes/all/GCF/000/143/185/GCF_000143185.1_v1.0/GCF_000143185.1_v1.0_cds_from_genomic.fna.gz	https://ftp.ncbi.nlm.nih.gov/genomes/all/GCA/019/143/255/GCA_019143255.1_ASM1914325v1/GCA_019143255.1_ASM1914325v1_genomic.fna.gz	agaricales	wasted_col
5334	https://ftp.ncbi.nlm.nih.gov/genomes/all/GCF/000/143/185/GCF_000143185.1_v1.0/GCF_000143185.1_v1.0_cds_from_genomic.fna.gz	https://ftp.ncbi.nlm.nih.gov/genomes/all/GCA/019/142/945/GCA_019142945.1_ASM1914294v1/GCA_019142945.1_ASM1914294v1_genomic.fna.gz	agaricales	wasted_col
5476	https://ftp.ncbi.nlm.nih.gov/genomes/all/GCF/000/182/965/GCF_000182965.3_ASM18296v3/GCF_000182965.3_ASM18296v3_cds_from_genomic.fna.gz	https://ftp.ncbi.nlm.nih.gov/genomes/all/GCA/015/345/835/GCA_015345835.1_ASM1534583v1/GCA_015345835.1_ASM1534583v1_genomic.fna.gz	saccharomycetes	wasted_col
5476	https://ftp.ncbi.nlm.nih.gov/genomes/all/GCF/000/182/965/GCF_000182965.3_ASM18296v3/GCF_000182965.3_ASM18296v3_cds_from_genomic.fna.gz	https://ftp.ncbi.nlm.nih.gov/genomes/all/GCA/000/447/615/GCA_000447615.1_Cand_albi_A155_V1/GCA_000447615.1_Cand_albi_A155_V1_genomic.fna.gz	saccharomycetes	wasted_col
5476	https://ftp.ncbi.nlm.nih.gov/genomes/all/GCF/000/182/965/GCF_000182965.3_ASM18296v3/GCF_000182965.3_ASM18296v3_cds_from_genomic.fna.gz	https://ftp.ncbi.nlm.nih.gov/genomes/all/GCA/000/784/505/GCA_000784505.1_Cand_albi_P76055_V1/GCA_000784505.1_Cand_albi_P76055_V1_genomic.fna.gz	saccharomycetes	wasted_col
5476	https://ftp.ncbi.nlm.nih.gov/genomes/all/GCF/000/182/965/GCF_000182965.3_ASM18296v3/GCF_000182965.3_ASM18296v3_cds_from_genomic.fna.gz	https://ftp.ncbi.nlm.nih.gov/genomes/all/GCA/000/775/445/GCA_000775445.1_Cand_albi_19F_V2/GCA_000775445.1_Cand_albi_19F_V2_genomic.fna.gz	saccharomycetes	wasted_col
5476	https://ftp.ncbi.nlm.nih.gov/genomes/all/GCF/000/182/965/GCF_000182965.3_ASM18296v3/GCF_000182965.3_ASM18296v3_cds_from_genomic.fna.gz	https://ftp.ncbi.nlm.nih.gov/genomes/all/GCA/015/344/895/GCA_015344895.1_ASM1534489v1/GCA_015344895.1_ASM1534489v1_genomic.fna.gz	saccharomycetes	wasted_col
5476	https://ftp.ncbi.nlm.nih.gov/genomes/all/GCF/000/182/965/GCF_000182965.3_ASM18296v3/GCF_000182965.3_ASM18296v3_cds_from_genomic.fna.gz	https://ftp.ncbi.nlm.nih.gov/genomes/all/GCA/000/182/965/GCA_000182965.3_ASM18296v3/GCA_000182965.3_ASM18296v3_genomic.fna.gz	saccharomycetes	wasted_col
5476	https://ftp.ncbi.nlm.nih.gov/genomes/all/GCF/000/182/965/GCF_000182965.3_ASM18296v3/GCF_000182965.3_ASM18296v3_cds_from_genomic.fna.gz	https://ftp.ncbi.nlm.nih.gov/genomes/all/GCA/005/890/685/GCA_005890685.1_ASM589068v1/GCA_005890685.1_ASM589068v1_genomic.fna.gz	saccharomycetes	wasted_col
5476	https://ftp.ncbi.nlm.nih.gov/genomes/all/GCF/000/182/965/GCF_000182965.3_ASM18296v3/GCF_000182965.3_ASM18296v3_cds_from_genomic.fna.gz	https://ftp.ncbi.nlm.nih.gov/genomes/all/GCA/000/775/465/GCA_000775465.1_Cand_albi_P34048_V1/GCA_000775465.1_Cand_albi_P34048_V1_genomic.fna.gz	saccharomycetes	wasted_col
5476	https://ftp.ncbi.nlm.nih.gov/genomes/all/GCF/000/182/965/GCF_000182965.3_ASM18296v3/GCF_000182965.3_ASM18296v3_cds_from_genomic.fna.gz	https://ftp.ncbi.nlm.nih.gov/genomes/all/GCA/011/037/055/GCA_011037055.1_ASM1103705v1/GCA_011037055.1_ASM1103705v1_genomic.fna.gz	saccharomycetes	wasted_col
5476	https://ftp.ncbi.nlm.nih.gov/genomes/all/GCF/000/182/965/GCF_000182965.3_ASM18296v3/GCF_000182965.3_ASM18296v3_cds_from_genomic.fna.gz	https://ftp.ncbi.nlm.nih.gov/genomes/all/GCA/000/447/475/GCA_000447475.1_Cand_albi_A92_V1/GCA_000447475.1_Cand_albi_A92_V1_genomic.fna.gz	saccharomycetes	wasted_col
5478	https://ftp.ncbi.nlm.nih.gov/genomes/all/GCF/000/002/545/GCF_000002545.3_ASM254v2/GCF_000002545.3_ASM254v2_cds_from_genomic.fna.gz	https://ftp.ncbi.nlm.nih.gov/genomes/all/GCA/021/498/435/GCA_021498435.1_ASM2149843v1/GCA_021498435.1_ASM2149843v1_genomic.fna.gz	saccharomycetes	wasted_col
5478	https://ftp.ncbi.nlm.nih.gov/genomes/all/GCF/000/002/545/GCF_000002545.3_ASM254v2/GCF_000002545.3_ASM254v2_cds_from_genomic.fna.gz	https://ftp.ncbi.nlm.nih.gov/genomes/all/GCA/020/450/195/GCA_020450195.1_ASM2045019v1/GCA_020450195.1_ASM2045019v1_genomic.fna.gz	saccharomycetes	wasted_col
5478	https://ftp.ncbi.nlm.nih.gov/genomes/all/GCF/000/002/545/GCF_000002545.3_ASM254v2/GCF_000002545.3_ASM254v2_cds_from_genomic.fna.gz	https://ftp.ncbi.nlm.nih.gov/genomes/all/GCA/004/332/445/GCA_004332445.1_ASM433244v1/GCA_004332445.1_ASM433244v1_genomic.fna.gz	saccharomycetes	wasted_col
5478	https://ftp.ncbi.nlm.nih.gov/genomes/all/GCF/000/002/545/GCF_000002545.3_ASM254v2/GCF_000002545.3_ASM254v2_cds_from_genomic.fna.gz	https://ftp.ncbi.nlm.nih.gov/genomes/all/GCA/001/466/525/GCA_001466525.1_ASM146652v1/GCA_001466525.1_ASM146652v1_genomic.fna.gz	saccharomycetes	wasted_col
5478	https://ftp.ncbi.nlm.nih.gov/genomes/all/GCF/000/002/545/GCF_000002545.3_ASM254v2/GCF_000002545.3_ASM254v2_cds_from_genomic.fna.gz	https://ftp.ncbi.nlm.nih.gov/genomes/all/GCA/010/111/755/GCA_010111755.1_ASM1011175v1/GCA_010111755.1_ASM1011175v1_genomic.fna.gz	saccharomycetes	wasted_col
5478	https://ftp.ncbi.nlm.nih.gov/genomes/all/GCF/000/002/545/GCF_000002545.3_ASM254v2/GCF_000002545.3_ASM254v2_cds_from_genomic.fna.gz	https://ftp.ncbi.nlm.nih.gov/genomes/all/GCA/021/498/365/GCA_021498365.1_ASM2149836v1/GCA_021498365.1_ASM2149836v1_genomic.fna.gz	saccharomycetes	wasted_col
5478	https://ftp.ncbi.nlm.nih.gov/genomes/all/GCF/000/002/545/GCF_000002545.3_ASM254v2/GCF_000002545.3_ASM254v2_cds_from_genomic.fna.gz	https://ftp.ncbi.nlm.nih.gov/genomes/all/GCA/001/466/685/GCA_001466685.1_ASM146668v1/GCA_001466685.1_ASM146668v1_genomic.fna.gz	saccharomycetes	wasted_col
5478	https://ftp.ncbi.nlm.nih.gov/genomes/all/GCF/000/002/545/GCF_000002545.3_ASM254v2/GCF_000002545.3_ASM254v2_cds_from_genomic.fna.gz	https://ftp.ncbi.nlm.nih.gov/genomes/all/GCA/020/797/325/GCA_020797325.1_ASM2079732v1/GCA_020797325.1_ASM2079732v1_genomic.fna.gz	saccharomycetes	wasted_col
5478	https://ftp.ncbi.nlm.nih.gov/genomes/all/GCF/000/002/545/GCF_000002545.3_ASM254v2/GCF_000002545.3_ASM254v2_cds_from_genomic.fna.gz	https://ftp.ncbi.nlm.nih.gov/genomes/all/GCA/001/466/565/GCA_001466565.1_ASM146656v1/GCA_001466565.1_ASM146656v1_genomic.fna.gz	saccharomycetes	wasted_col
5478	https://ftp.ncbi.nlm.nih.gov/genomes/all/GCF/000/002/545/GCF_000002545.3_ASM254v2/GCF_000002545.3_ASM254v2_cds_from_genomic.fna.gz	https://ftp.ncbi.nlm.nih.gov/genomes/all/GCA/020/797/225/GCA_020797225.1_ASM2079722v1/GCA_020797225.1_ASM2079722v1_genomic.fna.gz	saccharomycetes	wasted_col
5480	https://ftp.ncbi.nlm.nih.gov/genomes/all/GCF/000/182/765/GCF_000182765.1_ASM18276v2/GCF_000182765.1_ASM18276v2_cds_from_genomic.fna.gz	https://ftp.ncbi.nlm.nih.gov/genomes/all/GCA/016/735/785/GCA_016735785.1_ASM1673578v1/GCA_016735785.1_ASM1673578v1_genomic.fna.gz	saccharomycetes	wasted_col
5480	https://ftp.ncbi.nlm.nih.gov/genomes/all/GCF/000/182/765/GCF_000182765.1_ASM18276v2/GCF_000182765.1_ASM18276v2_cds_from_genomic.fna.gz	https://ftp.ncbi.nlm.nih.gov/genomes/all/GCA/000/982/555/GCA_000982555.2_CBS6318.1/GCA_000982555.2_CBS6318.1_genomic.fna.gz	saccharomycetes	wasted_col
5480	https://ftp.ncbi.nlm.nih.gov/genomes/all/GCF/000/182/765/GCF_000182765.1_ASM18276v2/GCF_000182765.1_ASM18276v2_cds_from_genomic.fna.gz	https://ftp.ncbi.nlm.nih.gov/genomes/all/GCA/903/989/565/GCA_903989565.1_canParB/GCA_903989565.1_canParB_genomic.fna.gz	saccharomycetes	wasted_col
5480	https://ftp.ncbi.nlm.nih.gov/genomes/all/GCF/000/182/765/GCF_000182765.1_ASM18276v2/GCF_000182765.1_ASM18276v2_cds_from_genomic.fna.gz	https://ftp.ncbi.nlm.nih.gov/genomes/all/GCA/004/026/285/GCA_004026285.1_ASM402628v1/GCA_004026285.1_ASM402628v1_genomic.fna.gz	saccharomycetes	wasted_col
5480	https://ftp.ncbi.nlm.nih.gov/genomes/all/GCF/000/182/765/GCF_000182765.1_ASM18276v2/GCF_000182765.1_ASM18276v2_cds_from_genomic.fna.gz	https://ftp.ncbi.nlm.nih.gov/genomes/all/GCA/016/735/825/GCA_016735825.1_ASM1673582v1/GCA_016735825.1_ASM1673582v1_genomic.fna.gz	saccharomycetes	wasted_col
5480	https://ftp.ncbi.nlm.nih.gov/genomes/all/GCF/000/182/765/GCF_000182765.1_ASM18276v2/GCF_000182765.1_ASM18276v2_cds_from_genomic.fna.gz	https://ftp.ncbi.nlm.nih.gov/genomes/all/GCA/014/049/585/GCA_014049585.1_ASM1404958v1/GCA_014049585.1_ASM1404958v1_genomic.fna.gz	saccharomycetes	wasted_col
5480	https://ftp.ncbi.nlm.nih.gov/genomes/all/GCF/000/182/765/GCF_000182765.1_ASM18276v2/GCF_000182765.1_ASM18276v2_cds_from_genomic.fna.gz	https://ftp.ncbi.nlm.nih.gov/genomes/all/GCA/020/027/125/GCA_020027125.1_ASM2002712v1/GCA_020027125.1_ASM2002712v1_genomic.fna.gz	saccharomycetes	wasted_col
5480	https://ftp.ncbi.nlm.nih.gov/genomes/all/GCF/000/182/765/GCF_000182765.1_ASM18276v2/GCF_000182765.1_ASM18276v2_cds_from_genomic.fna.gz	https://ftp.ncbi.nlm.nih.gov/genomes/all/GCA/004/026/445/GCA_004026445.1_ASM402644v1/GCA_004026445.1_ASM402644v1_genomic.fna.gz	saccharomycetes	wasted_col
5480	https://ftp.ncbi.nlm.nih.gov/genomes/all/GCF/000/182/765/GCF_000182765.1_ASM18276v2/GCF_000182765.1_ASM18276v2_cds_from_genomic.fna.gz	https://ftp.ncbi.nlm.nih.gov/genomes/all/GCA/000/182/765/GCA_000182765.2_ASM18276v2/GCA_000182765.2_ASM18276v2_genomic.fna.gz	saccharomycetes	wasted_col
5480	https://ftp.ncbi.nlm.nih.gov/genomes/all/GCF/000/182/765/GCF_000182765.1_ASM18276v2/GCF_000182765.1_ASM18276v2_cds_from_genomic.fna.gz	https://ftp.ncbi.nlm.nih.gov/genomes/all/GCA/015/344/875/GCA_015344875.1_ASM1534487v1/GCA_015344875.1_ASM1534487v1_genomic.fna.gz	saccharomycetes	wasted_col
5507	https://ftp.ncbi.nlm.nih.gov/genomes/all/GCF/000/271/745/GCF_000271745.1_FO_FOSC_3_a_V1/GCF_000271745.1_FO_FOSC_3_a_V1_cds_from_genomic.fna.gz	https://ftp.ncbi.nlm.nih.gov/genomes/all/GCA/002/234/085/GCA_002234085.1_Fomel_001/GCA_002234085.1_Fomel_001_genomic.fna.gz	hypocreales	wasted_col
5507	https://ftp.ncbi.nlm.nih.gov/genomes/all/GCF/000/271/745/GCF_000271745.1_FO_FOSC_3_a_V1/GCF_000271745.1_FO_FOSC_3_a_V1_cds_from_genomic.fna.gz	https://ftp.ncbi.nlm.nih.gov/genomes/all/GCA/011/035/345/GCA_011035345.1_ASM1103534v1/GCA_011035345.1_ASM1103534v1_genomic.fna.gz	hypocreales	wasted_col
5507	https://ftp.ncbi.nlm.nih.gov/genomes/all/GCF/000/271/745/GCF_000271745.1_FO_FOSC_3_a_V1/GCF_000271745.1_FO_FOSC_3_a_V1_cds_from_genomic.fna.gz	https://ftp.ncbi.nlm.nih.gov/genomes/all/GCA/019/671/045/GCA_019671045.1_EIMB_FOl_476_1.1/GCA_019671045.1_EIMB_FOl_476_1.1_genomic.fna.gz	hypocreales	wasted_col
5507	https://ftp.ncbi.nlm.nih.gov/genomes/all/GCF/000/271/745/GCF_000271745.1_FO_FOSC_3_a_V1/GCF_000271745.1_FO_FOSC_3_a_V1_cds_from_genomic.fna.gz	https://ftp.ncbi.nlm.nih.gov/genomes/all/GCA/011/421/285/GCA_011421285.1_ASM1142128v1/GCA_011421285.1_ASM1142128v1_genomic.fna.gz	hypocreales	wasted_col
5507	https://ftp.ncbi.nlm.nih.gov/genomes/all/GCF/000/271/745/GCF_000271745.1_FO_FOSC_3_a_V1/GCF_000271745.1_FO_FOSC_3_a_V1_cds_from_genomic.fna.gz	https://ftp.ncbi.nlm.nih.gov/genomes/all/GCA/005/930/515/GCA_005930515.1_ASM593051v1/GCA_005930515.1_ASM593051v1_genomic.fna.gz	hypocreales	wasted_col
5507	https://ftp.ncbi.nlm.nih.gov/genomes/all/GCF/000/271/745/GCF_000271745.1_FO_FOSC_3_a_V1/GCF_000271745.1_FO_FOSC_3_a_V1_cds_from_genomic.fna.gz	https://ftp.ncbi.nlm.nih.gov/genomes/all/GCA/011/035/205/GCA_011035205.1_ASM1103520v1/GCA_011035205.1_ASM1103520v1_genomic.fna.gz	hypocreales	wasted_col
5507	https://ftp.ncbi.nlm.nih.gov/genomes/all/GCF/000/271/745/GCF_000271745.1_FO_FOSC_3_a_V1/GCF_000271745.1_FO_FOSC_3_a_V1_cds_from_genomic.fna.gz	https://ftp.ncbi.nlm.nih.gov/genomes/all/GCA/011/037/105/GCA_011037105.1_ASM1103710v1/GCA_011037105.1_ASM1103710v1_genomic.fna.gz	hypocreales	wasted_col
5507	https://ftp.ncbi.nlm.nih.gov/genomes/all/GCF/000/271/745/GCF_000271745.1_FO_FOSC_3_a_V1/GCF_000271745.1_FO_FOSC_3_a_V1_cds_from_genomic.fna.gz	https://ftp.ncbi.nlm.nih.gov/genomes/all/GCA/020/976/525/GCA_020976525.1_ASM2097652v1/GCA_020976525.1_ASM2097652v1_genomic.fna.gz	hypocreales	wasted_col
5507	https://ftp.ncbi.nlm.nih.gov/genomes/all/GCF/000/271/745/GCF_000271745.1_FO_FOSC_3_a_V1/GCF_000271745.1_FO_FOSC_3_a_V1_cds_from_genomic.fna.gz	https://ftp.ncbi.nlm.nih.gov/genomes/all/GCA/021/018/635/GCA_021018635.1_ASM2101863v1/GCA_021018635.1_ASM2101863v1_genomic.fna.gz	hypocreales	wasted_col
5507	https://ftp.ncbi.nlm.nih.gov/genomes/all/GCF/000/271/745/GCF_000271745.1_FO_FOSC_3_a_V1/GCF_000271745.1_FO_FOSC_3_a_V1_cds_from_genomic.fna.gz	https://ftp.ncbi.nlm.nih.gov/genomes/all/GCA/009/299/115/GCA_009299115.1_ASM929911v1/GCA_009299115.1_ASM929911v1_genomic.fna.gz	hypocreales	wasted_col
5518	https://ftp.ncbi.nlm.nih.gov/genomes/all/GCF/000/240/135/GCF_000240135.3_ASM24013v3/GCF_000240135.3_ASM24013v3_cds_from_genomic.fna.gz	https://ftp.ncbi.nlm.nih.gov/genomes/all/GCA/018/346/305/GCA_018346305.1_ASM1834630v1/GCA_018346305.1_ASM1834630v1_genomic.fna.gz	hypocreales	wasted_col
5518	https://ftp.ncbi.nlm.nih.gov/genomes/all/GCF/000/240/135/GCF_000240135.3_ASM24013v3/GCF_000240135.3_ASM24013v3_cds_from_genomic.fna.gz	https://ftp.ncbi.nlm.nih.gov/genomes/all/GCA/018/346/225/GCA_018346225.1_ASM1834622v1/GCA_018346225.1_ASM1834622v1_genomic.fna.gz	hypocreales	wasted_col
5518	https://ftp.ncbi.nlm.nih.gov/genomes/all/GCF/000/240/135/GCF_000240135.3_ASM24013v3/GCF_000240135.3_ASM24013v3_cds_from_genomic.fna.gz	https://ftp.ncbi.nlm.nih.gov/genomes/all/GCA/002/352/725/GCA_002352725.1_FGRA07/GCA_002352725.1_FGRA07_genomic.fna.gz	hypocreales	wasted_col
5518	https://ftp.ncbi.nlm.nih.gov/genomes/all/GCF/000/240/135/GCF_000240135.3_ASM24013v3/GCF_000240135.3_ASM24013v3_cds_from_genomic.fna.gz	https://ftp.ncbi.nlm.nih.gov/genomes/all/GCA/018/345/835/GCA_018345835.1_ASM1834583v1/GCA_018345835.1_ASM1834583v1_genomic.fna.gz	hypocreales	wasted_col
5518	https://ftp.ncbi.nlm.nih.gov/genomes/all/GCF/000/240/135/GCF_000240135.3_ASM24013v3/GCF_000240135.3_ASM24013v3_cds_from_genomic.fna.gz	https://ftp.ncbi.nlm.nih.gov/genomes/all/GCA/905/332/055/GCA_905332055.1_MDC_FgU1/GCA_905332055.1_MDC_FgU1_genomic.fna.gz	hypocreales	wasted_col
5518	https://ftp.ncbi.nlm.nih.gov/genomes/all/GCF/000/240/135/GCF_000240135.3_ASM24013v3/GCF_000240135.3_ASM24013v3_cds_from_genomic.fna.gz	https://ftp.ncbi.nlm.nih.gov/genomes/all/GCA/018/346/145/GCA_018346145.1_ASM1834614v1/GCA_018346145.1_ASM1834614v1_genomic.fna.gz	hypocreales	wasted_col
5518	https://ftp.ncbi.nlm.nih.gov/genomes/all/GCF/000/240/135/GCF_000240135.3_ASM24013v3/GCF_000240135.3_ASM24013v3_cds_from_genomic.fna.gz	https://ftp.ncbi.nlm.nih.gov/genomes/all/GCA/018/345/435/GCA_018345435.1_ASM1834543v1/GCA_018345435.1_ASM1834543v1_genomic.fna.gz	hypocreales	wasted_col
5518	https://ftp.ncbi.nlm.nih.gov/genomes/all/GCF/000/240/135/GCF_000240135.3_ASM24013v3/GCF_000240135.3_ASM24013v3_cds_from_genomic.fna.gz	https://ftp.ncbi.nlm.nih.gov/genomes/all/GCA/018/345/915/GCA_018345915.1_ASM1834591v1/GCA_018345915.1_ASM1834591v1_genomic.fna.gz	hypocreales	wasted_col
5518	https://ftp.ncbi.nlm.nih.gov/genomes/all/GCF/000/240/135/GCF_000240135.3_ASM24013v3/GCF_000240135.3_ASM24013v3_cds_from_genomic.fna.gz	https://ftp.ncbi.nlm.nih.gov/genomes/all/GCA/018/346/625/GCA_018346625.1_ASM1834662v1/GCA_018346625.1_ASM1834662v1_genomic.fna.gz	hypocreales	wasted_col
5518	https://ftp.ncbi.nlm.nih.gov/genomes/all/GCF/000/240/135/GCF_000240135.3_ASM24013v3/GCF_000240135.3_ASM24013v3_cds_from_genomic.fna.gz	https://ftp.ncbi.nlm.nih.gov/genomes/all/GCA/018/346/455/GCA_018346455.1_ASM1834645v1/GCA_018346455.1_ASM1834645v1_genomic.fna.gz	hypocreales	wasted_col
5551	https://ftp.ncbi.nlm.nih.gov/genomes/all/GCF/000/151/425/GCF_000151425.1_ASM15142v1/GCF_000151425.1_ASM15142v1_cds_from_genomic.fna.gz	https://ftp.ncbi.nlm.nih.gov/genomes/all/GCA/000/616/905/GCA_000616905.1_Tric_rubr_M1448_V1/GCA_000616905.1_Tric_rubr_M1448_V1_genomic.fna.gz	onygenales	wasted_col
5551	https://ftp.ncbi.nlm.nih.gov/genomes/all/GCF/000/151/425/GCF_000151425.1_ASM15142v1/GCF_000151425.1_ASM15142v1_cds_from_genomic.fna.gz	https://ftp.ncbi.nlm.nih.gov/genomes/all/GCA/910/591/955/GCA_910591955.1_IHEM_25556/GCA_910591955.1_IHEM_25556_genomic.fna.gz	onygenales	wasted_col
5551	https://ftp.ncbi.nlm.nih.gov/genomes/all/GCF/000/151/425/GCF_000151425.1_ASM15142v1/GCF_000151425.1_ASM15142v1_cds_from_genomic.fna.gz	https://ftp.ncbi.nlm.nih.gov/genomes/all/GCA/000/812/105/GCA_000812105.1_ASM81210v1/GCA_000812105.1_ASM81210v1_genomic.fna.gz	onygenales	wasted_col
5551	https://ftp.ncbi.nlm.nih.gov/genomes/all/GCF/000/151/425/GCF_000151425.1_ASM15142v1/GCF_000151425.1_ASM15142v1_cds_from_genomic.fna.gz	https://ftp.ncbi.nlm.nih.gov/genomes/all/GCA/021/853/525/GCA_021853525.1_ASM2185352v1/GCA_021853525.1_ASM2185352v1_genomic.fna.gz	onygenales	wasted_col
5551	https://ftp.ncbi.nlm.nih.gov/genomes/all/GCF/000/151/425/GCF_000151425.1_ASM15142v1/GCF_000151425.1_ASM15142v1_cds_from_genomic.fna.gz	https://ftp.ncbi.nlm.nih.gov/genomes/all/GCA/021/853/515/GCA_021853515.1_ASM2185351v1/GCA_021853515.1_ASM2185351v1_genomic.fna.gz	onygenales	wasted_col
5551	https://ftp.ncbi.nlm.nih.gov/genomes/all/GCF/000/151/425/GCF_000151425.1_ASM15142v1/GCF_000151425.1_ASM15142v1_cds_from_genomic.fna.gz	https://ftp.ncbi.nlm.nih.gov/genomes/all/GCA/000/616/765/GCA_000616765.1_Tric_rubr_MR-850_V1/GCA_000616765.1_Tric_rubr_MR-850_V1_genomic.fna.gz	onygenales	wasted_col
5551	https://ftp.ncbi.nlm.nih.gov/genomes/all/GCF/000/151/425/GCF_000151425.1_ASM15142v1/GCF_000151425.1_ASM15142v1_cds_from_genomic.fna.gz	https://ftp.ncbi.nlm.nih.gov/genomes/all/GCA/000/616/825/GCA_000616825.1_Tric_fish_CBS_288_86_V1/GCA_000616825.1_Tric_fish_CBS_288_86_V1_genomic.fna.gz	onygenales	wasted_col
5551	https://ftp.ncbi.nlm.nih.gov/genomes/all/GCF/000/151/425/GCF_000151425.1_ASM15142v1/GCF_000151425.1_ASM15142v1_cds_from_genomic.fna.gz	https://ftp.ncbi.nlm.nih.gov/genomes/all/GCA/000/616/845/GCA_000616845.1_Tric_kane_CBS_289_86_V1/GCA_000616845.1_Tric_kane_CBS_289_86_V1_genomic.fna.gz	onygenales	wasted_col
5551	https://ftp.ncbi.nlm.nih.gov/genomes/all/GCF/000/151/425/GCF_000151425.1_ASM15142v1/GCF_000151425.1_ASM15142v1_cds_from_genomic.fna.gz	https://ftp.ncbi.nlm.nih.gov/genomes/all/GCA/000/616/965/GCA_000616965.1_Tric_megn_CBS_735_88_V1/GCA_000616965.1_Tric_megn_CBS_735_88_V1_genomic.fna.gz	onygenales	wasted_col
5551	https://ftp.ncbi.nlm.nih.gov/genomes/all/GCF/000/151/425/GCF_000151425.1_ASM15142v1/GCF_000151425.1_ASM15142v1_cds_from_genomic.fna.gz	https://ftp.ncbi.nlm.nih.gov/genomes/all/GCA/000/616/945/GCA_000616945.1_Tric_rubr_MR1459_V1/GCA_000616945.1_Tric_rubr_MR1459_V1_genomic.fna.gz	onygenales	wasted_col
5580	https://ftp.ncbi.nlm.nih.gov/genomes/all/GCF/000/721/785/GCF_000721785.1_Aureobasidium_pullulans_var._pullulans_EXF-150_assembly_version_1.0/GCF_000721785.1_Aureobasidium_pullulans_var._pullulans_EXF-150,_assembly_version_1.0_cds_from_genomic.fna.gz	https://ftp.ncbi.nlm.nih.gov/genomes/all/GCA/003/574/545/GCA_003574545.1_ASM357454v1/GCA_003574545.1_ASM357454v1_genomic.fna.gz	dothideomycetes	wasted_col
5580	https://ftp.ncbi.nlm.nih.gov/genomes/all/GCF/000/721/785/GCF_000721785.1_Aureobasidium_pullulans_var._pullulans_EXF-150_assembly_version_1.0/GCF_000721785.1_Aureobasidium_pullulans_var._pullulans_EXF-150,_assembly_version_1.0_cds_from_genomic.fna.gz	https://ftp.ncbi.nlm.nih.gov/genomes/all/GCA/004/917/165/GCA_004917165.1_ASM491716v1/GCA_004917165.1_ASM491716v1_genomic.fna.gz	dothideomycetes	wasted_col
5580	https://ftp.ncbi.nlm.nih.gov/genomes/all/GCF/000/721/785/GCF_000721785.1_Aureobasidium_pullulans_var._pullulans_EXF-150_assembly_version_1.0/GCF_000721785.1_Aureobasidium_pullulans_var._pullulans_EXF-150,_assembly_version_1.0_cds_from_genomic.fna.gz	https://ftp.ncbi.nlm.nih.gov/genomes/all/GCA/004/918/575/GCA_004918575.1_ASM491857v1/GCA_004918575.1_ASM491857v1_genomic.fna.gz	dothideomycetes	wasted_col
5580	https://ftp.ncbi.nlm.nih.gov/genomes/all/GCF/000/721/785/GCF_000721785.1_Aureobasidium_pullulans_var._pullulans_EXF-150_assembly_version_1.0/GCF_000721785.1_Aureobasidium_pullulans_var._pullulans_EXF-150,_assembly_version_1.0_cds_from_genomic.fna.gz	https://ftp.ncbi.nlm.nih.gov/genomes/all/GCA/017/165/705/GCA_017165705.1_ASM1716570v1/GCA_017165705.1_ASM1716570v1_genomic.fna.gz	dothideomycetes	wasted_col
5580	https://ftp.ncbi.nlm.nih.gov/genomes/all/GCF/000/721/785/GCF_000721785.1_Aureobasidium_pullulans_var._pullulans_EXF-150_assembly_version_1.0/GCF_000721785.1_Aureobasidium_pullulans_var._pullulans_EXF-150,_assembly_version_1.0_cds_from_genomic.fna.gz	https://ftp.ncbi.nlm.nih.gov/genomes/all/GCA/004/918/145/GCA_004918145.1_ASM491814v1/GCA_004918145.1_ASM491814v1_genomic.fna.gz	dothideomycetes	wasted_col
5580	https://ftp.ncbi.nlm.nih.gov/genomes/all/GCF/000/721/785/GCF_000721785.1_Aureobasidium_pullulans_var._pullulans_EXF-150_assembly_version_1.0/GCF_000721785.1_Aureobasidium_pullulans_var._pullulans_EXF-150,_assembly_version_1.0_cds_from_genomic.fna.gz	https://ftp.ncbi.nlm.nih.gov/genomes/all/GCA/004/917/705/GCA_004917705.1_ASM491770v1/GCA_004917705.1_ASM491770v1_genomic.fna.gz	dothideomycetes	wasted_col
5580	https://ftp.ncbi.nlm.nih.gov/genomes/all/GCF/000/721/785/GCF_000721785.1_Aureobasidium_pullulans_var._pullulans_EXF-150_assembly_version_1.0/GCF_000721785.1_Aureobasidium_pullulans_var._pullulans_EXF-150,_assembly_version_1.0_cds_from_genomic.fna.gz	https://ftp.ncbi.nlm.nih.gov/genomes/all/GCA/004/918/105/GCA_004918105.1_ASM491810v1/GCA_004918105.1_ASM491810v1_genomic.fna.gz	dothideomycetes	wasted_col
5580	https://ftp.ncbi.nlm.nih.gov/genomes/all/GCF/000/721/785/GCF_000721785.1_Aureobasidium_pullulans_var._pullulans_EXF-150_assembly_version_1.0/GCF_000721785.1_Aureobasidium_pullulans_var._pullulans_EXF-150,_assembly_version_1.0_cds_from_genomic.fna.gz	https://ftp.ncbi.nlm.nih.gov/genomes/all/GCA/004/917/145/GCA_004917145.1_ASM491714v1/GCA_004917145.1_ASM491714v1_genomic.fna.gz	dothideomycetes	wasted_col
5580	https://ftp.ncbi.nlm.nih.gov/genomes/all/GCF/000/721/785/GCF_000721785.1_Aureobasidium_pullulans_var._pullulans_EXF-150_assembly_version_1.0/GCF_000721785.1_Aureobasidium_pullulans_var._pullulans_EXF-150,_assembly_version_1.0_cds_from_genomic.fna.gz	https://ftp.ncbi.nlm.nih.gov/genomes/all/GCA/018/408/515/GCA_018408515.1_ASM1840851v1/GCA_018408515.1_ASM1840851v1_genomic.fna.gz	dothideomycetes	wasted_col
5580	https://ftp.ncbi.nlm.nih.gov/genomes/all/GCF/000/721/785/GCF_000721785.1_Aureobasidium_pullulans_var._pullulans_EXF-150_assembly_version_1.0/GCF_000721785.1_Aureobasidium_pullulans_var._pullulans_EXF-150,_assembly_version_1.0_cds_from_genomic.fna.gz	https://ftp.ncbi.nlm.nih.gov/genomes/all/GCA/004/918/535/GCA_004918535.1_ASM491853v1/GCA_004918535.1_ASM491853v1_genomic.fna.gz	dothideomycetes	wasted_col
5599	https://ftp.ncbi.nlm.nih.gov/genomes/all/GCF/001/642/055/GCF_001642055.1_Altal1/GCF_001642055.1_Altal1_cds_from_genomic.fna.gz	https://ftp.ncbi.nlm.nih.gov/genomes/all/GCA/009/932/595/GCA_009932595.1_AaP1.0/GCA_009932595.1_AaP1.0_genomic.fna.gz	pleosporales	wasted_col
5599	https://ftp.ncbi.nlm.nih.gov/genomes/all/GCF/001/642/055/GCF_001642055.1_Altal1/GCF_001642055.1_Altal1_cds_from_genomic.fna.gz	https://ftp.ncbi.nlm.nih.gov/genomes/all/GCA/016/097/525/GCA_016097525.1_ASM1609752v1/GCA_016097525.1_ASM1609752v1_genomic.fna.gz	pleosporales	wasted_col
5599	https://ftp.ncbi.nlm.nih.gov/genomes/all/GCF/001/642/055/GCF_001642055.1_Altal1/GCF_001642055.1_Altal1_cds_from_genomic.fna.gz	https://ftp.ncbi.nlm.nih.gov/genomes/all/GCA/011/420/445/GCA_011420445.1_ASM1142044v1/GCA_011420445.1_ASM1142044v1_genomic.fna.gz	pleosporales	wasted_col
5599	https://ftp.ncbi.nlm.nih.gov/genomes/all/GCF/001/642/055/GCF_001642055.1_Altal1/GCF_001642055.1_Altal1_cds_from_genomic.fna.gz	https://ftp.ncbi.nlm.nih.gov/genomes/all/GCA/009/650/635/GCA_009650635.1_ASM965063v1/GCA_009650635.1_ASM965063v1_genomic.fna.gz	pleosporales	wasted_col
5599	https://ftp.ncbi.nlm.nih.gov/genomes/all/GCF/001/642/055/GCF_001642055.1_Altal1/GCF_001642055.1_Altal1_cds_from_genomic.fna.gz	https://ftp.ncbi.nlm.nih.gov/genomes/all/GCA/001/443/195/GCA_001443195.1_ASM144319v1/GCA_001443195.1_ASM144319v1_genomic.fna.gz	pleosporales	wasted_col
5599	https://ftp.ncbi.nlm.nih.gov/genomes/all/GCF/001/642/055/GCF_001642055.1_Altal1/GCF_001642055.1_Altal1_cds_from_genomic.fna.gz	https://ftp.ncbi.nlm.nih.gov/genomes/all/GCA/014/751/505/GCA_014751505.1_ASM1475150v1/GCA_014751505.1_ASM1475150v1_genomic.fna.gz	pleosporales	wasted_col
5599	https://ftp.ncbi.nlm.nih.gov/genomes/all/GCF/001/642/055/GCF_001642055.1_Altal1/GCF_001642055.1_Altal1_cds_from_genomic.fna.gz	https://ftp.ncbi.nlm.nih.gov/genomes/all/GCA/001/696/825/GCA_001696825.1_ASM169682v1/GCA_001696825.1_ASM169682v1_genomic.fna.gz	pleosporales	wasted_col
5599	https://ftp.ncbi.nlm.nih.gov/genomes/all/GCF/001/642/055/GCF_001642055.1_Altal1/GCF_001642055.1_Altal1_cds_from_genomic.fna.gz	https://ftp.ncbi.nlm.nih.gov/genomes/all/GCA/020/736/535/GCA_020736535.1_Altalt1/GCA_020736535.1_Altalt1_genomic.fna.gz	pleosporales	wasted_col
5599	https://ftp.ncbi.nlm.nih.gov/genomes/all/GCF/001/642/055/GCF_001642055.1_Altal1/GCF_001642055.1_Altal1_cds_from_genomic.fna.gz	https://ftp.ncbi.nlm.nih.gov/genomes/all/GCA/020/085/065/GCA_020085065.1_ASM2008506v1/GCA_020085065.1_ASM2008506v1_genomic.fna.gz	pleosporales	wasted_col
5599	https://ftp.ncbi.nlm.nih.gov/genomes/all/GCF/001/642/055/GCF_001642055.1_Altal1/GCF_001642055.1_Altal1_cds_from_genomic.fna.gz	https://ftp.ncbi.nlm.nih.gov/genomes/all/GCA/018/104/255/GCA_018104255.1_ASM1810425v1/GCA_018104255.1_ASM1810425v1_genomic.fna.gz	pleosporales	wasted_col
13684	https://ftp.ncbi.nlm.nih.gov/genomes/all/GCF/000/146/915/GCF_000146915.1_ASM14691v2/GCF_000146915.1_ASM14691v2_cds_from_genomic.fna.gz	https://ftp.ncbi.nlm.nih.gov/genomes/all/GCA/020/579/815/GCA_020579815.1_ASM2057981v1/GCA_020579815.1_ASM2057981v1_genomic.fna.gz	pleosporales	wasted_col
13684	https://ftp.ncbi.nlm.nih.gov/genomes/all/GCF/000/146/915/GCF_000146915.1_ASM14691v2/GCF_000146915.1_ASM14691v2_cds_from_genomic.fna.gz	https://ftp.ncbi.nlm.nih.gov/genomes/all/GCA/020/570/345/GCA_020570345.1_ASM2057034v1/GCA_020570345.1_ASM2057034v1_genomic.fna.gz	pleosporales	wasted_col
13684	https://ftp.ncbi.nlm.nih.gov/genomes/all/GCF/000/146/915/GCF_000146915.1_ASM14691v2/GCF_000146915.1_ASM14691v2_cds_from_genomic.fna.gz	https://ftp.ncbi.nlm.nih.gov/genomes/all/GCA/008/452/785/GCA_008452785.1_ASM845278v1/GCA_008452785.1_ASM845278v1_genomic.fna.gz	pleosporales	wasted_col
13684	https://ftp.ncbi.nlm.nih.gov/genomes/all/GCF/000/146/915/GCF_000146915.1_ASM14691v2/GCF_000146915.1_ASM14691v2_cds_from_genomic.fna.gz	https://ftp.ncbi.nlm.nih.gov/genomes/all/GCA/003/497/985/GCA_003497985.1_ASM349798v1/GCA_003497985.1_ASM349798v1_genomic.fna.gz	pleosporales	wasted_col
13684	https://ftp.ncbi.nlm.nih.gov/genomes/all/GCF/000/146/915/GCF_000146915.1_ASM14691v2/GCF_000146915.1_ASM14691v2_cds_from_genomic.fna.gz	https://ftp.ncbi.nlm.nih.gov/genomes/all/GCA/020/573/915/GCA_020573915.1_ASM2057391v1/GCA_020573915.1_ASM2057391v1_genomic.fna.gz	pleosporales	wasted_col
13684	https://ftp.ncbi.nlm.nih.gov/genomes/all/GCF/000/146/915/GCF_000146915.1_ASM14691v2/GCF_000146915.1_ASM14691v2_cds_from_genomic.fna.gz	https://ftp.ncbi.nlm.nih.gov/genomes/all/GCA/020/571/895/GCA_020571895.1_ASM2057189v1/GCA_020571895.1_ASM2057189v1_genomic.fna.gz	pleosporales	wasted_col
13684	https://ftp.ncbi.nlm.nih.gov/genomes/all/GCF/000/146/915/GCF_000146915.1_ASM14691v2/GCF_000146915.1_ASM14691v2_cds_from_genomic.fna.gz	https://ftp.ncbi.nlm.nih.gov/genomes/all/GCA/020/575/405/GCA_020575405.1_ASM2057540v1/GCA_020575405.1_ASM2057540v1_genomic.fna.gz	pleosporales	wasted_col
13684	https://ftp.ncbi.nlm.nih.gov/genomes/all/GCF/000/146/915/GCF_000146915.1_ASM14691v2/GCF_000146915.1_ASM14691v2_cds_from_genomic.fna.gz	https://ftp.ncbi.nlm.nih.gov/genomes/all/GCA/020/574/085/GCA_020574085.1_ASM2057408v1/GCA_020574085.1_ASM2057408v1_genomic.fna.gz	pleosporales	wasted_col
13684	https://ftp.ncbi.nlm.nih.gov/genomes/all/GCF/000/146/915/GCF_000146915.1_ASM14691v2/GCF_000146915.1_ASM14691v2_cds_from_genomic.fna.gz	https://ftp.ncbi.nlm.nih.gov/genomes/all/GCA/003/497/945/GCA_003497945.1_ASM349794v1/GCA_003497945.1_ASM349794v1_genomic.fna.gz	pleosporales	wasted_col
13684	https://ftp.ncbi.nlm.nih.gov/genomes/all/GCF/000/146/915/GCF_000146915.1_ASM14691v2/GCF_000146915.1_ASM14691v2_cds_from_genomic.fna.gz	https://ftp.ncbi.nlm.nih.gov/genomes/all/GCA/020/568/045/GCA_020568045.1_ASM2056804v1/GCA_020568045.1_ASM2056804v1_genomic.fna.gz	pleosporales	wasted_col