27291	https://ftp.ncbi.nlm.nih.gov/genomes/all/GCF/002/079/055/GCF_002079055.1_ASM207905v1/GCF_002079055.1_ASM207905v1_cds_from_genomic.fna.gz	https://ftp.ncbi.nlm.nih.gov/genomes/all/GCA/004/353/035/GCA_004353035.1_ASM435303v1/GCA_004353035.1_ASM435303v1_genomic.fna.gz	saccharomycetes	wasted_col
27291	https://ftp.ncbi.nlm.nih.gov/genomes/all/GCF/002/079/055/GCF_002079055.1_ASM207905v1/GCF_002079055.1_ASM207905v1_cds_from_genomic.fna.gz	https://ftp.ncbi.nlm.nih.gov/genomes/all/GCA/021/403/725/GCA_021403725.1_ASM2140372v1/GCA_021403725.1_ASM2140372v1_genomic.fna.gz	saccharomycetes	wasted_col
27291	https://ftp.ncbi.nlm.nih.gov/genomes/all/GCF/002/079/055/GCF_002079055.1_ASM207905v1/GCF_002079055.1_ASM207905v1_cds_from_genomic.fna.gz	https://ftp.ncbi.nlm.nih.gov/genomes/all/GCA/002/079/085/GCA_002079085.1_ASM207908v1/GCA_002079085.1_ASM207908v1_genomic.fna.gz	saccharomycetes	wasted_col
27291	https://ftp.ncbi.nlm.nih.gov/genomes/all/GCF/002/079/055/GCF_002079055.1_ASM207905v1/GCF_002079055.1_ASM207905v1_cds_from_genomic.fna.gz	https://ftp.ncbi.nlm.nih.gov/genomes/all/GCA/021/437/055/GCA_021437055.1_ASM2143705v1/GCA_021437055.1_ASM2143705v1_genomic.fna.gz	saccharomycetes	wasted_col
27291	https://ftp.ncbi.nlm.nih.gov/genomes/all/GCF/002/079/055/GCF_002079055.1_ASM207905v1/GCF_002079055.1_ASM207905v1_cds_from_genomic.fna.gz	https://ftp.ncbi.nlm.nih.gov/genomes/all/GCA/021/403/695/GCA_021403695.1_ASM2140369v1/GCA_021403695.1_ASM2140369v1_genomic.fna.gz	saccharomycetes	wasted_col
27291	https://ftp.ncbi.nlm.nih.gov/genomes/all/GCF/002/079/055/GCF_002079055.1_ASM207905v1/GCF_002079055.1_ASM207905v1_cds_from_genomic.fna.gz	https://ftp.ncbi.nlm.nih.gov/genomes/all/GCA/021/403/295/GCA_021403295.1_ASM2140329v1/GCA_021403295.1_ASM2140329v1_genomic.fna.gz	saccharomycetes	wasted_col
27291	https://ftp.ncbi.nlm.nih.gov/genomes/all/GCF/002/079/055/GCF_002079055.1_ASM207905v1/GCF_002079055.1_ASM207905v1_cds_from_genomic.fna.gz	https://ftp.ncbi.nlm.nih.gov/genomes/all/GCA/021/513/805/GCA_021513805.1_ASM2151380v1/GCA_021513805.1_ASM2151380v1_genomic.fna.gz	saccharomycetes	wasted_col
27291	https://ftp.ncbi.nlm.nih.gov/genomes/all/GCF/002/079/055/GCF_002079055.1_ASM207905v1/GCF_002079055.1_ASM207905v1_cds_from_genomic.fna.gz	https://ftp.ncbi.nlm.nih.gov/genomes/all/GCA/004/352/965/GCA_004352965.1_ASM435296v1/GCA_004352965.1_ASM435296v1_genomic.fna.gz	saccharomycetes	wasted_col
27291	https://ftp.ncbi.nlm.nih.gov/genomes/all/GCF/002/079/055/GCF_002079055.1_ASM207905v1/GCF_002079055.1_ASM207905v1_cds_from_genomic.fna.gz	https://ftp.ncbi.nlm.nih.gov/genomes/all/GCA/021/403/645/GCA_021403645.1_ASM2140364v1/GCA_021403645.1_ASM2140364v1_genomic.fna.gz	saccharomycetes	wasted_col
27291	https://ftp.ncbi.nlm.nih.gov/genomes/all/GCF/002/079/055/GCF_002079055.1_ASM207905v1/GCF_002079055.1_ASM207905v1_cds_from_genomic.fna.gz	https://ftp.ncbi.nlm.nih.gov/genomes/all/GCA/021/403/135/GCA_021403135.1_ASM2140313v1/GCA_021403135.1_ASM2140313v1_genomic.fna.gz	saccharomycetes	wasted_col
27337	https://ftp.ncbi.nlm.nih.gov/genomes/all/GCF/000/150/675/GCF_000150675.1_ASM15067v2/GCF_000150675.1_ASM15067v2_cds_from_genomic.fna.gz	https://ftp.ncbi.nlm.nih.gov/genomes/all/GCA/011/032/845/GCA_011032845.1_ASM1103284v1/GCA_011032845.1_ASM1103284v1_genomic.fna.gz	glomerellales	wasted_col
27337	https://ftp.ncbi.nlm.nih.gov/genomes/all/GCF/000/150/675/GCF_000150675.1_ASM15067v2/GCF_000150675.1_ASM15067v2_cds_from_genomic.fna.gz	https://ftp.ncbi.nlm.nih.gov/genomes/all/GCA/018/440/655/GCA_018440655.1_ASM1844065v1/GCA_018440655.1_ASM1844065v1_genomic.fna.gz	glomerellales	wasted_col
27337	https://ftp.ncbi.nlm.nih.gov/genomes/all/GCF/000/150/675/GCF_000150675.1_ASM15067v2/GCF_000150675.1_ASM15067v2_cds_from_genomic.fna.gz	https://ftp.ncbi.nlm.nih.gov/genomes/all/GCA/018/982/765/GCA_018982765.1_AGROSAVIA_Vd_2.0/GCA_018982765.1_AGROSAVIA_Vd_2.0_genomic.fna.gz	glomerellales	wasted_col
27337	https://ftp.ncbi.nlm.nih.gov/genomes/all/GCF/000/150/675/GCF_000150675.1_ASM15067v2/GCF_000150675.1_ASM15067v2_cds_from_genomic.fna.gz	https://ftp.ncbi.nlm.nih.gov/genomes/all/GCA/004/109/745/GCA_004109745.1_ASM410974v1/GCA_004109745.1_ASM410974v1_genomic.fna.gz	glomerellales	wasted_col
27337	https://ftp.ncbi.nlm.nih.gov/genomes/all/GCF/000/150/675/GCF_000150675.1_ASM15067v2/GCF_000150675.1_ASM15067v2_cds_from_genomic.fna.gz	https://ftp.ncbi.nlm.nih.gov/genomes/all/GCA/009/757/105/GCA_009757105.1_ASM975710v1/GCA_009757105.1_ASM975710v1_genomic.fna.gz	glomerellales	wasted_col
27337	https://ftp.ncbi.nlm.nih.gov/genomes/all/GCF/000/150/675/GCF_000150675.1_ASM15067v2/GCF_000150675.1_ASM15067v2_cds_from_genomic.fna.gz	https://ftp.ncbi.nlm.nih.gov/genomes/all/GCA/018/440/645/GCA_018440645.1_ASM1844064v1/GCA_018440645.1_ASM1844064v1_genomic.fna.gz	glomerellales	wasted_col
27337	https://ftp.ncbi.nlm.nih.gov/genomes/all/GCF/000/150/675/GCF_000150675.1_ASM15067v2/GCF_000150675.1_ASM15067v2_cds_from_genomic.fna.gz	https://ftp.ncbi.nlm.nih.gov/genomes/all/GCA/002/893/035/GCA_002893035.1_ASM289303v1/GCA_002893035.1_ASM289303v1_genomic.fna.gz	glomerellales	wasted_col
27337	https://ftp.ncbi.nlm.nih.gov/genomes/all/GCF/000/150/675/GCF_000150675.1_ASM15067v2/GCF_000150675.1_ASM15067v2_cds_from_genomic.fna.gz	https://ftp.ncbi.nlm.nih.gov/genomes/all/GCA/004/798/885/GCA_004798885.1_ASM479888v1/GCA_004798885.1_ASM479888v1_genomic.fna.gz	glomerellales	wasted_col
27337	https://ftp.ncbi.nlm.nih.gov/genomes/all/GCF/000/150/675/GCF_000150675.1_ASM15067v2/GCF_000150675.1_ASM15067v2_cds_from_genomic.fna.gz	https://ftp.ncbi.nlm.nih.gov/genomes/all/GCA/018/440/705/GCA_018440705.1_ASM1844070v1/GCA_018440705.1_ASM1844070v1_genomic.fna.gz	glomerellales	wasted_col
27337	https://ftp.ncbi.nlm.nih.gov/genomes/all/GCF/000/150/675/GCF_000150675.1_ASM15067v2/GCF_000150675.1_ASM15067v2_cds_from_genomic.fna.gz	https://ftp.ncbi.nlm.nih.gov/genomes/all/GCA/018/440/625/GCA_018440625.1_ASM1844062v1/GCA_018440625.1_ASM1844062v1_genomic.fna.gz	glomerellales	wasted_col
36911	https://ftp.ncbi.nlm.nih.gov/genomes/all/GCF/000/003/835/GCF_000003835.1_ASM383v1/GCF_000003835.1_ASM383v1_cds_from_genomic.fna.gz	https://ftp.ncbi.nlm.nih.gov/genomes/all/GCA/009/498/115/GCA_009498115.1_ASM949811v1/GCA_009498115.1_ASM949811v1_genomic.fna.gz	saccharomycetes	wasted_col
36911	https://ftp.ncbi.nlm.nih.gov/genomes/all/GCF/000/003/835/GCF_000003835.1_ASM383v1/GCF_000003835.1_ASM383v1_cds_from_genomic.fna.gz	https://ftp.ncbi.nlm.nih.gov/genomes/all/GCA/003/675/655/GCA_003675655.1_L11_1/GCA_003675655.1_L11_1_genomic.fna.gz	saccharomycetes	wasted_col
36911	https://ftp.ncbi.nlm.nih.gov/genomes/all/GCF/000/003/835/GCF_000003835.1_ASM383v1/GCF_000003835.1_ASM383v1_cds_from_genomic.fna.gz	https://ftp.ncbi.nlm.nih.gov/genomes/all/GCA/003/675/575/GCA_003675575.1_L16_1/GCA_003675575.1_L16_1_genomic.fna.gz	saccharomycetes	wasted_col
36911	https://ftp.ncbi.nlm.nih.gov/genomes/all/GCF/000/003/835/GCF_000003835.1_ASM383v1/GCF_000003835.1_ASM383v1_cds_from_genomic.fna.gz	https://ftp.ncbi.nlm.nih.gov/genomes/all/GCA/000/410/855/GCA_000410855.1_Candida_lusitaniae_Genome_Assembly/GCA_000410855.1_Candida_lusitaniae_Genome_Assembly_genomic.fna.gz	saccharomycetes	wasted_col
36911	https://ftp.ncbi.nlm.nih.gov/genomes/all/GCF/000/003/835/GCF_000003835.1_ASM383v1/GCF_000003835.1_ASM383v1_cds_from_genomic.fna.gz	https://ftp.ncbi.nlm.nih.gov/genomes/all/GCA/014/636/115/GCA_014636115.1_ASM1463611v1/GCA_014636115.1_ASM1463611v1_genomic.fna.gz	saccharomycetes	wasted_col
36911	https://ftp.ncbi.nlm.nih.gov/genomes/all/GCF/000/003/835/GCF_000003835.1_ASM383v1/GCF_000003835.1_ASM383v1_cds_from_genomic.fna.gz	https://ftp.ncbi.nlm.nih.gov/genomes/all/GCA/003/675/595/GCA_003675595.1_S18_1/GCA_003675595.1_S18_1_genomic.fna.gz	saccharomycetes	wasted_col
36911	https://ftp.ncbi.nlm.nih.gov/genomes/all/GCF/000/003/835/GCF_000003835.1_ASM383v1/GCF_000003835.1_ASM383v1_cds_from_genomic.fna.gz	https://ftp.ncbi.nlm.nih.gov/genomes/all/GCA/003/675/495/GCA_003675495.1_S20_1/GCA_003675495.1_S20_1_genomic.fna.gz	saccharomycetes	wasted_col
36911	https://ftp.ncbi.nlm.nih.gov/genomes/all/GCF/000/003/835/GCF_000003835.1_ASM383v1/GCF_000003835.1_ASM383v1_cds_from_genomic.fna.gz	https://ftp.ncbi.nlm.nih.gov/genomes/all/GCA/001/673/695/GCA_001673695.2_ASM167369v2/GCA_001673695.2_ASM167369v2_genomic.fna.gz	saccharomycetes	wasted_col
36911	https://ftp.ncbi.nlm.nih.gov/genomes/all/GCF/000/003/835/GCF_000003835.1_ASM383v1/GCF_000003835.1_ASM383v1_cds_from_genomic.fna.gz	https://ftp.ncbi.nlm.nih.gov/genomes/all/GCA/009/498/055/GCA_009498055.1_ASM949805v1/GCA_009498055.1_ASM949805v1_genomic.fna.gz	saccharomycetes	wasted_col
36911	https://ftp.ncbi.nlm.nih.gov/genomes/all/GCF/000/003/835/GCF_000003835.1_ASM383v1/GCF_000003835.1_ASM383v1_cds_from_genomic.fna.gz	https://ftp.ncbi.nlm.nih.gov/genomes/all/GCA/003/675/505/GCA_003675505.1_ATCC42720_1/GCA_003675505.1_ATCC42720_1_genomic.fna.gz	saccharomycetes	wasted_col
40559	https://ftp.ncbi.nlm.nih.gov/genomes/all/GCF/000/143/535/GCF_000143535.2_ASM14353v4/GCF_000143535.2_ASM14353v4_cds_from_genomic.fna.gz	https://ftp.ncbi.nlm.nih.gov/genomes/all/GCA/000/349/525/GCA_000349525.1_BcDW1/GCA_000349525.1_BcDW1_genomic.fna.gz	helotiales	wasted_col
40559	https://ftp.ncbi.nlm.nih.gov/genomes/all/GCF/000/143/535/GCF_000143535.2_ASM14353v4/GCF_000143535.2_ASM14353v4_cds_from_genomic.fna.gz	https://ftp.ncbi.nlm.nih.gov/genomes/all/GCA/015/148/855/GCA_015148855.1_ASM1514885v1/GCA_015148855.1_ASM1514885v1_genomic.fna.gz	helotiales	wasted_col
40559	https://ftp.ncbi.nlm.nih.gov/genomes/all/GCF/000/143/535/GCF_000143535.2_ASM14353v4/GCF_000143535.2_ASM14353v4_cds_from_genomic.fna.gz	https://ftp.ncbi.nlm.nih.gov/genomes/all/GCA/015/149/615/GCA_015149615.1_ASM1514961v1/GCA_015149615.1_ASM1514961v1_genomic.fna.gz	helotiales	wasted_col
40559	https://ftp.ncbi.nlm.nih.gov/genomes/all/GCF/000/143/535/GCF_000143535.2_ASM14353v4/GCF_000143535.2_ASM14353v4_cds_from_genomic.fna.gz	https://ftp.ncbi.nlm.nih.gov/genomes/all/GCA/015/148/715/GCA_015148715.1_ASM1514871v1/GCA_015148715.1_ASM1514871v1_genomic.fna.gz	helotiales	wasted_col
40559	https://ftp.ncbi.nlm.nih.gov/genomes/all/GCF/000/143/535/GCF_000143535.2_ASM14353v4/GCF_000143535.2_ASM14353v4_cds_from_genomic.fna.gz	https://ftp.ncbi.nlm.nih.gov/genomes/all/GCA/015/147/975/GCA_015147975.1_ASM1514797v1/GCA_015147975.1_ASM1514797v1_genomic.fna.gz	helotiales	wasted_col
40559	https://ftp.ncbi.nlm.nih.gov/genomes/all/GCF/000/143/535/GCF_000143535.2_ASM14353v4/GCF_000143535.2_ASM14353v4_cds_from_genomic.fna.gz	https://ftp.ncbi.nlm.nih.gov/genomes/all/GCA/015/149/655/GCA_015149655.1_ASM1514965v1/GCA_015149655.1_ASM1514965v1_genomic.fna.gz	helotiales	wasted_col
40559	https://ftp.ncbi.nlm.nih.gov/genomes/all/GCF/000/143/535/GCF_000143535.2_ASM14353v4/GCF_000143535.2_ASM14353v4_cds_from_genomic.fna.gz	https://ftp.ncbi.nlm.nih.gov/genomes/all/GCA/015/148/905/GCA_015148905.1_ASM1514890v1/GCA_015148905.1_ASM1514890v1_genomic.fna.gz	helotiales	wasted_col
40559	https://ftp.ncbi.nlm.nih.gov/genomes/all/GCF/000/143/535/GCF_000143535.2_ASM14353v4/GCF_000143535.2_ASM14353v4_cds_from_genomic.fna.gz	https://ftp.ncbi.nlm.nih.gov/genomes/all/GCA/015/149/605/GCA_015149605.1_ASM1514960v1/GCA_015149605.1_ASM1514960v1_genomic.fna.gz	helotiales	wasted_col
40559	https://ftp.ncbi.nlm.nih.gov/genomes/all/GCF/000/143/535/GCF_000143535.2_ASM14353v4/GCF_000143535.2_ASM14353v4_cds_from_genomic.fna.gz	https://ftp.ncbi.nlm.nih.gov/genomes/all/GCA/019/186/575/GCA_019186575.1_ASM1918657v1/GCA_019186575.1_ASM1918657v1_genomic.fna.gz	helotiales	wasted_col
40559	https://ftp.ncbi.nlm.nih.gov/genomes/all/GCF/000/143/535/GCF_000143535.2_ASM14353v4/GCF_000143535.2_ASM14353v4_cds_from_genomic.fna.gz	https://ftp.ncbi.nlm.nih.gov/genomes/all/GCA/015/148/785/GCA_015148785.1_ASM1514878v1/GCA_015148785.1_ASM1514878v1_genomic.fna.gz	helotiales	wasted_col
46634	https://ftp.ncbi.nlm.nih.gov/genomes/all/GCF/000/721/775/GCF_000721775.1_Aureobasidium_pullulans_var._melanogenum_CBS_110374_v1.0/GCF_000721775.1_Aureobasidium_pullulans_var._melanogenum_CBS_110374_v1.0_cds_from_genomic.fna.gz	https://ftp.ncbi.nlm.nih.gov/genomes/all/GCA/019/924/825/GCA_019924825.1_ASM1992482v1/GCA_019924825.1_ASM1992482v1_genomic.fna.gz	dothideomycetes	wasted_col
46634	https://ftp.ncbi.nlm.nih.gov/genomes/all/GCF/000/721/775/GCF_000721775.1_Aureobasidium_pullulans_var._melanogenum_CBS_110374_v1.0/GCF_000721775.1_Aureobasidium_pullulans_var._melanogenum_CBS_110374_v1.0_cds_from_genomic.fna.gz	https://ftp.ncbi.nlm.nih.gov/genomes/all/GCA/019/924/735/GCA_019924735.1_ASM1992473v1/GCA_019924735.1_ASM1992473v1_genomic.fna.gz	dothideomycetes	wasted_col
46634	https://ftp.ncbi.nlm.nih.gov/genomes/all/GCF/000/721/775/GCF_000721775.1_Aureobasidium_pullulans_var._melanogenum_CBS_110374_v1.0/GCF_000721775.1_Aureobasidium_pullulans_var._melanogenum_CBS_110374_v1.0_cds_from_genomic.fna.gz	https://ftp.ncbi.nlm.nih.gov/genomes/all/GCA/019/923/975/GCA_019923975.1_ASM1992397v1/GCA_019923975.1_ASM1992397v1_genomic.fna.gz	dothideomycetes	wasted_col
46634	https://ftp.ncbi.nlm.nih.gov/genomes/all/GCF/000/721/775/GCF_000721775.1_Aureobasidium_pullulans_var._melanogenum_CBS_110374_v1.0/GCF_000721775.1_Aureobasidium_pullulans_var._melanogenum_CBS_110374_v1.0_cds_from_genomic.fna.gz	https://ftp.ncbi.nlm.nih.gov/genomes/all/GCA/019/924/265/GCA_019924265.1_ASM1992426v1/GCA_019924265.1_ASM1992426v1_genomic.fna.gz	dothideomycetes	wasted_col
46634	https://ftp.ncbi.nlm.nih.gov/genomes/all/GCF/000/721/775/GCF_000721775.1_Aureobasidium_pullulans_var._melanogenum_CBS_110374_v1.0/GCF_000721775.1_Aureobasidium_pullulans_var._melanogenum_CBS_110374_v1.0_cds_from_genomic.fna.gz	https://ftp.ncbi.nlm.nih.gov/genomes/all/GCA/019/924/395/GCA_019924395.1_ASM1992439v1/GCA_019924395.1_ASM1992439v1_genomic.fna.gz	dothideomycetes	wasted_col
46634	https://ftp.ncbi.nlm.nih.gov/genomes/all/GCF/000/721/775/GCF_000721775.1_Aureobasidium_pullulans_var._melanogenum_CBS_110374_v1.0/GCF_000721775.1_Aureobasidium_pullulans_var._melanogenum_CBS_110374_v1.0_cds_from_genomic.fna.gz	https://ftp.ncbi.nlm.nih.gov/genomes/all/GCA/019/924/615/GCA_019924615.1_ASM1992461v1/GCA_019924615.1_ASM1992461v1_genomic.fna.gz	dothideomycetes	wasted_col
46634	https://ftp.ncbi.nlm.nih.gov/genomes/all/GCF/000/721/775/GCF_000721775.1_Aureobasidium_pullulans_var._melanogenum_CBS_110374_v1.0/GCF_000721775.1_Aureobasidium_pullulans_var._melanogenum_CBS_110374_v1.0_cds_from_genomic.fna.gz	https://ftp.ncbi.nlm.nih.gov/genomes/all/GCA/019/924/295/GCA_019924295.1_ASM1992429v1/GCA_019924295.1_ASM1992429v1_genomic.fna.gz	dothideomycetes	wasted_col
46634	https://ftp.ncbi.nlm.nih.gov/genomes/all/GCF/000/721/775/GCF_000721775.1_Aureobasidium_pullulans_var._melanogenum_CBS_110374_v1.0/GCF_000721775.1_Aureobasidium_pullulans_var._melanogenum_CBS_110374_v1.0_cds_from_genomic.fna.gz	https://ftp.ncbi.nlm.nih.gov/genomes/all/GCA/019/925/775/GCA_019925775.1_ASM1992577v1/GCA_019925775.1_ASM1992577v1_genomic.fna.gz	dothideomycetes	wasted_col
46634	https://ftp.ncbi.nlm.nih.gov/genomes/all/GCF/000/721/775/GCF_000721775.1_Aureobasidium_pullulans_var._melanogenum_CBS_110374_v1.0/GCF_000721775.1_Aureobasidium_pullulans_var._melanogenum_CBS_110374_v1.0_cds_from_genomic.fna.gz	https://ftp.ncbi.nlm.nih.gov/genomes/all/GCA/019/924/755/GCA_019924755.1_ASM1992475v1/GCA_019924755.1_ASM1992475v1_genomic.fna.gz	dothideomycetes	wasted_col
46634	https://ftp.ncbi.nlm.nih.gov/genomes/all/GCF/000/721/775/GCF_000721775.1_Aureobasidium_pullulans_var._melanogenum_CBS_110374_v1.0/GCF_000721775.1_Aureobasidium_pullulans_var._melanogenum_CBS_110374_v1.0_cds_from_genomic.fna.gz	https://ftp.ncbi.nlm.nih.gov/genomes/all/GCA/017/949/655/GCA_017949655.1_ASM1794965v1/GCA_017949655.1_ASM1794965v1_genomic.fna.gz	dothideomycetes	wasted_col
58291	https://ftp.ncbi.nlm.nih.gov/genomes/all/GCF/002/708/625/GCF_002708625.1_Rhimi1_1/GCF_002708625.1_Rhimi1_1_cds_from_genomic.fna.gz	https://ftp.ncbi.nlm.nih.gov/genomes/all/GCA/019/022/815/GCA_019022815.1_ASM1902281v1/GCA_019022815.1_ASM1902281v1_genomic.fna.gz	mucorales	wasted_col
58291	https://ftp.ncbi.nlm.nih.gov/genomes/all/GCF/002/708/625/GCF_002708625.1_Rhimi1_1/GCF_002708625.1_Rhimi1_1_cds_from_genomic.fna.gz	https://ftp.ncbi.nlm.nih.gov/genomes/all/GCA/000/325/505/GCA_000325505.1_RHIrdgD1.0/GCA_000325505.1_RHIrdgD1.0_genomic.fna.gz	mucorales	wasted_col
58291	https://ftp.ncbi.nlm.nih.gov/genomes/all/GCF/002/708/625/GCF_002708625.1_Rhimi1_1/GCF_002708625.1_Rhimi1_1_cds_from_genomic.fna.gz	https://ftp.ncbi.nlm.nih.gov/genomes/all/GCA/011/763/475/GCA_011763475.1_ASM1176347v1/GCA_011763475.1_ASM1176347v1_genomic.fna.gz	mucorales	wasted_col
58291	https://ftp.ncbi.nlm.nih.gov/genomes/all/GCF/002/708/625/GCF_002708625.1_Rhimi1_1/GCF_002708625.1_Rhimi1_1_cds_from_genomic.fna.gz	https://ftp.ncbi.nlm.nih.gov/genomes/all/GCA/011/762/635/GCA_011762635.1_ASM1176263v1/GCA_011762635.1_ASM1176263v1_genomic.fna.gz	mucorales	wasted_col
58291	https://ftp.ncbi.nlm.nih.gov/genomes/all/GCF/002/708/625/GCF_002708625.1_Rhimi1_1/GCF_002708625.1_Rhimi1_1_cds_from_genomic.fna.gz	https://ftp.ncbi.nlm.nih.gov/genomes/all/GCA/006/680/115/GCA_006680115.1_ASM668011v1/GCA_006680115.1_ASM668011v1_genomic.fna.gz	mucorales	wasted_col
58291	https://ftp.ncbi.nlm.nih.gov/genomes/all/GCF/002/708/625/GCF_002708625.1_Rhimi1_1/GCF_002708625.1_Rhimi1_1_cds_from_genomic.fna.gz	https://ftp.ncbi.nlm.nih.gov/genomes/all/GCA/000/738/565/GCA_000738565.1_RhiAzyB7455-1.0/GCA_000738565.1_RhiAzyB7455-1.0_genomic.fna.gz	mucorales	wasted_col
58291	https://ftp.ncbi.nlm.nih.gov/genomes/all/GCF/002/708/625/GCF_002708625.1_Rhimi1_1/GCF_002708625.1_Rhimi1_1_cds_from_genomic.fna.gz	https://ftp.ncbi.nlm.nih.gov/genomes/all/GCA/002/083/745/GCA_002083745.1_Rhimi_ATCC52814_1/GCA_002083745.1_Rhimi_ATCC52814_1_genomic.fna.gz	mucorales	wasted_col
58291	https://ftp.ncbi.nlm.nih.gov/genomes/all/GCF/002/708/625/GCF_002708625.1_Rhimi1_1/GCF_002708625.1_Rhimi1_1_cds_from_genomic.fna.gz	https://ftp.ncbi.nlm.nih.gov/genomes/all/GCA/000/825/725/GCA_000825725.1_Rmicro_CBS_344.29_Allpaths-LG/GCA_000825725.1_Rmicro_CBS_344.29_Allpaths-LG_genomic.fna.gz	mucorales	wasted_col
58291	https://ftp.ncbi.nlm.nih.gov/genomes/all/GCF/002/708/625/GCF_002708625.1_Rhimi1_1/GCF_002708625.1_Rhimi1_1_cds_from_genomic.fna.gz	https://ftp.ncbi.nlm.nih.gov/genomes/all/GCA/900/000/135/GCA_900000135.1_RMATCC62417_Allpaths-LG/GCA_900000135.1_RMATCC62417_Allpaths-LG_genomic.fna.gz	mucorales	wasted_col
58291	https://ftp.ncbi.nlm.nih.gov/genomes/all/GCF/002/708/625/GCF_002708625.1_Rhimi1_1/GCF_002708625.1_Rhimi1_1_cds_from_genomic.fna.gz	https://ftp.ncbi.nlm.nih.gov/genomes/all/GCA/002/708/625/GCA_002708625.1_Rhimi1_1/GCA_002708625.1_Rhimi1_1_genomic.fna.gz	mucorales	wasted_col
176275	https://ftp.ncbi.nlm.nih.gov/genomes/all/GCF/000/280/675/GCF_000280675.1_ASM28067v1/GCF_000280675.1_ASM28067v1_cds_from_genomic.fna.gz	https://ftp.ncbi.nlm.nih.gov/genomes/all/GCA/001/684/225/GCA_001684225.1_ASM168422v1/GCA_001684225.1_ASM168422v1_genomic.fna.gz	hypocreales	wasted_col
176275	https://ftp.ncbi.nlm.nih.gov/genomes/all/GCF/000/280/675/GCF_000280675.1_ASM28067v1/GCF_000280675.1_ASM28067v1_cds_from_genomic.fna.gz	https://ftp.ncbi.nlm.nih.gov/genomes/all/GCA/002/871/155/GCA_002871155.1_ASM287115v1/GCA_002871155.1_ASM287115v1_genomic.fna.gz	hypocreales	wasted_col
176275	https://ftp.ncbi.nlm.nih.gov/genomes/all/GCF/000/280/675/GCF_000280675.1_ASM28067v1/GCF_000280675.1_ASM28067v1_cds_from_genomic.fna.gz	https://ftp.ncbi.nlm.nih.gov/genomes/all/GCA/000/280/675/GCA_000280675.1_ASM28067v1/GCA_000280675.1_ASM28067v1_genomic.fna.gz	hypocreales	wasted_col
176275	https://ftp.ncbi.nlm.nih.gov/genomes/all/GCF/000/280/675/GCF_000280675.1_ASM28067v1/GCF_000280675.1_ASM28067v1_cds_from_genomic.fna.gz	https://ftp.ncbi.nlm.nih.gov/genomes/all/GCA/000/770/705/GCA_000770705.1_BBA1.0/GCA_000770705.1_BBA1.0_genomic.fna.gz	hypocreales	wasted_col
176275	https://ftp.ncbi.nlm.nih.gov/genomes/all/GCF/000/280/675/GCF_000280675.1_ASM28067v1/GCF_000280675.1_ASM28067v1_cds_from_genomic.fna.gz	https://ftp.ncbi.nlm.nih.gov/genomes/all/GCA/001/682/635/GCA_001682635.1_ASM168263v1/GCA_001682635.1_ASM168263v1_genomic.fna.gz	hypocreales	wasted_col
176275	https://ftp.ncbi.nlm.nih.gov/genomes/all/GCF/000/280/675/GCF_000280675.1_ASM28067v1/GCF_000280675.1_ASM28067v1_cds_from_genomic.fna.gz	https://ftp.ncbi.nlm.nih.gov/genomes/all/GCA/011/316/055/GCA_011316055.1_ASM1131605v1/GCA_011316055.1_ASM1131605v1_genomic.fna.gz	hypocreales	wasted_col
176275	https://ftp.ncbi.nlm.nih.gov/genomes/all/GCF/000/280/675/GCF_000280675.1_ASM28067v1/GCF_000280675.1_ASM28067v1_cds_from_genomic.fna.gz	https://ftp.ncbi.nlm.nih.gov/genomes/all/GCA/010/099/065/GCA_010099065.1_ASM1009906v1/GCA_010099065.1_ASM1009906v1_genomic.fna.gz	hypocreales	wasted_col
176275	https://ftp.ncbi.nlm.nih.gov/genomes/all/GCF/000/280/675/GCF_000280675.1_ASM28067v1/GCF_000280675.1_ASM28067v1_cds_from_genomic.fna.gz	https://ftp.ncbi.nlm.nih.gov/genomes/all/GCA/001/684/215/GCA_001684215.1_ASM168421v1/GCA_001684215.1_ASM168421v1_genomic.fna.gz	hypocreales	wasted_col
176275	https://ftp.ncbi.nlm.nih.gov/genomes/all/GCF/000/280/675/GCF_000280675.1_ASM28067v1/GCF_000280675.1_ASM28067v1_cds_from_genomic.fna.gz	https://ftp.ncbi.nlm.nih.gov/genomes/all/GCA/002/224/115/GCA_002224115.1_ASM222411v1/GCA_002224115.1_ASM222411v1_genomic.fna.gz	hypocreales	wasted_col
176275	https://ftp.ncbi.nlm.nih.gov/genomes/all/GCF/000/280/675/GCF_000280675.1_ASM28067v1/GCF_000280675.1_ASM28067v1_cds_from_genomic.fna.gz	https://ftp.ncbi.nlm.nih.gov/genomes/all/GCA/015/266/365/GCA_015266365.1_ASM1526636v1/GCA_015266365.1_ASM1526636v1_genomic.fna.gz	hypocreales	wasted_col
199306	https://ftp.ncbi.nlm.nih.gov/genomes/all/GCF/000/151/335/GCF_000151335.2_JCVI-cpa1-1.0/GCF_000151335.2_JCVI-cpa1-1.0_cds_from_genomic.fna.gz	https://ftp.ncbi.nlm.nih.gov/genomes/all/GCA/000/150/215/GCA_000150215.1_ASM15021v1/GCA_000150215.1_ASM15021v1_genomic.fna.gz	onygenales	wasted_col
199306	https://ftp.ncbi.nlm.nih.gov/genomes/all/GCF/000/151/335/GCF_000151335.2_JCVI-cpa1-1.0/GCF_000151335.2_JCVI-cpa1-1.0_cds_from_genomic.fna.gz	https://ftp.ncbi.nlm.nih.gov/genomes/all/GCA/000/150/555/GCA_000150555.1_ASM15055v1/GCA_000150555.1_ASM15055v1_genomic.fna.gz	onygenales	wasted_col
199306	https://ftp.ncbi.nlm.nih.gov/genomes/all/GCF/000/151/335/GCF_000151335.2_JCVI-cpa1-1.0/GCF_000151335.2_JCVI-cpa1-1.0_cds_from_genomic.fna.gz	https://ftp.ncbi.nlm.nih.gov/genomes/all/GCA/000/151/335/GCA_000151335.1_JCVI-cpa1-1.0/GCA_000151335.1_JCVI-cpa1-1.0_genomic.fna.gz	onygenales	wasted_col
199306	https://ftp.ncbi.nlm.nih.gov/genomes/all/GCF/000/151/335/GCF_000151335.2_JCVI-cpa1-1.0/GCF_000151335.2_JCVI-cpa1-1.0_cds_from_genomic.fna.gz	https://ftp.ncbi.nlm.nih.gov/genomes/all/GCA/000/150/185/GCA_000150185.1_ASM15018v1/GCA_000150185.1_ASM15018v1_genomic.fna.gz	onygenales	wasted_col
199306	https://ftp.ncbi.nlm.nih.gov/genomes/all/GCF/000/151/335/GCF_000151335.2_JCVI-cpa1-1.0/GCF_000151335.2_JCVI-cpa1-1.0_cds_from_genomic.fna.gz	https://ftp.ncbi.nlm.nih.gov/genomes/all/GCA/000/150/585/GCA_000150585.1_ASM15058v1/GCA_000150585.1_ASM15058v1_genomic.fna.gz	onygenales	wasted_col
199306	https://ftp.ncbi.nlm.nih.gov/genomes/all/GCF/000/151/335/GCF_000151335.2_JCVI-cpa1-1.0/GCF_000151335.2_JCVI-cpa1-1.0_cds_from_genomic.fna.gz	https://ftp.ncbi.nlm.nih.gov/genomes/all/GCA/000/170/175/GCA_000170175.2_CPS2/GCA_000170175.2_CPS2_genomic.fna.gz	onygenales	wasted_col
199306	https://ftp.ncbi.nlm.nih.gov/genomes/all/GCF/000/151/335/GCF_000151335.2_JCVI-cpa1-1.0/GCF_000151335.2_JCVI-cpa1-1.0_cds_from_genomic.fna.gz	https://ftp.ncbi.nlm.nih.gov/genomes/all/GCA/020/976/775/GCA_020976775.1_2566v1/GCA_020976775.1_2566v1_genomic.fna.gz	onygenales	wasted_col
199306	https://ftp.ncbi.nlm.nih.gov/genomes/all/GCF/000/151/335/GCF_000151335.2_JCVI-cpa1-1.0/GCF_000151335.2_JCVI-cpa1-1.0_cds_from_genomic.fna.gz	https://ftp.ncbi.nlm.nih.gov/genomes/all/GCA/000/150/645/GCA_000150645.1_ASM15064v1/GCA_000150645.1_ASM15064v1_genomic.fna.gz	onygenales	wasted_col
199306	https://ftp.ncbi.nlm.nih.gov/genomes/all/GCF/000/151/335/GCF_000151335.2_JCVI-cpa1-1.0/GCF_000151335.2_JCVI-cpa1-1.0_cds_from_genomic.fna.gz	https://ftp.ncbi.nlm.nih.gov/genomes/all/GCA/020/976/795/GCA_020976795.1_3796v1/GCA_020976795.1_3796v1_genomic.fna.gz	onygenales	wasted_col
199306	https://ftp.ncbi.nlm.nih.gov/genomes/all/GCF/000/151/335/GCF_000151335.2_JCVI-cpa1-1.0/GCF_000151335.2_JCVI-cpa1-1.0_cds_from_genomic.fna.gz	https://ftp.ncbi.nlm.nih.gov/genomes/all/GCA/000/150/615/GCA_000150615.1_ASM15061v1/GCA_000150615.1_ASM15061v1_genomic.fna.gz	onygenales	wasted_col
245174	https://ftp.ncbi.nlm.nih.gov/genomes/all/GCF/000/400/465/GCF_000400465.1_Wallemia_ichthyophaga_version_1.0/GCF_000400465.1_Wallemia_ichthyophaga_version_1.0_cds_from_genomic.fna.gz	https://ftp.ncbi.nlm.nih.gov/genomes/all/GCA/004/917/865/GCA_004917865.1_ASM491786v1/GCA_004917865.1_ASM491786v1_genomic.fna.gz	basidiomycota	wasted_col
245174	https://ftp.ncbi.nlm.nih.gov/genomes/all/GCF/000/400/465/GCF_000400465.1_Wallemia_ichthyophaga_version_1.0/GCF_000400465.1_Wallemia_ichthyophaga_version_1.0_cds_from_genomic.fna.gz	https://ftp.ncbi.nlm.nih.gov/genomes/all/GCA/004/918/345/GCA_004918345.1_ASM491834v1/GCA_004918345.1_ASM491834v1_genomic.fna.gz	basidiomycota	wasted_col
245174	https://ftp.ncbi.nlm.nih.gov/genomes/all/GCF/000/400/465/GCF_000400465.1_Wallemia_ichthyophaga_version_1.0/GCF_000400465.1_Wallemia_ichthyophaga_version_1.0_cds_from_genomic.fna.gz	https://ftp.ncbi.nlm.nih.gov/genomes/all/GCA/004/918/065/GCA_004918065.1_ASM491806v1/GCA_004918065.1_ASM491806v1_genomic.fna.gz	basidiomycota	wasted_col
245174	https://ftp.ncbi.nlm.nih.gov/genomes/all/GCF/000/400/465/GCF_000400465.1_Wallemia_ichthyophaga_version_1.0/GCF_000400465.1_Wallemia_ichthyophaga_version_1.0_cds_from_genomic.fna.gz	https://ftp.ncbi.nlm.nih.gov/genomes/all/GCA/004/918/015/GCA_004918015.1_ASM491801v1/GCA_004918015.1_ASM491801v1_genomic.fna.gz	basidiomycota	wasted_col
245174	https://ftp.ncbi.nlm.nih.gov/genomes/all/GCF/000/400/465/GCF_000400465.1_Wallemia_ichthyophaga_version_1.0/GCF_000400465.1_Wallemia_ichthyophaga_version_1.0_cds_from_genomic.fna.gz	https://ftp.ncbi.nlm.nih.gov/genomes/all/GCA/004/918/745/GCA_004918745.1_ASM491874v1/GCA_004918745.1_ASM491874v1_genomic.fna.gz	basidiomycota	wasted_col
245174	https://ftp.ncbi.nlm.nih.gov/genomes/all/GCF/000/400/465/GCF_000400465.1_Wallemia_ichthyophaga_version_1.0/GCF_000400465.1_Wallemia_ichthyophaga_version_1.0_cds_from_genomic.fna.gz	https://ftp.ncbi.nlm.nih.gov/genomes/all/GCA/004/918/445/GCA_004918445.1_ASM491844v1/GCA_004918445.1_ASM491844v1_genomic.fna.gz	basidiomycota	wasted_col
245174	https://ftp.ncbi.nlm.nih.gov/genomes/all/GCF/000/400/465/GCF_000400465.1_Wallemia_ichthyophaga_version_1.0/GCF_000400465.1_Wallemia_ichthyophaga_version_1.0_cds_from_genomic.fna.gz	https://ftp.ncbi.nlm.nih.gov/genomes/all/GCA/000/400/465/GCA_000400465.1_Wallemia_ichthyophaga_version_1.0/GCA_000400465.1_Wallemia_ichthyophaga_version_1.0_genomic.fna.gz	basidiomycota	wasted_col
245174	https://ftp.ncbi.nlm.nih.gov/genomes/all/GCF/000/400/465/GCF_000400465.1_Wallemia_ichthyophaga_version_1.0/GCF_000400465.1_Wallemia_ichthyophaga_version_1.0_cds_from_genomic.fna.gz	https://ftp.ncbi.nlm.nih.gov/genomes/all/GCA/004/918/235/GCA_004918235.1_ASM491823v1/GCA_004918235.1_ASM491823v1_genomic.fna.gz	basidiomycota	wasted_col
245174	https://ftp.ncbi.nlm.nih.gov/genomes/all/GCF/000/400/465/GCF_000400465.1_Wallemia_ichthyophaga_version_1.0/GCF_000400465.1_Wallemia_ichthyophaga_version_1.0_cds_from_genomic.fna.gz	https://ftp.ncbi.nlm.nih.gov/genomes/all/GCA/004/917/845/GCA_004917845.1_ASM491784v1/GCA_004917845.1_ASM491784v1_genomic.fna.gz	basidiomycota	wasted_col
245174	https://ftp.ncbi.nlm.nih.gov/genomes/all/GCF/000/400/465/GCF_000400465.1_Wallemia_ichthyophaga_version_1.0/GCF_000400465.1_Wallemia_ichthyophaga_version_1.0_cds_from_genomic.fna.gz	https://ftp.ncbi.nlm.nih.gov/genomes/all/GCA/004/918/335/GCA_004918335.1_ASM491833v1/GCA_004918335.1_ASM491833v1_genomic.fna.gz	basidiomycota	wasted_col
293939	https://ftp.ncbi.nlm.nih.gov/genomes/all/GCF/010/724/455/GCF_010724455.1_ASM1072445v1/GCF_010724455.1_ASM1072445v1_cds_from_genomic.fna.gz	https://ftp.ncbi.nlm.nih.gov/genomes/all/GCA/010/724/575/GCA_010724575.1_ASM1072457v1/GCA_010724575.1_ASM1072457v1_genomic.fna.gz	eurotiales	wasted_col
293939	https://ftp.ncbi.nlm.nih.gov/genomes/all/GCF/010/724/455/GCF_010724455.1_ASM1072445v1/GCF_010724455.1_ASM1072445v1_cds_from_genomic.fna.gz	https://ftp.ncbi.nlm.nih.gov/genomes/all/GCA/012/656/395/GCA_012656395.1_ASM1265639v1/GCA_012656395.1_ASM1265639v1_genomic.fna.gz	eurotiales	wasted_col
293939	https://ftp.ncbi.nlm.nih.gov/genomes/all/GCF/010/724/455/GCF_010724455.1_ASM1072445v1/GCF_010724455.1_ASM1072445v1_cds_from_genomic.fna.gz	https://ftp.ncbi.nlm.nih.gov/genomes/all/GCA/001/445/615/GCA_001445615.2_Alt_assembly01/GCA_001445615.2_Alt_assembly01_genomic.fna.gz	eurotiales	wasted_col
293939	https://ftp.ncbi.nlm.nih.gov/genomes/all/GCF/010/724/455/GCF_010724455.1_ASM1072445v1/GCF_010724455.1_ASM1072445v1_cds_from_genomic.fna.gz	https://ftp.ncbi.nlm.nih.gov/genomes/all/GCA/010/724/455/GCA_010724455.1_ASM1072445v1/GCA_010724455.1_ASM1072445v1_genomic.fna.gz	eurotiales	wasted_col
293939	https://ftp.ncbi.nlm.nih.gov/genomes/all/GCF/010/724/455/GCF_010724455.1_ASM1072445v1/GCF_010724455.1_ASM1072445v1_cds_from_genomic.fna.gz	https://ftp.ncbi.nlm.nih.gov/genomes/all/GCA/012/656/375/GCA_012656375.1_ASM1265637v1/GCA_012656375.1_ASM1265637v1_genomic.fna.gz	eurotiales	wasted_col
293939	https://ftp.ncbi.nlm.nih.gov/genomes/all/GCF/010/724/455/GCF_010724455.1_ASM1072445v1/GCF_010724455.1_ASM1072445v1_cds_from_genomic.fna.gz	https://ftp.ncbi.nlm.nih.gov/genomes/all/GCA/010/724/635/GCA_010724635.1_ASM1072463v1/GCA_010724635.1_ASM1072463v1_genomic.fna.gz	eurotiales	wasted_col
293939	https://ftp.ncbi.nlm.nih.gov/genomes/all/GCF/010/724/455/GCF_010724455.1_ASM1072445v1/GCF_010724455.1_ASM1072445v1_cds_from_genomic.fna.gz	https://ftp.ncbi.nlm.nih.gov/genomes/all/GCA/010/723/975/GCA_010723975.1_ASM1072397v1/GCA_010723975.1_ASM1072397v1_genomic.fna.gz	eurotiales	wasted_col
293939	https://ftp.ncbi.nlm.nih.gov/genomes/all/GCF/010/724/455/GCF_010724455.1_ASM1072445v1/GCF_010724455.1_ASM1072445v1_cds_from_genomic.fna.gz	https://ftp.ncbi.nlm.nih.gov/genomes/all/GCA/010/724/915/GCA_010724915.1_ASM1072491v1/GCA_010724915.1_ASM1072491v1_genomic.fna.gz	eurotiales	wasted_col
293939	https://ftp.ncbi.nlm.nih.gov/genomes/all/GCF/010/724/455/GCF_010724455.1_ASM1072445v1/GCF_010724455.1_ASM1072445v1_cds_from_genomic.fna.gz	https://ftp.ncbi.nlm.nih.gov/genomes/all/GCA/012/656/455/GCA_012656455.1_ASM1265645v1/GCA_012656455.1_ASM1265645v1_genomic.fna.gz	eurotiales	wasted_col
293939	https://ftp.ncbi.nlm.nih.gov/genomes/all/GCF/010/724/455/GCF_010724455.1_ASM1072445v1/GCF_010724455.1_ASM1072445v1_cds_from_genomic.fna.gz	https://ftp.ncbi.nlm.nih.gov/genomes/all/GCA/012/656/335/GCA_012656335.1_ASM1265633v1/GCA_012656335.1_ASM1265633v1_genomic.fna.gz	eurotiales	wasted_col
318829	https://ftp.ncbi.nlm.nih.gov/genomes/all/GCF/000/002/495/GCF_000002495.2_MG8/GCF_000002495.2_MG8_cds_from_genomic.fna.gz	https://ftp.ncbi.nlm.nih.gov/genomes/all/GCA/003/016/185/GCA_003016185.1_ASM301618v1/GCA_003016185.1_ASM301618v1_genomic.fna.gz	sordariomycetes	wasted_col
318829	https://ftp.ncbi.nlm.nih.gov/genomes/all/GCF/000/002/495/GCF_000002495.2_MG8/GCF_000002495.2_MG8_cds_from_genomic.fna.gz	https://ftp.ncbi.nlm.nih.gov/genomes/all/GCA/003/016/585/GCA_003016585.1_ASM301658v1/GCA_003016585.1_ASM301658v1_genomic.fna.gz	sordariomycetes	wasted_col
318829	https://ftp.ncbi.nlm.nih.gov/genomes/all/GCF/000/002/495/GCF_000002495.2_MG8/GCF_000002495.2_MG8_cds_from_genomic.fna.gz	https://ftp.ncbi.nlm.nih.gov/genomes/all/GCA/003/017/165/GCA_003017165.1_ASM301716v1/GCA_003017165.1_ASM301716v1_genomic.fna.gz	sordariomycetes	wasted_col
318829	https://ftp.ncbi.nlm.nih.gov/genomes/all/GCF/000/002/495/GCF_000002495.2_MG8/GCF_000002495.2_MG8_cds_from_genomic.fna.gz	https://ftp.ncbi.nlm.nih.gov/genomes/all/GCA/003/016/425/GCA_003016425.1_ASM301642v1/GCA_003016425.1_ASM301642v1_genomic.fna.gz	sordariomycetes	wasted_col
318829	https://ftp.ncbi.nlm.nih.gov/genomes/all/GCF/000/002/495/GCF_000002495.2_MG8/GCF_000002495.2_MG8_cds_from_genomic.fna.gz	https://ftp.ncbi.nlm.nih.gov/genomes/all/GCA/905/109/105/GCA_905109105.1_Assembly_of_M.oryzae_isolate_BTJP4_11_genome/GCA_905109105.1_Assembly_of_M.oryzae_isolate_BTJP4_11_genome_genomic.fna.gz	sordariomycetes	wasted_col
318829	https://ftp.ncbi.nlm.nih.gov/genomes/all/GCF/000/002/495/GCF_000002495.2_MG8/GCF_000002495.2_MG8_cds_from_genomic.fna.gz	https://ftp.ncbi.nlm.nih.gov/genomes/all/GCA/905/067/025/GCA_905067025.2_AG006_contigs_polished/GCA_905067025.2_AG006_contigs_polished_genomic.fna.gz	sordariomycetes	wasted_col
318829	https://ftp.ncbi.nlm.nih.gov/genomes/all/GCF/000/002/495/GCF_000002495.2_MG8/GCF_000002495.2_MG8_cds_from_genomic.fna.gz	https://ftp.ncbi.nlm.nih.gov/genomes/all/GCA/000/734/655/GCA_000734655.1_ASM73465v1/GCA_000734655.1_ASM73465v1_genomic.fna.gz	sordariomycetes	wasted_col
318829	https://ftp.ncbi.nlm.nih.gov/genomes/all/GCF/000/002/495/GCF_000002495.2_MG8/GCF_000002495.2_MG8_cds_from_genomic.fna.gz	https://ftp.ncbi.nlm.nih.gov/genomes/all/GCA/012/978/435/GCA_012978435.1_ASM1297843v1/GCA_012978435.1_ASM1297843v1_genomic.fna.gz	sordariomycetes	wasted_col
318829	https://ftp.ncbi.nlm.nih.gov/genomes/all/GCF/000/002/495/GCF_000002495.2_MG8/GCF_000002495.2_MG8_cds_from_genomic.fna.gz	https://ftp.ncbi.nlm.nih.gov/genomes/all/GCA/003/015/925/GCA_003015925.1_ASM301592v1/GCA_003015925.1_ASM301592v1_genomic.fna.gz	sordariomycetes	wasted_col
318829	https://ftp.ncbi.nlm.nih.gov/genomes/all/GCF/000/002/495/GCF_000002495.2_MG8/GCF_000002495.2_MG8_cds_from_genomic.fna.gz	https://ftp.ncbi.nlm.nih.gov/genomes/all/GCA/002/925/325/GCA_002925325.1_ASM292532v1/GCA_002925325.1_ASM292532v1_genomic.fna.gz	sordariomycetes	wasted_col
456999	https://ftp.ncbi.nlm.nih.gov/genomes/all/GCF/016/906/535/GCF_016906535.1_ASM1690653v1/GCF_016906535.1_ASM1690653v1_cds_from_genomic.fna.gz	https://ftp.ncbi.nlm.nih.gov/genomes/all/GCA/905/219/585/GCA_905219585.1_AG1-1C/GCA_905219585.1_AG1-1C_genomic.fna.gz	agaricomycetes	wasted_col
456999	https://ftp.ncbi.nlm.nih.gov/genomes/all/GCF/016/906/535/GCF_016906535.1_ASM1690653v1/GCF_016906535.1_ASM1690653v1_cds_from_genomic.fna.gz	https://ftp.ncbi.nlm.nih.gov/genomes/all/GCA/003/268/435/GCA_003268435.1_ASM326843v1/GCA_003268435.1_ASM326843v1_genomic.fna.gz	agaricomycetes	wasted_col
456999	https://ftp.ncbi.nlm.nih.gov/genomes/all/GCF/016/906/535/GCF_016906535.1_ASM1690653v1/GCF_016906535.1_ASM1690653v1_cds_from_genomic.fna.gz	https://ftp.ncbi.nlm.nih.gov/genomes/all/GCA/015/341/985/GCA_015341985.1_ASM1534198v1/GCA_015341985.1_ASM1534198v1_genomic.fna.gz	agaricomycetes	wasted_col
456999	https://ftp.ncbi.nlm.nih.gov/genomes/all/GCF/016/906/535/GCF_016906535.1_ASM1690653v1/GCF_016906535.1_ASM1690653v1_cds_from_genomic.fna.gz	https://ftp.ncbi.nlm.nih.gov/genomes/all/GCA/000/524/645/GCA_000524645.1_Rhizoctonia_solani_AG-3/GCA_000524645.1_Rhizoctonia_solani_AG-3_genomic.fna.gz	agaricomycetes	wasted_col
456999	https://ftp.ncbi.nlm.nih.gov/genomes/all/GCF/016/906/535/GCF_016906535.1_ASM1690653v1/GCF_016906535.1_ASM1690653v1_cds_from_genomic.fna.gz	https://ftp.ncbi.nlm.nih.gov/genomes/all/GCA/000/350/255/GCA_000350255.1_ASM35025v1/GCA_000350255.1_ASM35025v1_genomic.fna.gz	agaricomycetes	wasted_col
456999	https://ftp.ncbi.nlm.nih.gov/genomes/all/GCF/016/906/535/GCF_016906535.1_ASM1690653v1/GCF_016906535.1_ASM1690653v1_cds_from_genomic.fna.gz	https://ftp.ncbi.nlm.nih.gov/genomes/all/GCA/000/695/385/GCA_000695385.1_RSAG8-1.V1/GCA_000695385.1_RSAG8-1.V1_genomic.fna.gz	agaricomycetes	wasted_col
456999	https://ftp.ncbi.nlm.nih.gov/genomes/all/GCF/016/906/535/GCF_016906535.1_ASM1690653v1/GCF_016906535.1_ASM1690653v1_cds_from_genomic.fna.gz	https://ftp.ncbi.nlm.nih.gov/genomes/all/GCA/015/342/405/GCA_015342405.1_ASM1534240v1/GCA_015342405.1_ASM1534240v1_genomic.fna.gz	agaricomycetes	wasted_col
456999	https://ftp.ncbi.nlm.nih.gov/genomes/all/GCF/016/906/535/GCF_016906535.1_ASM1690653v1/GCF_016906535.1_ASM1690653v1_cds_from_genomic.fna.gz	https://ftp.ncbi.nlm.nih.gov/genomes/all/GCA/000/715/385/GCA_000715385.1_Rhizoctonia_solani_123E_v1/GCA_000715385.1_Rhizoctonia_solani_123E_v1_genomic.fna.gz	agaricomycetes	wasted_col
456999	https://ftp.ncbi.nlm.nih.gov/genomes/all/GCF/016/906/535/GCF_016906535.1_ASM1690653v1/GCF_016906535.1_ASM1690653v1_cds_from_genomic.fna.gz	https://ftp.ncbi.nlm.nih.gov/genomes/all/GCA/905/219/605/GCA_905219605.1_AG3-1AP/GCA_905219605.1_AG3-1AP_genomic.fna.gz	agaricomycetes	wasted_col
456999	https://ftp.ncbi.nlm.nih.gov/genomes/all/GCF/016/906/535/GCF_016906535.1_ASM1690653v1/GCF_016906535.1_ASM1690653v1_cds_from_genomic.fna.gz	https://ftp.ncbi.nlm.nih.gov/genomes/all/GCA/900/185/085/GCA_900185085.1_Ben3/GCA_900185085.1_Ben3_genomic.fna.gz	agaricomycetes	wasted_col
460523	https://ftp.ncbi.nlm.nih.gov/genomes/all/GCF/001/664/045/GCF_001664045.1_Hanpo2/GCF_001664045.1_Hanpo2_cds_from_genomic.fna.gz	https://ftp.ncbi.nlm.nih.gov/genomes/all/GCA/000/787/595/GCA_000787595.2_Opolymorpha_4329/GCA_000787595.2_Opolymorpha_4329_genomic.fna.gz	saccharomycetes	wasted_col
460523	https://ftp.ncbi.nlm.nih.gov/genomes/all/GCF/001/664/045/GCF_001664045.1_Hanpo2/GCF_001664045.1_Hanpo2_cds_from_genomic.fna.gz	https://ftp.ncbi.nlm.nih.gov/genomes/all/GCA/019/208/045/GCA_019208045.1_ASM1920804v1/GCA_019208045.1_ASM1920804v1_genomic.fna.gz	saccharomycetes	wasted_col
460523	https://ftp.ncbi.nlm.nih.gov/genomes/all/GCF/001/664/045/GCF_001664045.1_Hanpo2/GCF_001664045.1_Hanpo2_cds_from_genomic.fna.gz	https://ftp.ncbi.nlm.nih.gov/genomes/all/GCA/019/207/995/GCA_019207995.1_ASM1920799v1/GCA_019207995.1_ASM1920799v1_genomic.fna.gz	saccharomycetes	wasted_col
460523	https://ftp.ncbi.nlm.nih.gov/genomes/all/GCF/001/664/045/GCF_001664045.1_Hanpo2/GCF_001664045.1_Hanpo2_cds_from_genomic.fna.gz	https://ftp.ncbi.nlm.nih.gov/genomes/all/GCA/017/161/175/GCA_017161175.1_ASM1716117v1/GCA_017161175.1_ASM1716117v1_genomic.fna.gz	saccharomycetes	wasted_col
460523	https://ftp.ncbi.nlm.nih.gov/genomes/all/GCF/001/664/045/GCF_001664045.1_Hanpo2/GCF_001664045.1_Hanpo2_cds_from_genomic.fna.gz	https://ftp.ncbi.nlm.nih.gov/genomes/all/GCA/001/664/045/GCA_001664045.1_Hanpo2/GCA_001664045.1_Hanpo2_genomic.fna.gz	saccharomycetes	wasted_col
460523	https://ftp.ncbi.nlm.nih.gov/genomes/all/GCF/001/664/045/GCF_001664045.1_Hanpo2/GCF_001664045.1_Hanpo2_cds_from_genomic.fna.gz	https://ftp.ncbi.nlm.nih.gov/genomes/all/GCA/019/207/825/GCA_019207825.1_ASM1920782v1/GCA_019207825.1_ASM1920782v1_genomic.fna.gz	saccharomycetes	wasted_col
460523	https://ftp.ncbi.nlm.nih.gov/genomes/all/GCF/001/664/045/GCF_001664045.1_Hanpo2/GCF_001664045.1_Hanpo2_cds_from_genomic.fna.gz	https://ftp.ncbi.nlm.nih.gov/genomes/all/GCA/019/207/735/GCA_019207735.1_ASM1920773v1/GCA_019207735.1_ASM1920773v1_genomic.fna.gz	saccharomycetes	wasted_col
460523	https://ftp.ncbi.nlm.nih.gov/genomes/all/GCF/001/664/045/GCF_001664045.1_Hanpo2/GCF_001664045.1_Hanpo2_cds_from_genomic.fna.gz	https://ftp.ncbi.nlm.nih.gov/genomes/all/GCA/019/207/815/GCA_019207815.1_ASM1920781v1/GCA_019207815.1_ASM1920781v1_genomic.fna.gz	saccharomycetes	wasted_col
460523	https://ftp.ncbi.nlm.nih.gov/genomes/all/GCF/001/664/045/GCF_001664045.1_Hanpo2/GCF_001664045.1_Hanpo2_cds_from_genomic.fna.gz	https://ftp.ncbi.nlm.nih.gov/genomes/all/GCA/020/023/485/GCA_020023485.1_ASM2002348v1/GCA_020023485.1_ASM2002348v1_genomic.fna.gz	saccharomycetes	wasted_col
460523	https://ftp.ncbi.nlm.nih.gov/genomes/all/GCF/001/664/045/GCF_001664045.1_Hanpo2/GCF_001664045.1_Hanpo2_cds_from_genomic.fna.gz	https://ftp.ncbi.nlm.nih.gov/genomes/all/GCA/019/207/715/GCA_019207715.1_ASM1920771v1/GCA_019207715.1_ASM1920771v1_genomic.fna.gz	saccharomycetes	wasted_col
474922	https://ftp.ncbi.nlm.nih.gov/genomes/all/GCF/011/800/055/GCF_011800055.1_NFU_CgLc1_1.0/GCF_011800055.1_NFU_CgLc1_1.0_cds_from_genomic.fna.gz	https://ftp.ncbi.nlm.nih.gov/genomes/all/GCA/021/650/765/GCA_021650765.1_ASM2165076v1/GCA_021650765.1_ASM2165076v1_genomic.fna.gz	glomerellales	wasted_col
474922	https://ftp.ncbi.nlm.nih.gov/genomes/all/GCF/011/800/055/GCF_011800055.1_NFU_CgLc1_1.0/GCF_011800055.1_NFU_CgLc1_1.0_cds_from_genomic.fna.gz	https://ftp.ncbi.nlm.nih.gov/genomes/all/GCA/011/947/415/GCA_011947415.1_ASM1194741v1/GCA_011947415.1_ASM1194741v1_genomic.fna.gz	glomerellales	wasted_col
474922	https://ftp.ncbi.nlm.nih.gov/genomes/all/GCF/011/800/055/GCF_011800055.1_NFU_CgLc1_1.0/GCF_011800055.1_NFU_CgLc1_1.0_cds_from_genomic.fna.gz	https://ftp.ncbi.nlm.nih.gov/genomes/all/GCA/003/568/745/GCA_003568745.1_ASM356874v1/GCA_003568745.1_ASM356874v1_genomic.fna.gz	glomerellales	wasted_col
474922	https://ftp.ncbi.nlm.nih.gov/genomes/all/GCF/011/800/055/GCF_011800055.1_NFU_CgLc1_1.0/GCF_011800055.1_NFU_CgLc1_1.0_cds_from_genomic.fna.gz	https://ftp.ncbi.nlm.nih.gov/genomes/all/GCA/003/666/125/GCA_003666125.1_ASM366612v1/GCA_003666125.1_ASM366612v1_genomic.fna.gz	glomerellales	wasted_col
474922	https://ftp.ncbi.nlm.nih.gov/genomes/all/GCF/011/800/055/GCF_011800055.1_NFU_CgLc1_1.0/GCF_011800055.1_NFU_CgLc1_1.0_cds_from_genomic.fna.gz	https://ftp.ncbi.nlm.nih.gov/genomes/all/GCA/021/432/615/GCA_021432615.1_Gloci1/GCA_021432615.1_Gloci1_genomic.fna.gz	glomerellales	wasted_col
474922	https://ftp.ncbi.nlm.nih.gov/genomes/all/GCF/011/800/055/GCF_011800055.1_NFU_CgLc1_1.0/GCF_011800055.1_NFU_CgLc1_1.0_cds_from_genomic.fna.gz	https://ftp.ncbi.nlm.nih.gov/genomes/all/GCA/014/705/165/GCA_014705165.1_ASM1470516v1/GCA_014705165.1_ASM1470516v1_genomic.fna.gz	glomerellales	wasted_col
474922	https://ftp.ncbi.nlm.nih.gov/genomes/all/GCF/011/800/055/GCF_011800055.1_NFU_CgLc1_1.0/GCF_011800055.1_NFU_CgLc1_1.0_cds_from_genomic.fna.gz	https://ftp.ncbi.nlm.nih.gov/genomes/all/GCA/002/901/105/GCA_002901105.1_ASM290110v1/GCA_002901105.1_ASM290110v1_genomic.fna.gz	glomerellales	wasted_col
474922	https://ftp.ncbi.nlm.nih.gov/genomes/all/GCF/011/800/055/GCF_011800055.1_NFU_CgLc1_1.0/GCF_011800055.1_NFU_CgLc1_1.0_cds_from_genomic.fna.gz	https://ftp.ncbi.nlm.nih.gov/genomes/all/GCA/002/189/585/GCA_002189585.1_ASM218958v1/GCA_002189585.1_ASM218958v1_genomic.fna.gz	glomerellales	wasted_col
474922	https://ftp.ncbi.nlm.nih.gov/genomes/all/GCF/011/800/055/GCF_011800055.1_NFU_CgLc1_1.0/GCF_011800055.1_NFU_CgLc1_1.0_cds_from_genomic.fna.gz	https://ftp.ncbi.nlm.nih.gov/genomes/all/GCA/011/428/055/GCA_011428055.1_ASM1142805v1/GCA_011428055.1_ASM1142805v1_genomic.fna.gz	glomerellales	wasted_col
474922	https://ftp.ncbi.nlm.nih.gov/genomes/all/GCF/011/800/055/GCF_011800055.1_NFU_CgLc1_1.0/GCF_011800055.1_NFU_CgLc1_1.0_cds_from_genomic.fna.gz	https://ftp.ncbi.nlm.nih.gov/genomes/all/GCA/000/446/055/GCA_000446055.1_Colletotrichum_gloeosporioides1/GCA_000446055.1_Colletotrichum_gloeosporioides1_genomic.fna.gz	glomerellales	wasted_col
498019	https://ftp.ncbi.nlm.nih.gov/genomes/all/GCF/002/775/015/GCF_002775015.1_Cand_auris_B11221_V1/GCF_002775015.1_Cand_auris_B11221_V1_cds_from_genomic.fna.gz	https://ftp.ncbi.nlm.nih.gov/genomes/all/GCA/019/039/615/GCA_019039615.1_ASM1903961v1/GCA_019039615.1_ASM1903961v1_genomic.fna.gz	saccharomycetes	wasted_col
498019	https://ftp.ncbi.nlm.nih.gov/genomes/all/GCF/002/775/015/GCF_002775015.1_Cand_auris_B11221_V1/GCF_002775015.1_Cand_auris_B11221_V1_cds_from_genomic.fna.gz	https://ftp.ncbi.nlm.nih.gov/genomes/all/GCA/019/039/455/GCA_019039455.1_ASM1903945v1/GCA_019039455.1_ASM1903945v1_genomic.fna.gz	saccharomycetes	wasted_col
498019	https://ftp.ncbi.nlm.nih.gov/genomes/all/GCF/002/775/015/GCF_002775015.1_Cand_auris_B11221_V1/GCF_002775015.1_Cand_auris_B11221_V1_cds_from_genomic.fna.gz	https://ftp.ncbi.nlm.nih.gov/genomes/all/GCA/019/039/295/GCA_019039295.1_ASM1903929v1/GCA_019039295.1_ASM1903929v1_genomic.fna.gz	saccharomycetes	wasted_col
498019	https://ftp.ncbi.nlm.nih.gov/genomes/all/GCF/002/775/015/GCF_002775015.1_Cand_auris_B11221_V1/GCF_002775015.1_Cand_auris_B11221_V1_cds_from_genomic.fna.gz	https://ftp.ncbi.nlm.nih.gov/genomes/all/GCA/902/712/205/GCA_902712205.3_Cau_1915_a/GCA_902712205.3_Cau_1915_a_genomic.fna.gz	saccharomycetes	wasted_col
498019	https://ftp.ncbi.nlm.nih.gov/genomes/all/GCF/002/775/015/GCF_002775015.1_Cand_auris_B11221_V1/GCF_002775015.1_Cand_auris_B11221_V1_cds_from_genomic.fna.gz	https://ftp.ncbi.nlm.nih.gov/genomes/all/GCA/019/039/395/GCA_019039395.1_ASM1903939v1/GCA_019039395.1_ASM1903939v1_genomic.fna.gz	saccharomycetes	wasted_col
498019	https://ftp.ncbi.nlm.nih.gov/genomes/all/GCF/002/775/015/GCF_002775015.1_Cand_auris_B11221_V1/GCF_002775015.1_Cand_auris_B11221_V1_cds_from_genomic.fna.gz	https://ftp.ncbi.nlm.nih.gov/genomes/all/GCA/902/703/565/GCA_902703565.1_CA2/GCA_902703565.1_CA2_genomic.fna.gz	saccharomycetes	wasted_col
498019	https://ftp.ncbi.nlm.nih.gov/genomes/all/GCF/002/775/015/GCF_002775015.1_Cand_auris_B11221_V1/GCF_002775015.1_Cand_auris_B11221_V1_cds_from_genomic.fna.gz	https://ftp.ncbi.nlm.nih.gov/genomes/all/GCA/002/759/435/GCA_002759435.2_Cand_auris_B8441_V2/GCA_002759435.2_Cand_auris_B8441_V2_genomic.fna.gz	saccharomycetes	wasted_col
498019	https://ftp.ncbi.nlm.nih.gov/genomes/all/GCF/002/775/015/GCF_002775015.1_Cand_auris_B11221_V1/GCF_002775015.1_Cand_auris_B11221_V1_cds_from_genomic.fna.gz	https://ftp.ncbi.nlm.nih.gov/genomes/all/GCA/902/712/145/GCA_902712145.3_Cau_1916_a/GCA_902712145.3_Cau_1916_a_genomic.fna.gz	saccharomycetes	wasted_col
498019	https://ftp.ncbi.nlm.nih.gov/genomes/all/GCF/002/775/015/GCF_002775015.1_Cand_auris_B11221_V1/GCF_002775015.1_Cand_auris_B11221_V1_cds_from_genomic.fna.gz	https://ftp.ncbi.nlm.nih.gov/genomes/all/GCA/019/039/495/GCA_019039495.1_ASM1903949v1/GCA_019039495.1_ASM1903949v1_genomic.fna.gz	saccharomycetes	wasted_col
498019	https://ftp.ncbi.nlm.nih.gov/genomes/all/GCF/002/775/015/GCF_002775015.1_Cand_auris_B11221_V1/GCF_002775015.1_Cand_auris_B11221_V1_cds_from_genomic.fna.gz	https://ftp.ncbi.nlm.nih.gov/genomes/all/GCA/019/039/275/GCA_019039275.1_ASM1903927v1/GCA_019039275.1_ASM1903927v1_genomic.fna.gz	saccharomycetes	wasted_col
588596	https://ftp.ncbi.nlm.nih.gov/genomes/all/GCF/000/439/145/GCF_000439145.1_ASM43914v3/GCF_000439145.1_ASM43914v3_cds_from_genomic.fna.gz	https://ftp.ncbi.nlm.nih.gov/genomes/all/GCA/903/470/525/GCA_903470525.1_CHRI_B12/GCA_903470525.1_CHRI_B12_genomic.fna.gz	mucoromycota	wasted_col
588596	https://ftp.ncbi.nlm.nih.gov/genomes/all/GCF/000/439/145/GCF_000439145.1_ASM43914v3/GCF_000439145.1_ASM43914v3_cds_from_genomic.fna.gz	https://ftp.ncbi.nlm.nih.gov/genomes/all/GCA/001/593/205/GCA_001593205.1_ASM159320v1/GCA_001593205.1_ASM159320v1_genomic.fna.gz	mucoromycota	wasted_col
588596	https://ftp.ncbi.nlm.nih.gov/genomes/all/GCF/000/439/145/GCF_000439145.1_ASM43914v3/GCF_000439145.1_ASM43914v3_cds_from_genomic.fna.gz	https://ftp.ncbi.nlm.nih.gov/genomes/all/GCA/000/597/685/GCA_000597685.1_Rir/GCA_000597685.1_Rir_genomic.fna.gz	mucoromycota	wasted_col
588596	https://ftp.ncbi.nlm.nih.gov/genomes/all/GCF/000/439/145/GCF_000439145.1_ASM43914v3/GCF_000439145.1_ASM43914v3_cds_from_genomic.fna.gz	https://ftp.ncbi.nlm.nih.gov/genomes/all/GCA/001/593/125/GCA_001593125.1_ASM159312v1/GCA_001593125.1_ASM159312v1_genomic.fna.gz	mucoromycota	wasted_col
588596	https://ftp.ncbi.nlm.nih.gov/genomes/all/GCF/000/439/145/GCF_000439145.1_ASM43914v3/GCF_000439145.1_ASM43914v3_cds_from_genomic.fna.gz	https://ftp.ncbi.nlm.nih.gov/genomes/all/GCA/903/231/485/GCA_903231485.1_CHRIA5/GCA_903231485.1_CHRIA5_genomic.fna.gz	mucoromycota	wasted_col
588596	https://ftp.ncbi.nlm.nih.gov/genomes/all/GCF/000/439/145/GCF_000439145.1_ASM43914v3/GCF_000439145.1_ASM43914v3_cds_from_genomic.fna.gz	https://ftp.ncbi.nlm.nih.gov/genomes/all/GCA/003/833/115/GCA_003833115.1_ASM383311v1/GCA_003833115.1_ASM383311v1_genomic.fna.gz	mucoromycota	wasted_col
588596	https://ftp.ncbi.nlm.nih.gov/genomes/all/GCF/000/439/145/GCF_000439145.1_ASM43914v3/GCF_000439145.1_ASM43914v3_cds_from_genomic.fna.gz	https://ftp.ncbi.nlm.nih.gov/genomes/all/GCA/021/464/265/GCA_021464265.1_ASM2146426v1/GCA_021464265.1_ASM2146426v1_genomic.fna.gz	mucoromycota	wasted_col
588596	https://ftp.ncbi.nlm.nih.gov/genomes/all/GCF/000/439/145/GCF_000439145.1_ASM43914v3/GCF_000439145.1_ASM43914v3_cds_from_genomic.fna.gz	https://ftp.ncbi.nlm.nih.gov/genomes/all/GCA/000/597/585/GCA_000597585.1_DAOM197198w_N33nuc_v1/GCA_000597585.1_DAOM197198w_N33nuc_v1_genomic.fna.gz	mucoromycota	wasted_col
588596	https://ftp.ncbi.nlm.nih.gov/genomes/all/GCF/000/439/145/GCF_000439145.1_ASM43914v3/GCF_000439145.1_ASM43914v3_cds_from_genomic.fna.gz	https://ftp.ncbi.nlm.nih.gov/genomes/all/GCA/000/439/145/GCA_000439145.3_ASM43914v3/GCA_000439145.3_ASM43914v3_genomic.fna.gz	mucoromycota	wasted_col
588596	https://ftp.ncbi.nlm.nih.gov/genomes/all/GCF/000/439/145/GCF_000439145.1_ASM43914v3/GCF_000439145.1_ASM43914v3_cds_from_genomic.fna.gz	https://ftp.ncbi.nlm.nih.gov/genomes/all/GCA/021/464/325/GCA_021464325.1_ASM2146432v1/GCA_021464325.1_ASM2146432v1_genomic.fna.gz	mucoromycota	wasted_col
690259	https://ftp.ncbi.nlm.nih.gov/genomes/all/GCF/013/390/195/GCF_013390195.1_ASM1339019v1/GCF_013390195.1_ASM1339019v1_cds_from_genomic.fna.gz	https://ftp.ncbi.nlm.nih.gov/genomes/all/GCA/014/705/345/GCA_014705345.1_ASM1470534v1/GCA_014705345.1_ASM1470534v1_genomic.fna.gz	glomerellales	wasted_col
690259	https://ftp.ncbi.nlm.nih.gov/genomes/all/GCF/013/390/195/GCF_013390195.1_ASM1339019v1/GCF_013390195.1_ASM1339019v1_cds_from_genomic.fna.gz	https://ftp.ncbi.nlm.nih.gov/genomes/all/GCA/014/705/195/GCA_014705195.1_ASM1470519v1/GCA_014705195.1_ASM1470519v1_genomic.fna.gz	glomerellales	wasted_col
690259	https://ftp.ncbi.nlm.nih.gov/genomes/all/GCF/013/390/195/GCF_013390195.1_ASM1339019v1/GCF_013390195.1_ASM1339019v1_cds_from_genomic.fna.gz	https://ftp.ncbi.nlm.nih.gov/genomes/all/GCA/011/428/095/GCA_011428095.1_ASM1142809v1/GCA_011428095.1_ASM1142809v1_genomic.fna.gz	glomerellales	wasted_col
690259	https://ftp.ncbi.nlm.nih.gov/genomes/all/GCF/013/390/195/GCF_013390195.1_ASM1339019v1/GCF_013390195.1_ASM1339019v1_cds_from_genomic.fna.gz	https://ftp.ncbi.nlm.nih.gov/genomes/all/GCA/011/428/115/GCA_011428115.1_ASM1142811v1/GCA_011428115.1_ASM1142811v1_genomic.fna.gz	glomerellales	wasted_col
690259	https://ftp.ncbi.nlm.nih.gov/genomes/all/GCF/013/390/195/GCF_013390195.1_ASM1339019v1/GCF_013390195.1_ASM1339019v1_cds_from_genomic.fna.gz	https://ftp.ncbi.nlm.nih.gov/genomes/all/GCA/013/201/865/GCA_013201865.1_ASM1320186v1/GCA_013201865.1_ASM1320186v1_genomic.fna.gz	glomerellales	wasted_col
690259	https://ftp.ncbi.nlm.nih.gov/genomes/all/GCF/013/390/195/GCF_013390195.1_ASM1339019v1/GCF_013390195.1_ASM1339019v1_cds_from_genomic.fna.gz	https://ftp.ncbi.nlm.nih.gov/genomes/all/GCA/013/201/795/GCA_013201795.1_ASM1320179v1/GCA_013201795.1_ASM1320179v1_genomic.fna.gz	glomerellales	wasted_col
690259	https://ftp.ncbi.nlm.nih.gov/genomes/all/GCF/013/390/195/GCF_013390195.1_ASM1339019v1/GCF_013390195.1_ASM1339019v1_cds_from_genomic.fna.gz	https://ftp.ncbi.nlm.nih.gov/genomes/all/GCA/014/705/055/GCA_014705055.1_ASM1470505v1/GCA_014705055.1_ASM1470505v1_genomic.fna.gz	glomerellales	wasted_col
690259	https://ftp.ncbi.nlm.nih.gov/genomes/all/GCF/013/390/195/GCF_013390195.1_ASM1339019v1/GCF_013390195.1_ASM1339019v1_cds_from_genomic.fna.gz	https://ftp.ncbi.nlm.nih.gov/genomes/all/GCA/011/947/465/GCA_011947465.1_ASM1194746v1/GCA_011947465.1_ASM1194746v1_genomic.fna.gz	glomerellales	wasted_col
690259	https://ftp.ncbi.nlm.nih.gov/genomes/all/GCF/013/390/195/GCF_013390195.1_ASM1339019v1/GCF_013390195.1_ASM1339019v1_cds_from_genomic.fna.gz	https://ftp.ncbi.nlm.nih.gov/genomes/all/GCA/014/705/385/GCA_014705385.1_ASM1470538v1/GCA_014705385.1_ASM1470538v1_genomic.fna.gz	glomerellales	wasted_col
690259	https://ftp.ncbi.nlm.nih.gov/genomes/all/GCF/013/390/195/GCF_013390195.1_ASM1339019v1/GCF_013390195.1_ASM1339019v1_cds_from_genomic.fna.gz	https://ftp.ncbi.nlm.nih.gov/genomes/all/GCA/011/445/115/GCA_011445115.1_ASM1144511v1/GCA_011445115.1_ASM1144511v1_genomic.fna.gz	glomerellales	wasted_col
746128	https://ftp.ncbi.nlm.nih.gov/genomes/all/GCF/000/002/655/GCF_000002655.1_ASM265v1/GCF_000002655.1_ASM265v1_cds_from_genomic.fna.gz	https://ftp.ncbi.nlm.nih.gov/genomes/all/GCA/020/501/115/GCA_020501115.1_ASM2050111v1/GCA_020501115.1_ASM2050111v1_genomic.fna.gz	eurotiales	wasted_col
746128	https://ftp.ncbi.nlm.nih.gov/genomes/all/GCF/000/002/655/GCF_000002655.1_ASM265v1/GCF_000002655.1_ASM265v1_cds_from_genomic.fna.gz	https://ftp.ncbi.nlm.nih.gov/genomes/all/GCA/020/501/785/GCA_020501785.1_ASM2050178v1/GCA_020501785.1_ASM2050178v1_genomic.fna.gz	eurotiales	wasted_col
746128	https://ftp.ncbi.nlm.nih.gov/genomes/all/GCF/000/002/655/GCF_000002655.1_ASM265v1/GCF_000002655.1_ASM265v1_cds_from_genomic.fna.gz	https://ftp.ncbi.nlm.nih.gov/genomes/all/GCA/020/503/105/GCA_020503105.1_ASM2050310v1/GCA_020503105.1_ASM2050310v1_genomic.fna.gz	eurotiales	wasted_col
746128	https://ftp.ncbi.nlm.nih.gov/genomes/all/GCF/000/002/655/GCF_000002655.1_ASM265v1/GCF_000002655.1_ASM265v1_cds_from_genomic.fna.gz	https://ftp.ncbi.nlm.nih.gov/genomes/all/GCA/020/501/185/GCA_020501185.1_ASM2050118v1/GCA_020501185.1_ASM2050118v1_genomic.fna.gz	eurotiales	wasted_col
746128	https://ftp.ncbi.nlm.nih.gov/genomes/all/GCF/000/002/655/GCF_000002655.1_ASM265v1/GCF_000002655.1_ASM265v1_cds_from_genomic.fna.gz	https://ftp.ncbi.nlm.nih.gov/genomes/all/GCA/020/498/805/GCA_020498805.1_ASM2049880v1/GCA_020498805.1_ASM2049880v1_genomic.fna.gz	eurotiales	wasted_col
746128	https://ftp.ncbi.nlm.nih.gov/genomes/all/GCF/000/002/655/GCF_000002655.1_ASM265v1/GCF_000002655.1_ASM265v1_cds_from_genomic.fna.gz	https://ftp.ncbi.nlm.nih.gov/genomes/all/GCA/020/503/395/GCA_020503395.1_ASM2050339v1/GCA_020503395.1_ASM2050339v1_genomic.fna.gz	eurotiales	wasted_col
746128	https://ftp.ncbi.nlm.nih.gov/genomes/all/GCF/000/002/655/GCF_000002655.1_ASM265v1/GCF_000002655.1_ASM265v1_cds_from_genomic.fna.gz	https://ftp.ncbi.nlm.nih.gov/genomes/all/GCA/020/503/295/GCA_020503295.1_ASM2050329v1/GCA_020503295.1_ASM2050329v1_genomic.fna.gz	eurotiales	wasted_col
746128	https://ftp.ncbi.nlm.nih.gov/genomes/all/GCF/000/002/655/GCF_000002655.1_ASM265v1/GCF_000002655.1_ASM265v1_cds_from_genomic.fna.gz	https://ftp.ncbi.nlm.nih.gov/genomes/all/GCA/020/500/215/GCA_020500215.1_ASM2050021v1/GCA_020500215.1_ASM2050021v1_genomic.fna.gz	eurotiales	wasted_col
746128	https://ftp.ncbi.nlm.nih.gov/genomes/all/GCF/000/002/655/GCF_000002655.1_ASM265v1/GCF_000002655.1_ASM265v1_cds_from_genomic.fna.gz	https://ftp.ncbi.nlm.nih.gov/genomes/all/GCA/020/501/335/GCA_020501335.1_ASM2050133v1/GCA_020501335.1_ASM2050133v1_genomic.fna.gz	eurotiales	wasted_col
746128	https://ftp.ncbi.nlm.nih.gov/genomes/all/GCF/000/002/655/GCF_000002655.1_ASM265v1/GCF_000002655.1_ASM265v1_cds_from_genomic.fna.gz	https://ftp.ncbi.nlm.nih.gov/genomes/all/GCA/020/500/535/GCA_020500535.1_ASM2050053v1/GCA_020500535.1_ASM2050053v1_genomic.fna.gz	eurotiales	wasted_col
948311	https://ftp.ncbi.nlm.nih.gov/genomes/all/GCF/900/067/095/GCF_900067095.1_F._proliferatum_ET1_version_1/GCF_900067095.1_F._proliferatum_ET1_version_1_cds_from_genomic.fna.gz	https://ftp.ncbi.nlm.nih.gov/genomes/all/GCA/019/843/625/GCA_019843625.1_ASM1984362v1/GCA_019843625.1_ASM1984362v1_genomic.fna.gz	hypocreales	wasted_col
948311	https://ftp.ncbi.nlm.nih.gov/genomes/all/GCF/900/067/095/GCF_900067095.1_F._proliferatum_ET1_version_1/GCF_900067095.1_F._proliferatum_ET1_version_1_cds_from_genomic.fna.gz	https://ftp.ncbi.nlm.nih.gov/genomes/all/GCA/018/350/245/GCA_018350245.1_ASM1835024v1/GCA_018350245.1_ASM1835024v1_genomic.fna.gz	hypocreales	wasted_col
948311	https://ftp.ncbi.nlm.nih.gov/genomes/all/GCF/900/067/095/GCF_900067095.1_F._proliferatum_ET1_version_1/GCF_900067095.1_F._proliferatum_ET1_version_1_cds_from_genomic.fna.gz	https://ftp.ncbi.nlm.nih.gov/genomes/all/GCA/017/309/895/GCA_017309895.1_FPRO06/GCA_017309895.1_FPRO06_genomic.fna.gz	hypocreales	wasted_col
948311	https://ftp.ncbi.nlm.nih.gov/genomes/all/GCF/900/067/095/GCF_900067095.1_F._proliferatum_ET1_version_1/GCF_900067095.1_F._proliferatum_ET1_version_1_cds_from_genomic.fna.gz	https://ftp.ncbi.nlm.nih.gov/genomes/all/GCA/003/704/875/GCA_003704875.1_ASM370487v1/GCA_003704875.1_ASM370487v1_genomic.fna.gz	hypocreales	wasted_col
948311	https://ftp.ncbi.nlm.nih.gov/genomes/all/GCF/900/067/095/GCF_900067095.1_F._proliferatum_ET1_version_1/GCF_900067095.1_F._proliferatum_ET1_version_1_cds_from_genomic.fna.gz	https://ftp.ncbi.nlm.nih.gov/genomes/all/GCA/002/234/285/GCA_002234285.1_Fol3/GCA_002234285.1_Fol3_genomic.fna.gz	hypocreales	wasted_col
948311	https://ftp.ncbi.nlm.nih.gov/genomes/all/GCF/900/067/095/GCF_900067095.1_F._proliferatum_ET1_version_1/GCF_900067095.1_F._proliferatum_ET1_version_1_cds_from_genomic.fna.gz	https://ftp.ncbi.nlm.nih.gov/genomes/all/GCA/003/704/895/GCA_003704895.1_ASM370489v1/GCA_003704895.1_ASM370489v1_genomic.fna.gz	hypocreales	wasted_col
948311	https://ftp.ncbi.nlm.nih.gov/genomes/all/GCF/900/067/095/GCF_900067095.1_F._proliferatum_ET1_version_1/GCF_900067095.1_F._proliferatum_ET1_version_1_cds_from_genomic.fna.gz	https://ftp.ncbi.nlm.nih.gov/genomes/all/GCA/017/309/875/GCA_017309875.1_FPRO03/GCA_017309875.1_FPRO03_genomic.fna.gz	hypocreales	wasted_col
948311	https://ftp.ncbi.nlm.nih.gov/genomes/all/GCF/900/067/095/GCF_900067095.1_F._proliferatum_ET1_version_1/GCF_900067095.1_F._proliferatum_ET1_version_1_cds_from_genomic.fna.gz	https://ftp.ncbi.nlm.nih.gov/genomes/all/GCA/003/704/885/GCA_003704885.1_ASM370488v1/GCA_003704885.1_ASM370488v1_genomic.fna.gz	hypocreales	wasted_col
948311	https://ftp.ncbi.nlm.nih.gov/genomes/all/GCF/900/067/095/GCF_900067095.1_F._proliferatum_ET1_version_1/GCF_900067095.1_F._proliferatum_ET1_version_1_cds_from_genomic.fna.gz	https://ftp.ncbi.nlm.nih.gov/genomes/all/GCA/019/022/535/GCA_019022535.1_ASM1902253v1/GCA_019022535.1_ASM1902253v1_genomic.fna.gz	hypocreales	wasted_col
948311	https://ftp.ncbi.nlm.nih.gov/genomes/all/GCF/900/067/095/GCF_900067095.1_F._proliferatum_ET1_version_1/GCF_900067095.1_F._proliferatum_ET1_version_1_cds_from_genomic.fna.gz	https://ftp.ncbi.nlm.nih.gov/genomes/all/GCA/003/123/625/GCA_003123625.1_ASM312362v1/GCA_003123625.1_ASM312362v1_genomic.fna.gz	hypocreales	wasted_col
984962	https://ftp.ncbi.nlm.nih.gov/genomes/all/GCF/000/320/585/GCF_000320585.1_Heterobasidion_irregulare_v2.0/GCF_000320585.1_Heterobasidion_irregulare_v2.0_cds_from_genomic.fna.gz	https://ftp.ncbi.nlm.nih.gov/genomes/all/GCA/902/749/295/GCA_902749295.1_144SE/GCA_902749295.1_144SE_genomic.fna.gz	agaricomycetes	wasted_col
984962	https://ftp.ncbi.nlm.nih.gov/genomes/all/GCF/000/320/585/GCF_000320585.1_Heterobasidion_irregulare_v2.0/GCF_000320585.1_Heterobasidion_irregulare_v2.0_cds_from_genomic.fna.gz	https://ftp.ncbi.nlm.nih.gov/genomes/all/GCA/001/458/015/GCA_001458015.1_49SA/GCA_001458015.1_49SA_genomic.fna.gz	agaricomycetes	wasted_col
984962	https://ftp.ncbi.nlm.nih.gov/genomes/all/GCF/000/320/585/GCF_000320585.1_Heterobasidion_irregulare_v2.0/GCF_000320585.1_Heterobasidion_irregulare_v2.0_cds_from_genomic.fna.gz	https://ftp.ncbi.nlm.nih.gov/genomes/all/GCA/902/749/325/GCA_902749325.1_51ED/GCA_902749325.1_51ED_genomic.fna.gz	agaricomycetes	wasted_col
984962	https://ftp.ncbi.nlm.nih.gov/genomes/all/GCF/000/320/585/GCF_000320585.1_Heterobasidion_irregulare_v2.0/GCF_000320585.1_Heterobasidion_irregulare_v2.0_cds_from_genomic.fna.gz	https://ftp.ncbi.nlm.nih.gov/genomes/all/GCA/902/749/265/GCA_902749265.1_49OE/GCA_902749265.1_49OE_genomic.fna.gz	agaricomycetes	wasted_col
984962	https://ftp.ncbi.nlm.nih.gov/genomes/all/GCF/000/320/585/GCF_000320585.1_Heterobasidion_irregulare_v2.0/GCF_000320585.1_Heterobasidion_irregulare_v2.0_cds_from_genomic.fna.gz	https://ftp.ncbi.nlm.nih.gov/genomes/all/GCA/001/457/915/GCA_001457915.1_48NB/GCA_001457915.1_48NB_genomic.fna.gz	agaricomycetes	wasted_col
984962	https://ftp.ncbi.nlm.nih.gov/genomes/all/GCF/000/320/585/GCF_000320585.1_Heterobasidion_irregulare_v2.0/GCF_000320585.1_Heterobasidion_irregulare_v2.0_cds_from_genomic.fna.gz	https://ftp.ncbi.nlm.nih.gov/genomes/all/GCA/902/749/275/GCA_902749275.1_136/GCA_902749275.1_136_genomic.fna.gz	agaricomycetes	wasted_col
984962	https://ftp.ncbi.nlm.nih.gov/genomes/all/GCF/000/320/585/GCF_000320585.1_Heterobasidion_irregulare_v2.0/GCF_000320585.1_Heterobasidion_irregulare_v2.0_cds_from_genomic.fna.gz	https://ftp.ncbi.nlm.nih.gov/genomes/all/GCA/902/749/305/GCA_902749305.1_41NB/GCA_902749305.1_41NB_genomic.fna.gz	agaricomycetes	wasted_col
984962	https://ftp.ncbi.nlm.nih.gov/genomes/all/GCF/000/320/585/GCF_000320585.1_Heterobasidion_irregulare_v2.0/GCF_000320585.1_Heterobasidion_irregulare_v2.0_cds_from_genomic.fna.gz	https://ftp.ncbi.nlm.nih.gov/genomes/all/GCA/001/457/935/GCA_001457935.1_9OA/GCA_001457935.1_9OA_genomic.fna.gz	agaricomycetes	wasted_col
984962	https://ftp.ncbi.nlm.nih.gov/genomes/all/GCF/000/320/585/GCF_000320585.1_Heterobasidion_irregulare_v2.0/GCF_000320585.1_Heterobasidion_irregulare_v2.0_cds_from_genomic.fna.gz	https://ftp.ncbi.nlm.nih.gov/genomes/all/GCA/000/320/585/GCA_000320585.2_Heterobasidion_irregulare_v2.0/GCA_000320585.2_Heterobasidion_irregulare_v2.0_genomic.fna.gz	agaricomycetes	wasted_col
984962	https://ftp.ncbi.nlm.nih.gov/genomes/all/GCF/000/320/585/GCF_000320585.1_Heterobasidion_irregulare_v2.0/GCF_000320585.1_Heterobasidion_irregulare_v2.0_cds_from_genomic.fna.gz	https://ftp.ncbi.nlm.nih.gov/genomes/all/GCA/902/749/255/GCA_902749255.1_150EA/GCA_902749255.1_150EA_genomic.fna.gz	agaricomycetes	wasted_col
1047171	https://ftp.ncbi.nlm.nih.gov/genomes/all/GCF/000/219/625/GCF_000219625.1_MYCGR_v2.0/GCF_000219625.1_MYCGR_v2.0_cds_from_genomic.fna.gz	https://ftp.ncbi.nlm.nih.gov/genomes/all/GCA/002/937/415/GCA_002937415.1_ASM293741v1/GCA_002937415.1_ASM293741v1_genomic.fna.gz	capnodiales	wasted_col
1047171	https://ftp.ncbi.nlm.nih.gov/genomes/all/GCF/000/219/625/GCF_000219625.1_MYCGR_v2.0/GCF_000219625.1_MYCGR_v2.0_cds_from_genomic.fna.gz	https://ftp.ncbi.nlm.nih.gov/genomes/all/GCA/002/937/425/GCA_002937425.1_ASM293742v1/GCA_002937425.1_ASM293742v1_genomic.fna.gz	capnodiales	wasted_col
1047171	https://ftp.ncbi.nlm.nih.gov/genomes/all/GCF/000/219/625/GCF_000219625.1_MYCGR_v2.0/GCF_000219625.1_MYCGR_v2.0_cds_from_genomic.fna.gz	https://ftp.ncbi.nlm.nih.gov/genomes/all/GCA/902/712/725/GCA_902712725.1_ERS3651594/GCA_902712725.1_ERS3651594_genomic.fna.gz	capnodiales	wasted_col
1047171	https://ftp.ncbi.nlm.nih.gov/genomes/all/GCF/000/219/625/GCF_000219625.1_MYCGR_v2.0/GCF_000219625.1_MYCGR_v2.0_cds_from_genomic.fna.gz	https://ftp.ncbi.nlm.nih.gov/genomes/all/GCA/003/611/065/GCA_003611065.1_ASM361106v1/GCA_003611065.1_ASM361106v1_genomic.fna.gz	capnodiales	wasted_col
1047171	https://ftp.ncbi.nlm.nih.gov/genomes/all/GCF/000/219/625/GCF_000219625.1_MYCGR_v2.0/GCF_000219625.1_MYCGR_v2.0_cds_from_genomic.fna.gz	https://ftp.ncbi.nlm.nih.gov/genomes/all/GCA/900/184/115/GCA_900184115.1_ST99CH_1E4/GCA_900184115.1_ST99CH_1E4_genomic.fna.gz	capnodiales	wasted_col
1047171	https://ftp.ncbi.nlm.nih.gov/genomes/all/GCF/000/219/625/GCF_000219625.1_MYCGR_v2.0/GCF_000219625.1_MYCGR_v2.0_cds_from_genomic.fna.gz	https://ftp.ncbi.nlm.nih.gov/genomes/all/GCA/003/611/135/GCA_003611135.1_ASM361113v1/GCA_003611135.1_ASM361113v1_genomic.fna.gz	capnodiales	wasted_col
1047171	https://ftp.ncbi.nlm.nih.gov/genomes/all/GCF/000/219/625/GCF_000219625.1_MYCGR_v2.0/GCF_000219625.1_MYCGR_v2.0_cds_from_genomic.fna.gz	https://ftp.ncbi.nlm.nih.gov/genomes/all/GCA/000/223/625/GCA_000223625.2_ASM22362v2/GCA_000223625.2_ASM22362v2_genomic.fna.gz	capnodiales	wasted_col
1047171	https://ftp.ncbi.nlm.nih.gov/genomes/all/GCF/000/219/625/GCF_000219625.1_MYCGR_v2.0/GCF_000219625.1_MYCGR_v2.0_cds_from_genomic.fna.gz	https://ftp.ncbi.nlm.nih.gov/genomes/all/GCA/003/611/175/GCA_003611175.1_ASM361117v1/GCA_003611175.1_ASM361117v1_genomic.fna.gz	capnodiales	wasted_col
1047171	https://ftp.ncbi.nlm.nih.gov/genomes/all/GCF/000/219/625/GCF_000219625.1_MYCGR_v2.0/GCF_000219625.1_MYCGR_v2.0_cds_from_genomic.fna.gz	https://ftp.ncbi.nlm.nih.gov/genomes/all/GCA/900/099/495/GCA_900099495.1_ZT1A5_complete_assembly/GCA_900099495.1_ZT1A5_complete_assembly_genomic.fna.gz	capnodiales	wasted_col
1047171	https://ftp.ncbi.nlm.nih.gov/genomes/all/GCF/000/219/625/GCF_000219625.1_MYCGR_v2.0/GCF_000219625.1_MYCGR_v2.0_cds_from_genomic.fna.gz	https://ftp.ncbi.nlm.nih.gov/genomes/all/GCA/003/611/115/GCA_003611115.1_ASM361111v1/GCA_003611115.1_ASM361111v1_genomic.fna.gz	capnodiales	wasted_col
1069201	https://ftp.ncbi.nlm.nih.gov/genomes/all/GCF/016/861/625/GCF_016861625.1_AkawachiiIFO4308_assembly01/GCF_016861625.1_AkawachiiIFO4308_assembly01_cds_from_genomic.fna.gz	https://ftp.ncbi.nlm.nih.gov/genomes/all/GCA/016/860/445/GCA_016860445.1_AlucTK93_1.0/GCA_016860445.1_AlucTK93_1.0_genomic.fna.gz	eurotiales	wasted_col
1069201	https://ftp.ncbi.nlm.nih.gov/genomes/all/GCF/016/861/625/GCF_016861625.1_AkawachiiIFO4308_assembly01/GCF_016861625.1_AkawachiiIFO4308_assembly01_cds_from_genomic.fna.gz	https://ftp.ncbi.nlm.nih.gov/genomes/all/GCA/016/860/345/GCA_016860345.1_AlucTK88_1.0/GCA_016860345.1_AlucTK88_1.0_genomic.fna.gz	eurotiales	wasted_col
1069201	https://ftp.ncbi.nlm.nih.gov/genomes/all/GCF/016/861/625/GCF_016861625.1_AkawachiiIFO4308_assembly01/GCF_016861625.1_AkawachiiIFO4308_assembly01_cds_from_genomic.fna.gz	https://ftp.ncbi.nlm.nih.gov/genomes/all/GCA/016/860/365/GCA_016860365.1_AlucTK89_1.0/GCA_016860365.1_AlucTK89_1.0_genomic.fna.gz	eurotiales	wasted_col
1069201	https://ftp.ncbi.nlm.nih.gov/genomes/all/GCF/016/861/625/GCF_016861625.1_AkawachiiIFO4308_assembly01/GCF_016861625.1_AkawachiiIFO4308_assembly01_cds_from_genomic.fna.gz	https://ftp.ncbi.nlm.nih.gov/genomes/all/GCA/001/890/685/GCA_001890685.1_Aspfo1/GCA_001890685.1_Aspfo1_genomic.fna.gz	eurotiales	wasted_col
1069201	https://ftp.ncbi.nlm.nih.gov/genomes/all/GCF/016/861/625/GCF_016861625.1_AkawachiiIFO4308_assembly01/GCF_016861625.1_AkawachiiIFO4308_assembly01_cds_from_genomic.fna.gz	https://ftp.ncbi.nlm.nih.gov/genomes/all/GCA/016/861/625/GCA_016861625.1_AkawachiiIFO4308_assembly01/GCA_016861625.1_AkawachiiIFO4308_assembly01_genomic.fna.gz	eurotiales	wasted_col
1069201	https://ftp.ncbi.nlm.nih.gov/genomes/all/GCF/016/861/625/GCF_016861625.1_AkawachiiIFO4308_assembly01/GCF_016861625.1_AkawachiiIFO4308_assembly01_cds_from_genomic.fna.gz	https://ftp.ncbi.nlm.nih.gov/genomes/all/GCA/016/860/325/GCA_016860325.1_AlucTK87_1.0/GCA_016860325.1_AlucTK87_1.0_genomic.fna.gz	eurotiales	wasted_col
1069201	https://ftp.ncbi.nlm.nih.gov/genomes/all/GCF/016/861/625/GCF_016861625.1_AkawachiiIFO4308_assembly01/GCF_016861625.1_AkawachiiIFO4308_assembly01_cds_from_genomic.fna.gz	https://ftp.ncbi.nlm.nih.gov/genomes/all/GCA/001/602/395/GCA_001602395.1_AspL_2604/GCA_001602395.1_AspL_2604_genomic.fna.gz	eurotiales	wasted_col
1069201	https://ftp.ncbi.nlm.nih.gov/genomes/all/GCF/016/861/625/GCF_016861625.1_AkawachiiIFO4308_assembly01/GCF_016861625.1_AkawachiiIFO4308_assembly01_cds_from_genomic.fna.gz	https://ftp.ncbi.nlm.nih.gov/genomes/all/GCA/016/860/425/GCA_016860425.1_AlucTK92_1.0/GCA_016860425.1_AlucTK92_1.0_genomic.fna.gz	eurotiales	wasted_col
1069201	https://ftp.ncbi.nlm.nih.gov/genomes/all/GCF/016/861/625/GCF_016861625.1_AkawachiiIFO4308_assembly01/GCF_016861625.1_AkawachiiIFO4308_assembly01_cds_from_genomic.fna.gz	https://ftp.ncbi.nlm.nih.gov/genomes/all/GCA/016/860/405/GCA_016860405.1_AlucTK91_1.0/GCA_016860405.1_AlucTK91_1.0_genomic.fna.gz	eurotiales	wasted_col
1069201	https://ftp.ncbi.nlm.nih.gov/genomes/all/GCF/016/861/625/GCF_016861625.1_AkawachiiIFO4308_assembly01/GCF_016861625.1_AkawachiiIFO4308_assembly01_cds_from_genomic.fna.gz	https://ftp.ncbi.nlm.nih.gov/genomes/all/GCA/016/860/385/GCA_016860385.1_AlucTK90_1.0/GCA_016860385.1_AlucTK90_1.0_genomic.fna.gz	eurotiales	wasted_col
1708541	https://ftp.ncbi.nlm.nih.gov/genomes/all/GCF/000/263/375/GCF_000263375.1_Wallemia_sebi_v1.0/GCF_000263375.1_Wallemia_sebi_v1.0_cds_from_genomic.fna.gz	https://ftp.ncbi.nlm.nih.gov/genomes/all/GCA/004/918/725/GCA_004918725.1_ASM491872v1/GCA_004918725.1_ASM491872v1_genomic.fna.gz	basidiomycota	wasted_col
1708541	https://ftp.ncbi.nlm.nih.gov/genomes/all/GCF/000/263/375/GCF_000263375.1_Wallemia_sebi_v1.0/GCF_000263375.1_Wallemia_sebi_v1.0_cds_from_genomic.fna.gz	https://ftp.ncbi.nlm.nih.gov/genomes/all/GCA/004/918/635/GCA_004918635.1_ASM491863v1/GCA_004918635.1_ASM491863v1_genomic.fna.gz	basidiomycota	wasted_col
1708541	https://ftp.ncbi.nlm.nih.gov/genomes/all/GCF/000/263/375/GCF_000263375.1_Wallemia_sebi_v1.0/GCF_000263375.1_Wallemia_sebi_v1.0_cds_from_genomic.fna.gz	https://ftp.ncbi.nlm.nih.gov/genomes/all/GCA/004/918/155/GCA_004918155.1_ASM491815v1/GCA_004918155.1_ASM491815v1_genomic.fna.gz	basidiomycota	wasted_col
1708541	https://ftp.ncbi.nlm.nih.gov/genomes/all/GCF/000/263/375/GCF_000263375.1_Wallemia_sebi_v1.0/GCF_000263375.1_Wallemia_sebi_v1.0_cds_from_genomic.fna.gz	https://ftp.ncbi.nlm.nih.gov/genomes/all/GCA/004/919/005/GCA_004919005.1_ASM491900v1/GCA_004919005.1_ASM491900v1_genomic.fna.gz	basidiomycota	wasted_col
1708541	https://ftp.ncbi.nlm.nih.gov/genomes/all/GCF/000/263/375/GCF_000263375.1_Wallemia_sebi_v1.0/GCF_000263375.1_Wallemia_sebi_v1.0_cds_from_genomic.fna.gz	https://ftp.ncbi.nlm.nih.gov/genomes/all/GCA/004/918/005/GCA_004918005.1_ASM491800v1/GCA_004918005.1_ASM491800v1_genomic.fna.gz	basidiomycota	wasted_col
1708541	https://ftp.ncbi.nlm.nih.gov/genomes/all/GCF/000/263/375/GCF_000263375.1_Wallemia_sebi_v1.0/GCF_000263375.1_Wallemia_sebi_v1.0_cds_from_genomic.fna.gz	https://ftp.ncbi.nlm.nih.gov/genomes/all/GCA/004/918/525/GCA_004918525.1_ASM491852v1/GCA_004918525.1_ASM491852v1_genomic.fna.gz	basidiomycota	wasted_col
1708541	https://ftp.ncbi.nlm.nih.gov/genomes/all/GCF/000/263/375/GCF_000263375.1_Wallemia_sebi_v1.0/GCF_000263375.1_Wallemia_sebi_v1.0_cds_from_genomic.fna.gz	https://ftp.ncbi.nlm.nih.gov/genomes/all/GCA/004/918/835/GCA_004918835.1_ASM491883v1/GCA_004918835.1_ASM491883v1_genomic.fna.gz	basidiomycota	wasted_col
1708541	https://ftp.ncbi.nlm.nih.gov/genomes/all/GCF/000/263/375/GCF_000263375.1_Wallemia_sebi_v1.0/GCF_000263375.1_Wallemia_sebi_v1.0_cds_from_genomic.fna.gz	https://ftp.ncbi.nlm.nih.gov/genomes/all/GCA/004/917/975/GCA_004917975.1_ASM491797v1/GCA_004917975.1_ASM491797v1_genomic.fna.gz	basidiomycota	wasted_col
1708541	https://ftp.ncbi.nlm.nih.gov/genomes/all/GCF/000/263/375/GCF_000263375.1_Wallemia_sebi_v1.0/GCF_000263375.1_Wallemia_sebi_v1.0_cds_from_genomic.fna.gz	https://ftp.ncbi.nlm.nih.gov/genomes/all/GCA/004/918/795/GCA_004918795.1_ASM491879v1/GCA_004918795.1_ASM491879v1_genomic.fna.gz	basidiomycota	wasted_col
1708541	https://ftp.ncbi.nlm.nih.gov/genomes/all/GCF/000/263/375/GCF_000263375.1_Wallemia_sebi_v1.0/GCF_000263375.1_Wallemia_sebi_v1.0_cds_from_genomic.fna.gz	https://ftp.ncbi.nlm.nih.gov/genomes/all/GCA/004/918/485/GCA_004918485.1_ASM491848v1/GCA_004918485.1_ASM491848v1_genomic.fna.gz	basidiomycota	wasted_col
1937702	https://ftp.ncbi.nlm.nih.gov/genomes/all/GCF/019/207/285/GCF_019207285.1_ASM1920728v1/GCF_019207285.1_ASM1920728v1_cds_from_genomic.fna.gz	https://ftp.ncbi.nlm.nih.gov/genomes/all/GCA/019/207/175/GCA_019207175.1_ASM1920717v1/GCA_019207175.1_ASM1920717v1_genomic.fna.gz	saccharomycetes	wasted_col
1937702	https://ftp.ncbi.nlm.nih.gov/genomes/all/GCF/019/207/285/GCF_019207285.1_ASM1920728v1/GCF_019207285.1_ASM1920728v1_cds_from_genomic.fna.gz	https://ftp.ncbi.nlm.nih.gov/genomes/all/GCA/019/206/905/GCA_019206905.1_ASM1920690v1/GCA_019206905.1_ASM1920690v1_genomic.fna.gz	saccharomycetes	wasted_col
1937702	https://ftp.ncbi.nlm.nih.gov/genomes/all/GCF/019/207/285/GCF_019207285.1_ASM1920728v1/GCF_019207285.1_ASM1920728v1_cds_from_genomic.fna.gz	https://ftp.ncbi.nlm.nih.gov/genomes/all/GCA/019/207/405/GCA_019207405.1_ASM1920740v1/GCA_019207405.1_ASM1920740v1_genomic.fna.gz	saccharomycetes	wasted_col
1937702	https://ftp.ncbi.nlm.nih.gov/genomes/all/GCF/019/207/285/GCF_019207285.1_ASM1920728v1/GCF_019207285.1_ASM1920728v1_cds_from_genomic.fna.gz	https://ftp.ncbi.nlm.nih.gov/genomes/all/GCA/019/207/005/GCA_019207005.1_ASM1920700v1/GCA_019207005.1_ASM1920700v1_genomic.fna.gz	saccharomycetes	wasted_col
1937702	https://ftp.ncbi.nlm.nih.gov/genomes/all/GCF/019/207/285/GCF_019207285.1_ASM1920728v1/GCF_019207285.1_ASM1920728v1_cds_from_genomic.fna.gz	https://ftp.ncbi.nlm.nih.gov/genomes/all/GCA/019/207/265/GCA_019207265.1_ASM1920726v1/GCA_019207265.1_ASM1920726v1_genomic.fna.gz	saccharomycetes	wasted_col
1937702	https://ftp.ncbi.nlm.nih.gov/genomes/all/GCF/019/207/285/GCF_019207285.1_ASM1920728v1/GCF_019207285.1_ASM1920728v1_cds_from_genomic.fna.gz	https://ftp.ncbi.nlm.nih.gov/genomes/all/GCA/019/206/915/GCA_019206915.1_ASM1920691v1/GCA_019206915.1_ASM1920691v1_genomic.fna.gz	saccharomycetes	wasted_col
1937702	https://ftp.ncbi.nlm.nih.gov/genomes/all/GCF/019/207/285/GCF_019207285.1_ASM1920728v1/GCF_019207285.1_ASM1920728v1_cds_from_genomic.fna.gz	https://ftp.ncbi.nlm.nih.gov/genomes/all/GCA/019/207/125/GCA_019207125.1_ASM1920712v1/GCA_019207125.1_ASM1920712v1_genomic.fna.gz	saccharomycetes	wasted_col
1937702	https://ftp.ncbi.nlm.nih.gov/genomes/all/GCF/019/207/285/GCF_019207285.1_ASM1920728v1/GCF_019207285.1_ASM1920728v1_cds_from_genomic.fna.gz	https://ftp.ncbi.nlm.nih.gov/genomes/all/GCA/019/207/415/GCA_019207415.1_ASM1920741v1/GCA_019207415.1_ASM1920741v1_genomic.fna.gz	saccharomycetes	wasted_col
1937702	https://ftp.ncbi.nlm.nih.gov/genomes/all/GCF/019/207/285/GCF_019207285.1_ASM1920728v1/GCF_019207285.1_ASM1920728v1_cds_from_genomic.fna.gz	https://ftp.ncbi.nlm.nih.gov/genomes/all/GCA/019/206/985/GCA_019206985.1_ASM1920698v1/GCA_019206985.1_ASM1920698v1_genomic.fna.gz	saccharomycetes	wasted_col
1937702	https://ftp.ncbi.nlm.nih.gov/genomes/all/GCF/019/207/285/GCF_019207285.1_ASM1920728v1/GCF_019207285.1_ASM1920728v1_cds_from_genomic.fna.gz	https://ftp.ncbi.nlm.nih.gov/genomes/all/GCA/019/207/435/GCA_019207435.1_ASM1920743v1/GCA_019207435.1_ASM1920743v1_genomic.fna.gz	saccharomycetes	wasted_col
2813651	https://ftp.ncbi.nlm.nih.gov/genomes/all/GCF/000/225/545/GCF_000225545.1_AOL24927_1.0/GCF_000225545.1_AOL24927_1.0_cds_from_genomic.fna.gz	https://ftp.ncbi.nlm.nih.gov/genomes/all/GCA/011/066/735/GCA_011066735.1_ASM1106673v1/GCA_011066735.1_ASM1106673v1_genomic.fna.gz	ascomycota	wasted_col
2813651	https://ftp.ncbi.nlm.nih.gov/genomes/all/GCF/000/225/545/GCF_000225545.1_AOL24927_1.0/GCF_000225545.1_AOL24927_1.0_cds_from_genomic.fna.gz	https://ftp.ncbi.nlm.nih.gov/genomes/all/GCA/011/066/585/GCA_011066585.1_ASM1106658v1/GCA_011066585.1_ASM1106658v1_genomic.fna.gz	ascomycota	wasted_col
2813651	https://ftp.ncbi.nlm.nih.gov/genomes/all/GCF/000/225/545/GCF_000225545.1_AOL24927_1.0/GCF_000225545.1_AOL24927_1.0_cds_from_genomic.fna.gz	https://ftp.ncbi.nlm.nih.gov/genomes/all/GCA/011/068/445/GCA_011068445.1_ASM1106844v1/GCA_011068445.1_ASM1106844v1_genomic.fna.gz	ascomycota	wasted_col
2813651	https://ftp.ncbi.nlm.nih.gov/genomes/all/GCF/000/225/545/GCF_000225545.1_AOL24927_1.0/GCF_000225545.1_AOL24927_1.0_cds_from_genomic.fna.gz	https://ftp.ncbi.nlm.nih.gov/genomes/all/GCA/011/066/715/GCA_011066715.1_ASM1106671v1/GCA_011066715.1_ASM1106671v1_genomic.fna.gz	ascomycota	wasted_col
2813651	https://ftp.ncbi.nlm.nih.gov/genomes/all/GCF/000/225/545/GCF_000225545.1_AOL24927_1.0/GCF_000225545.1_AOL24927_1.0_cds_from_genomic.fna.gz	https://ftp.ncbi.nlm.nih.gov/genomes/all/GCA/004/768/765/GCA_004768765.1_ASM476876v1/GCA_004768765.1_ASM476876v1_genomic.fna.gz	ascomycota	wasted_col
2813651	https://ftp.ncbi.nlm.nih.gov/genomes/all/GCF/000/225/545/GCF_000225545.1_AOL24927_1.0/GCF_000225545.1_AOL24927_1.0_cds_from_genomic.fna.gz	https://ftp.ncbi.nlm.nih.gov/genomes/all/GCA/011/066/875/GCA_011066875.1_ASM1106687v1/GCA_011066875.1_ASM1106687v1_genomic.fna.gz	ascomycota	wasted_col
2813651	https://ftp.ncbi.nlm.nih.gov/genomes/all/GCF/000/225/545/GCF_000225545.1_AOL24927_1.0/GCF_000225545.1_AOL24927_1.0_cds_from_genomic.fna.gz	https://ftp.ncbi.nlm.nih.gov/genomes/all/GCA/011/066/905/GCA_011066905.1_ASM1106690v1/GCA_011066905.1_ASM1106690v1_genomic.fna.gz	ascomycota	wasted_col
2813651	https://ftp.ncbi.nlm.nih.gov/genomes/all/GCF/000/225/545/GCF_000225545.1_AOL24927_1.0/GCF_000225545.1_AOL24927_1.0_cds_from_genomic.fna.gz	https://ftp.ncbi.nlm.nih.gov/genomes/all/GCA/011/066/795/GCA_011066795.1_ASM1106679v1/GCA_011066795.1_ASM1106679v1_genomic.fna.gz	ascomycota	wasted_col
2813651	https://ftp.ncbi.nlm.nih.gov/genomes/all/GCF/000/225/545/GCF_000225545.1_AOL24927_1.0/GCF_000225545.1_AOL24927_1.0_cds_from_genomic.fna.gz	https://ftp.ncbi.nlm.nih.gov/genomes/all/GCA/011/066/745/GCA_011066745.1_ASM1106674v1/GCA_011066745.1_ASM1106674v1_genomic.fna.gz	ascomycota	wasted_col
2813651	https://ftp.ncbi.nlm.nih.gov/genomes/all/GCF/000/225/545/GCF_000225545.1_AOL24927_1.0/GCF_000225545.1_AOL24927_1.0_cds_from_genomic.fna.gz	https://ftp.ncbi.nlm.nih.gov/genomes/all/GCA/011/066/595/GCA_011066595.1_ASM1106659v1/GCA_011066595.1_ASM1106659v1_genomic.fna.gz	ascomycota	wasted_col