3702	https://ftp.ncbi.nlm.nih.gov/genomes/all/GCF/000/001/735/GCF_000001735.4_TAIR10.1/GCF_000001735.4_TAIR10.1_cds_from_genomic.fna.gz	https://ftp.ncbi.nlm.nih.gov/genomes/all/GCA/903/064/315/GCA_903064315.1_AT6911.Cvi-0.contigs/GCA_903064315.1_AT6911.Cvi-0.contigs_genomic.fna.gz	brassicales	waste_col
3702	https://ftp.ncbi.nlm.nih.gov/genomes/all/GCF/000/001/735/GCF_000001735.4_TAIR10.1/GCF_000001735.4_TAIR10.1_cds_from_genomic.fna.gz	https://ftp.ncbi.nlm.nih.gov/genomes/all/GCA/902/460/275/GCA_902460275.1_Arabidopsis_thaliana_Cvi-0/GCA_902460275.1_Arabidopsis_thaliana_Cvi-0_genomic.fna.gz	brassicales	waste_col
3702	https://ftp.ncbi.nlm.nih.gov/genomes/all/GCF/000/001/735/GCF_000001735.4_TAIR10.1/GCF_000001735.4_TAIR10.1_cds_from_genomic.fna.gz	https://ftp.ncbi.nlm.nih.gov/genomes/all/GCA/904/420/315/GCA_904420315.1_AT9943.Cdm-0.scaffold/GCA_904420315.1_AT9943.Cdm-0.scaffold_genomic.fna.gz	brassicales	waste_col
3702	https://ftp.ncbi.nlm.nih.gov/genomes/all/GCF/000/001/735/GCF_000001735.4_TAIR10.1/GCF_000001735.4_TAIR10.1_cds_from_genomic.fna.gz	https://ftp.ncbi.nlm.nih.gov/genomes/all/GCA/902/460/265/GCA_902460265.3_Arabidopsis_thaliana_An-1_chrom/GCA_902460265.3_Arabidopsis_thaliana_An-1_chrom_genomic.fna.gz	brassicales	waste_col
3702	https://ftp.ncbi.nlm.nih.gov/genomes/all/GCF/000/001/735/GCF_000001735.4_TAIR10.1/GCF_000001735.4_TAIR10.1_cds_from_genomic.fna.gz	https://ftp.ncbi.nlm.nih.gov/genomes/all/GCA/902/460/285/GCA_902460285.1_Arabidopsis_thaliana_Ler/GCA_902460285.1_Arabidopsis_thaliana_Ler_genomic.fna.gz	brassicales	waste_col
3702	https://ftp.ncbi.nlm.nih.gov/genomes/all/GCF/000/001/735/GCF_000001735.4_TAIR10.1/GCF_000001735.4_TAIR10.1_cds_from_genomic.fna.gz	https://ftp.ncbi.nlm.nih.gov/genomes/all/GCA/000/222/325/GCA_000222325.1_Bur-0_2010-09-30/GCA_000222325.1_Bur-0_2010-09-30_genomic.fna.gz	brassicales	waste_col
3702	https://ftp.ncbi.nlm.nih.gov/genomes/all/GCF/000/001/735/GCF_000001735.4_TAIR10.1/GCF_000001735.4_TAIR10.1_cds_from_genomic.fna.gz	https://ftp.ncbi.nlm.nih.gov/genomes/all/GCA/020/911/765/GCA_020911765.1_ASM2091176v1/GCA_020911765.1_ASM2091176v1_genomic.fna.gz	brassicales	waste_col
3702	https://ftp.ncbi.nlm.nih.gov/genomes/all/GCF/000/001/735/GCF_000001735.4_TAIR10.1/GCF_000001735.4_TAIR10.1_cds_from_genomic.fna.gz	https://ftp.ncbi.nlm.nih.gov/genomes/all/GCA/900/303/345/GCA_900303345.1_PBfal_IT4/GCA_900303345.1_PBfal_IT4_genomic.fna.gz	brassicales	waste_col
3702	https://ftp.ncbi.nlm.nih.gov/genomes/all/GCF/000/001/735/GCF_000001735.4_TAIR10.1/GCF_000001735.4_TAIR10.1_cds_from_genomic.fna.gz	https://ftp.ncbi.nlm.nih.gov/genomes/all/GCA/900/243/955/GCA_900243955.1_SALK_oxford_assembly/GCA_900243955.1_SALK_oxford_assembly_genomic.fna.gz	brassicales	waste_col
3702	https://ftp.ncbi.nlm.nih.gov/genomes/all/GCF/000/001/735/GCF_000001735.4_TAIR10.1/GCF_000001735.4_TAIR10.1_cds_from_genomic.fna.gz	https://ftp.ncbi.nlm.nih.gov/genomes/all/GCA/903/064/285/GCA_903064285.1_AT1741.KBS-Mac-74.PacBio/GCA_903064285.1_AT1741.KBS-Mac-74.PacBio_genomic.fna.gz	brassicales	waste_col
3483	https://ftp.ncbi.nlm.nih.gov/genomes/all/GCF/900/626/175/GCF_900626175.2_cs10/GCF_900626175.2_cs10_cds_from_genomic.fna.gz	https://ftp.ncbi.nlm.nih.gov/genomes/all/GCA/001/509/995/GCA_001509995.1_Chemdog91_175268/GCA_001509995.1_Chemdog91_175268_genomic.fna.gz	eudicots	waste_col
3483	https://ftp.ncbi.nlm.nih.gov/genomes/all/GCF/900/626/175/GCF_900626175.2_cs10/GCF_900626175.2_cs10_cds_from_genomic.fna.gz	https://ftp.ncbi.nlm.nih.gov/genomes/all/GCA/012/923/435/GCA_012923435.1_JL_Mother/GCA_012923435.1_JL_Mother_genomic.fna.gz	eudicots	waste_col
3483	https://ftp.ncbi.nlm.nih.gov/genomes/all/GCF/900/626/175/GCF_900626175.2_cs10/GCF_900626175.2_cs10_cds_from_genomic.fna.gz	https://ftp.ncbi.nlm.nih.gov/genomes/all/GCA/003/660/325/GCA_003660325.2_Oct15_3.7Mb_N50_Jamaican_Lion_Assembly/GCA_003660325.2_Oct15_3.7Mb_N50_Jamaican_Lion_Assembly_genomic.fna.gz	eudicots	waste_col
3483	https://ftp.ncbi.nlm.nih.gov/genomes/all/GCF/900/626/175/GCF_900626175.2_cs10/GCF_900626175.2_cs10_cds_from_genomic.fna.gz	https://ftp.ncbi.nlm.nih.gov/genomes/all/GCA/013/030/365/GCA_013030365.1_ASM1303036v1/GCA_013030365.1_ASM1303036v1_genomic.fna.gz	eudicots	waste_col
3483	https://ftp.ncbi.nlm.nih.gov/genomes/all/GCF/900/626/175/GCF_900626175.2_cs10/GCF_900626175.2_cs10_cds_from_genomic.fna.gz	https://ftp.ncbi.nlm.nih.gov/genomes/all/GCA/001/865/755/GCA_001865755.1_ASM186575v1/GCA_001865755.1_ASM186575v1_genomic.fna.gz	eudicots	waste_col
3483	https://ftp.ncbi.nlm.nih.gov/genomes/all/GCF/900/626/175/GCF_900626175.2_cs10/GCF_900626175.2_cs10_cds_from_genomic.fna.gz	https://ftp.ncbi.nlm.nih.gov/genomes/all/GCA/003/417/725/GCA_003417725.2_ASM341772v2/GCA_003417725.2_ASM341772v2_genomic.fna.gz	eudicots	waste_col
3483	https://ftp.ncbi.nlm.nih.gov/genomes/all/GCF/900/626/175/GCF_900626175.2_cs10/GCF_900626175.2_cs10_cds_from_genomic.fna.gz	https://ftp.ncbi.nlm.nih.gov/genomes/all/GCA/002/090/435/GCA_002090435.1_ASM209043v1/GCA_002090435.1_ASM209043v1_genomic.fna.gz	eudicots	waste_col
3483	https://ftp.ncbi.nlm.nih.gov/genomes/all/GCF/900/626/175/GCF_900626175.2_cs10/GCF_900626175.2_cs10_cds_from_genomic.fna.gz	https://ftp.ncbi.nlm.nih.gov/genomes/all/GCA/000/230/575/GCA_000230575.5_ASM23057v5/GCA_000230575.5_ASM23057v5_genomic.fna.gz	eudicots	waste_col
3483	https://ftp.ncbi.nlm.nih.gov/genomes/all/GCF/900/626/175/GCF_900626175.2_cs10/GCF_900626175.2_cs10_cds_from_genomic.fna.gz	https://ftp.ncbi.nlm.nih.gov/genomes/all/GCA/016/415/525/GCA_016415525.1_JL5/GCA_016415525.1_JL5_genomic.fna.gz	eudicots	waste_col
3483	https://ftp.ncbi.nlm.nih.gov/genomes/all/GCF/900/626/175/GCF_900626175.2_cs10/GCF_900626175.2_cs10_cds_from_genomic.fna.gz	https://ftp.ncbi.nlm.nih.gov/genomes/all/GCA/013/030/025/GCA_013030025.1_JL_Father/GCA_013030025.1_JL_Father_genomic.fna.gz	eudicots	waste_col
2711	https://ftp.ncbi.nlm.nih.gov/genomes/all/GCF/000/317/415/GCF_000317415.1_Csi_valencia_1.0/GCF_000317415.1_Csi_valencia_1.0_cds_from_genomic.fna.gz	https://ftp.ncbi.nlm.nih.gov/genomes/all/GCA/018/104/345/GCA_018104345.1_ASM1810434v1/GCA_018104345.1_ASM1810434v1_genomic.fna.gz	eudicots	waste_col
2711	https://ftp.ncbi.nlm.nih.gov/genomes/all/GCF/000/317/415/GCF_000317415.1_Csi_valencia_1.0/GCF_000317415.1_Csi_valencia_1.0_cds_from_genomic.fna.gz	https://ftp.ncbi.nlm.nih.gov/genomes/all/GCA/019/143/665/GCA_019143665.1_ASM1914366v1/GCA_019143665.1_ASM1914366v1_genomic.fna.gz	eudicots	waste_col
2711	https://ftp.ncbi.nlm.nih.gov/genomes/all/GCF/000/317/415/GCF_000317415.1_Csi_valencia_1.0/GCF_000317415.1_Csi_valencia_1.0_cds_from_genomic.fna.gz	https://ftp.ncbi.nlm.nih.gov/genomes/all/GCA/019/144/245/GCA_019144245.1_ASM1914424v1/GCA_019144245.1_ASM1914424v1_genomic.fna.gz	eudicots	waste_col
2711	https://ftp.ncbi.nlm.nih.gov/genomes/all/GCF/000/317/415/GCF_000317415.1_Csi_valencia_1.0/GCF_000317415.1_Csi_valencia_1.0_cds_from_genomic.fna.gz	https://ftp.ncbi.nlm.nih.gov/genomes/all/GCA/019/144/225/GCA_019144225.1_ASM1914422v1/GCA_019144225.1_ASM1914422v1_genomic.fna.gz	eudicots	waste_col
2711	https://ftp.ncbi.nlm.nih.gov/genomes/all/GCF/000/317/415/GCF_000317415.1_Csi_valencia_1.0/GCF_000317415.1_Csi_valencia_1.0_cds_from_genomic.fna.gz	https://ftp.ncbi.nlm.nih.gov/genomes/all/GCA/019/144/185/GCA_019144185.1_ASM1914418v1/GCA_019144185.1_ASM1914418v1_genomic.fna.gz	eudicots	waste_col
2711	https://ftp.ncbi.nlm.nih.gov/genomes/all/GCF/000/317/415/GCF_000317415.1_Csi_valencia_1.0/GCF_000317415.1_Csi_valencia_1.0_cds_from_genomic.fna.gz	https://ftp.ncbi.nlm.nih.gov/genomes/all/GCA/018/105/775/GCA_018105775.1_ASM1810577v1/GCA_018105775.1_ASM1810577v1_genomic.fna.gz	eudicots	waste_col
2711	https://ftp.ncbi.nlm.nih.gov/genomes/all/GCF/000/317/415/GCF_000317415.1_Csi_valencia_1.0/GCF_000317415.1_Csi_valencia_1.0_cds_from_genomic.fna.gz	https://ftp.ncbi.nlm.nih.gov/genomes/all/GCA/022/201/065/GCA_022201065.1_DVS_B1.0/GCA_022201065.1_DVS_B1.0_genomic.fna.gz	eudicots	waste_col
2711	https://ftp.ncbi.nlm.nih.gov/genomes/all/GCF/000/317/415/GCF_000317415.1_Csi_valencia_1.0/GCF_000317415.1_Csi_valencia_1.0_cds_from_genomic.fna.gz	https://ftp.ncbi.nlm.nih.gov/genomes/all/GCA/019/144/195/GCA_019144195.1_ASM1914419v1/GCA_019144195.1_ASM1914419v1_genomic.fna.gz	eudicots	waste_col
2711	https://ftp.ncbi.nlm.nih.gov/genomes/all/GCF/000/317/415/GCF_000317415.1_Csi_valencia_1.0/GCF_000317415.1_Csi_valencia_1.0_cds_from_genomic.fna.gz	https://ftp.ncbi.nlm.nih.gov/genomes/all/GCA/022/201/045/GCA_022201045.1_DVS_A1.0/GCA_022201045.1_DVS_A1.0_genomic.fna.gz	eudicots	waste_col
2711	https://ftp.ncbi.nlm.nih.gov/genomes/all/GCF/000/317/415/GCF_000317415.1_Csi_valencia_1.0/GCF_000317415.1_Csi_valencia_1.0_cds_from_genomic.fna.gz	https://ftp.ncbi.nlm.nih.gov/genomes/all/GCA/019/144/155/GCA_019144155.1_ASM1914415v1/GCA_019144155.1_ASM1914415v1_genomic.fna.gz	eudicots	waste_col
3659	https://ftp.ncbi.nlm.nih.gov/genomes/all/GCF/000/004/075/GCF_000004075.3_Cucumber_9930_V3/GCF_000004075.3_Cucumber_9930_V3_cds_from_genomic.fna.gz	https://ftp.ncbi.nlm.nih.gov/genomes/all/GCA/016/161/715/GCA_016161715.1_W8_PacBio_assembly/GCA_016161715.1_W8_PacBio_assembly_genomic.fna.gz	eudicots	waste_col
3659	https://ftp.ncbi.nlm.nih.gov/genomes/all/GCF/000/004/075/GCF_000004075.3_Cucumber_9930_V3/GCF_000004075.3_Cucumber_9930_V3_cds_from_genomic.fna.gz	https://ftp.ncbi.nlm.nih.gov/genomes/all/GCA/016/163/705/GCA_016163705.1_Gy14_PacBio_assembly/GCA_016163705.1_Gy14_PacBio_assembly_genomic.fna.gz	eudicots	waste_col
3659	https://ftp.ncbi.nlm.nih.gov/genomes/all/GCF/000/004/075/GCF_000004075.3_Cucumber_9930_V3/GCF_000004075.3_Cucumber_9930_V3_cds_from_genomic.fna.gz	https://ftp.ncbi.nlm.nih.gov/genomes/all/GCA/016/161/885/GCA_016161885.1_Cuc37_PacBio_assembly/GCA_016161885.1_Cuc37_PacBio_assembly_genomic.fna.gz	eudicots	waste_col
3659	https://ftp.ncbi.nlm.nih.gov/genomes/all/GCF/000/004/075/GCF_000004075.3_Cucumber_9930_V3/GCF_000004075.3_Cucumber_9930_V3_cds_from_genomic.fna.gz	https://ftp.ncbi.nlm.nih.gov/genomes/all/GCA/016/163/745/GCA_016163745.1_XTMC_PacBio_assembly/GCA_016163745.1_XTMC_PacBio_assembly_genomic.fna.gz	eudicots	waste_col
3659	https://ftp.ncbi.nlm.nih.gov/genomes/all/GCF/000/004/075/GCF_000004075.3_Cucumber_9930_V3/GCF_000004075.3_Cucumber_9930_V3_cds_from_genomic.fna.gz	https://ftp.ncbi.nlm.nih.gov/genomes/all/GCA/016/161/805/GCA_016161805.1_Cuc64_PacBio_assembly/GCA_016161805.1_Cuc64_PacBio_assembly_genomic.fna.gz	eudicots	waste_col
3659	https://ftp.ncbi.nlm.nih.gov/genomes/all/GCF/000/004/075/GCF_000004075.3_Cucumber_9930_V3/GCF_000004075.3_Cucumber_9930_V3_cds_from_genomic.fna.gz	https://ftp.ncbi.nlm.nih.gov/genomes/all/GCA/016/161/855/GCA_016161855.1_Cuc80_PacBio_assembly/GCA_016161855.1_Cuc80_PacBio_assembly_genomic.fna.gz	eudicots	waste_col
3659	https://ftp.ncbi.nlm.nih.gov/genomes/all/GCF/000/004/075/GCF_000004075.3_Cucumber_9930_V3/GCF_000004075.3_Cucumber_9930_V3_cds_from_genomic.fna.gz	https://ftp.ncbi.nlm.nih.gov/genomes/all/GCA/000/224/045/GCA_000224045.1_CSB10A_v1/GCA_000224045.1_CSB10A_v1_genomic.fna.gz	eudicots	waste_col
3659	https://ftp.ncbi.nlm.nih.gov/genomes/all/GCF/000/004/075/GCF_000004075.3_Cucumber_9930_V3/GCF_000004075.3_Cucumber_9930_V3_cds_from_genomic.fna.gz	https://ftp.ncbi.nlm.nih.gov/genomes/all/GCA/016/161/875/GCA_016161875.1_9110gt_PacBio_assembly/GCA_016161875.1_9110gt_PacBio_assembly_genomic.fna.gz	eudicots	waste_col
3659	https://ftp.ncbi.nlm.nih.gov/genomes/all/GCF/000/004/075/GCF_000004075.3_Cucumber_9930_V3/GCF_000004075.3_Cucumber_9930_V3_cds_from_genomic.fna.gz	https://ftp.ncbi.nlm.nih.gov/genomes/all/GCA/016/161/765/GCA_016161765.1_Hx117_PacBio_assembly/GCA_016161765.1_Hx117_PacBio_assembly_genomic.fna.gz	eudicots	waste_col
3659	https://ftp.ncbi.nlm.nih.gov/genomes/all/GCF/000/004/075/GCF_000004075.3_Cucumber_9930_V3/GCF_000004075.3_Cucumber_9930_V3_cds_from_genomic.fna.gz	https://ftp.ncbi.nlm.nih.gov/genomes/all/GCA/016/161/785/GCA_016161785.1_W4_PacBio_assembly/GCA_016161785.1_W4_PacBio_assembly_genomic.fna.gz	eudicots	waste_col
3847	https://ftp.ncbi.nlm.nih.gov/genomes/all/GCF/000/004/515/GCF_000004515.6_Glycine_max_v4.0/GCF_000004515.6_Glycine_max_v4.0_cds_from_genomic.fna.gz	https://ftp.ncbi.nlm.nih.gov/genomes/all/GCA/021/733/175/GCA_021733175.1_JD17_chr_final/GCA_021733175.1_JD17_chr_final_genomic.fna.gz	fabales	waste_col
3847	https://ftp.ncbi.nlm.nih.gov/genomes/all/GCF/000/004/515/GCF_000004515.6_Glycine_max_v4.0/GCF_000004515.6_Glycine_max_v4.0_cds_from_genomic.fna.gz	https://ftp.ncbi.nlm.nih.gov/genomes/all/GCA/014/282/065/GCA_014282065.1_WHFS_GmHF25_1.0/GCA_014282065.1_WHFS_GmHF25_1.0_genomic.fna.gz	fabales	waste_col
3847	https://ftp.ncbi.nlm.nih.gov/genomes/all/GCF/000/004/515/GCF_000004515.6_Glycine_max_v4.0/GCF_000004515.6_Glycine_max_v4.0_cds_from_genomic.fna.gz	https://ftp.ncbi.nlm.nih.gov/genomes/all/GCA/001/269/945/GCA_001269945.2_Glycine_max_Enrei_2.0/GCA_001269945.2_Glycine_max_Enrei_2.0_genomic.fna.gz	fabales	waste_col
3847	https://ftp.ncbi.nlm.nih.gov/genomes/all/GCF/000/004/515/GCF_000004515.6_Glycine_max_v4.0/GCF_000004515.6_Glycine_max_v4.0_cds_from_genomic.fna.gz	https://ftp.ncbi.nlm.nih.gov/genomes/all/GCA/022/114/995/GCA_022114995.1_ASM2211499v1/GCA_022114995.1_ASM2211499v1_genomic.fna.gz	fabales	waste_col
3847	https://ftp.ncbi.nlm.nih.gov/genomes/all/GCF/000/004/515/GCF_000004515.6_Glycine_max_v4.0/GCF_000004515.6_Glycine_max_v4.0_cds_from_genomic.fna.gz	https://ftp.ncbi.nlm.nih.gov/genomes/all/GCA/014/282/075/GCA_014282075.1_WHFS_GmZH35_1.0/GCA_014282075.1_WHFS_GmZH35_1.0_genomic.fna.gz	fabales	waste_col
3847	https://ftp.ncbi.nlm.nih.gov/genomes/all/GCF/000/004/515/GCF_000004515.6_Glycine_max_v4.0/GCF_000004515.6_Glycine_max_v4.0_cds_from_genomic.fna.gz	https://ftp.ncbi.nlm.nih.gov/genomes/all/GCA/002/905/335/GCA_002905335.2_glyma.Lee.gnm1/GCA_002905335.2_glyma.Lee.gnm1_genomic.fna.gz	fabales	waste_col
3847	https://ftp.ncbi.nlm.nih.gov/genomes/all/GCF/000/004/515/GCF_000004515.6_Glycine_max_v4.0/GCF_000004515.6_Glycine_max_v4.0_cds_from_genomic.fna.gz	https://ftp.ncbi.nlm.nih.gov/genomes/all/GCA/014/282/185/GCA_014282185.1_WHFS_GmW82_1.0/GCA_014282185.1_WHFS_GmW82_1.0_genomic.fna.gz	fabales	waste_col
3847	https://ftp.ncbi.nlm.nih.gov/genomes/all/GCF/000/004/515/GCF_000004515.6_Glycine_max_v4.0/GCF_000004515.6_Glycine_max_v4.0_cds_from_genomic.fna.gz	https://ftp.ncbi.nlm.nih.gov/genomes/all/GCA/014/282/145/GCA_014282145.1_WHFS_GmHX3_1.0/GCA_014282145.1_WHFS_GmHX3_1.0_genomic.fna.gz	fabales	waste_col
3847	https://ftp.ncbi.nlm.nih.gov/genomes/all/GCF/000/004/515/GCF_000004515.6_Glycine_max_v4.0/GCF_000004515.6_Glycine_max_v4.0_cds_from_genomic.fna.gz	https://ftp.ncbi.nlm.nih.gov/genomes/all/GCA/014/282/085/GCA_014282085.1_WHFS_GmZH13_1.0/GCA_014282085.1_WHFS_GmZH13_1.0_genomic.fna.gz	fabales	waste_col
3847	https://ftp.ncbi.nlm.nih.gov/genomes/all/GCF/000/004/515/GCF_000004515.6_Glycine_max_v4.0/GCF_000004515.6_Glycine_max_v4.0_cds_from_genomic.fna.gz	https://ftp.ncbi.nlm.nih.gov/genomes/all/GCA/003/349/995/GCA_003349995.2_Gmax_ZH13_v2.0/GCA_003349995.2_Gmax_ZH13_v2.0_genomic.fna.gz	fabales	waste_col
4513	https://ftp.ncbi.nlm.nih.gov/genomes/all/GCF/904/849/725/GCF_904849725.1_MorexV3_pseudomolecules_assembly/GCF_904849725.1_MorexV3_pseudomolecules_assembly_cds_from_genomic.fna.gz	https://ftp.ncbi.nlm.nih.gov/genomes/all/GCA/004/114/815/GCA_004114815.1_Hulless_Barley_ass.V2/GCA_004114815.1_Hulless_Barley_ass.V2_genomic.fna.gz	poales	waste_col
4513	https://ftp.ncbi.nlm.nih.gov/genomes/all/GCF/904/849/725/GCF_904849725.1_MorexV3_pseudomolecules_assembly/GCF_904849725.1_MorexV3_pseudomolecules_assembly_cds_from_genomic.fna.gz	https://ftp.ncbi.nlm.nih.gov/genomes/all/GCA/900/067/815/GCA_900067815.1_563_D_assembled_ctg_200/GCA_900067815.1_563_D_assembled_ctg_200_genomic.fna.gz	poales	waste_col
4513	https://ftp.ncbi.nlm.nih.gov/genomes/all/GCF/904/849/725/GCF_904849725.1_MorexV3_pseudomolecules_assembly/GCF_904849725.1_MorexV3_pseudomolecules_assembly_cds_from_genomic.fna.gz	https://ftp.ncbi.nlm.nih.gov/genomes/all/GCA/900/067/795/GCA_900067795.1_563_B_assembled_ctg_200/GCA_900067795.1_563_B_assembled_ctg_200_genomic.fna.gz	poales	waste_col
4513	https://ftp.ncbi.nlm.nih.gov/genomes/all/GCF/904/849/725/GCF_904849725.1_MorexV3_pseudomolecules_assembly/GCF_904849725.1_MorexV3_pseudomolecules_assembly_cds_from_genomic.fna.gz	https://ftp.ncbi.nlm.nih.gov/genomes/all/GCA/900/067/805/GCA_900067805.1_563_C_assembled_ctg_200/GCA_900067805.1_563_C_assembled_ctg_200_genomic.fna.gz	poales	waste_col
4513	https://ftp.ncbi.nlm.nih.gov/genomes/all/GCF/904/849/725/GCF_904849725.1_MorexV3_pseudomolecules_assembly/GCF_904849725.1_MorexV3_pseudomolecules_assembly_cds_from_genomic.fna.gz	https://ftp.ncbi.nlm.nih.gov/genomes/all/GCA/900/075/435/GCA_900075435.2_barley_BACs_2/GCA_900075435.2_barley_BACs_2_genomic.fna.gz	poales	waste_col
4513	https://ftp.ncbi.nlm.nih.gov/genomes/all/GCF/904/849/725/GCF_904849725.1_MorexV3_pseudomolecules_assembly/GCF_904849725.1_MorexV3_pseudomolecules_assembly_cds_from_genomic.fna.gz	https://ftp.ncbi.nlm.nih.gov/genomes/all/GCA/900/067/825/GCA_900067825.1_563_F_assembled_ctg_200/GCA_900067825.1_563_F_assembled_ctg_200_genomic.fna.gz	poales	waste_col
4513	https://ftp.ncbi.nlm.nih.gov/genomes/all/GCF/904/849/725/GCF_904849725.1_MorexV3_pseudomolecules_assembly/GCF_904849725.1_MorexV3_pseudomolecules_assembly_cds_from_genomic.fna.gz	https://ftp.ncbi.nlm.nih.gov/genomes/all/GCA/900/067/785/GCA_900067785.1_563_A_assembled_ctg_200/GCA_900067785.1_563_A_assembled_ctg_200_genomic.fna.gz	poales	waste_col
4513	https://ftp.ncbi.nlm.nih.gov/genomes/all/GCF/904/849/725/GCF_904849725.1_MorexV3_pseudomolecules_assembly/GCF_904849725.1_MorexV3_pseudomolecules_assembly_cds_from_genomic.fna.gz	https://ftp.ncbi.nlm.nih.gov/genomes/all/GCA/017/309/745/GCA_017309745.1_AAC_Synergy_1.0/GCA_017309745.1_AAC_Synergy_1.0_genomic.fna.gz	poales	waste_col
4513	https://ftp.ncbi.nlm.nih.gov/genomes/all/GCF/904/849/725/GCF_904849725.1_MorexV3_pseudomolecules_assembly/GCF_904849725.1_MorexV3_pseudomolecules_assembly_cds_from_genomic.fna.gz	https://ftp.ncbi.nlm.nih.gov/genomes/all/GCA/907/165/085/GCA_907165085.1_OUH206_pseudomolecules_assembly/GCA_907165085.1_OUH206_pseudomolecules_assembly_genomic.fna.gz	poales	waste_col
4513	https://ftp.ncbi.nlm.nih.gov/genomes/all/GCF/904/849/725/GCF_904849725.1_MorexV3_pseudomolecules_assembly/GCF_904849725.1_MorexV3_pseudomolecules_assembly_cds_from_genomic.fna.gz	https://ftp.ncbi.nlm.nih.gov/genomes/all/GCA/001/077/415/GCA_001077415.1_ASM107741v1/GCA_001077415.1_ASM107741v1_genomic.fna.gz	poales	waste_col
4530	https://ftp.ncbi.nlm.nih.gov/genomes/all/GCF/001/433/935/GCF_001433935.1_IRGSP-1.0/GCF_001433935.1_IRGSP-1.0_cds_from_genomic.fna.gz	https://ftp.ncbi.nlm.nih.gov/genomes/all/GCA/018/853/525/GCA_018853525.1_TN1_rice_v1.0/GCA_018853525.1_TN1_rice_v1.0_genomic.fna.gz	poales	waste_col
4530	https://ftp.ncbi.nlm.nih.gov/genomes/all/GCF/001/433/935/GCF_001433935.1_IRGSP-1.0/GCF_001433935.1_IRGSP-1.0_cds_from_genomic.fna.gz	https://ftp.ncbi.nlm.nih.gov/genomes/all/GCA/009/831/255/GCA_009831255.1_Os117425RS1/GCA_009831255.1_Os117425RS1_genomic.fna.gz	poales	waste_col
4530	https://ftp.ncbi.nlm.nih.gov/genomes/all/GCF/001/433/935/GCF_001433935.1_IRGSP-1.0/GCF_001433935.1_IRGSP-1.0_cds_from_genomic.fna.gz	https://ftp.ncbi.nlm.nih.gov/genomes/all/GCA/009/831/315/GCA_009831315.1_Os132278RS1/GCA_009831315.1_Os132278RS1_genomic.fna.gz	poales	waste_col
4530	https://ftp.ncbi.nlm.nih.gov/genomes/all/GCF/001/433/935/GCF_001433935.1_IRGSP-1.0/GCF_001433935.1_IRGSP-1.0_cds_from_genomic.fna.gz	https://ftp.ncbi.nlm.nih.gov/genomes/all/GCA/009/829/725/GCA_009829725.1_ASM982972v1/GCA_009829725.1_ASM982972v1_genomic.fna.gz	poales	waste_col
4530	https://ftp.ncbi.nlm.nih.gov/genomes/all/GCF/001/433/935/GCF_001433935.1_IRGSP-1.0/GCF_001433935.1_IRGSP-1.0_cds_from_genomic.fna.gz	https://ftp.ncbi.nlm.nih.gov/genomes/all/GCA/009/831/335/GCA_009831335.1_Os127652RS1/GCA_009831335.1_Os127652RS1_genomic.fna.gz	poales	waste_col
4530	https://ftp.ncbi.nlm.nih.gov/genomes/all/GCF/001/433/935/GCF_001433935.1_IRGSP-1.0/GCF_001433935.1_IRGSP-1.0_cds_from_genomic.fna.gz	https://ftp.ncbi.nlm.nih.gov/genomes/all/GCA/003/865/215/GCA_003865215.1_ASM386521v1/GCA_003865215.1_ASM386521v1_genomic.fna.gz	poales	waste_col
4530	https://ftp.ncbi.nlm.nih.gov/genomes/all/GCF/001/433/935/GCF_001433935.1_IRGSP-1.0/GCF_001433935.1_IRGSP-1.0_cds_from_genomic.fna.gz	https://ftp.ncbi.nlm.nih.gov/genomes/all/GCA/001/618/795/GCA_001618795.1_ZSv2.0/GCA_001618795.1_ZSv2.0_genomic.fna.gz	poales	waste_col
4530	https://ftp.ncbi.nlm.nih.gov/genomes/all/GCF/001/433/935/GCF_001433935.1_IRGSP-1.0/GCF_001433935.1_IRGSP-1.0_cds_from_genomic.fna.gz	https://ftp.ncbi.nlm.nih.gov/genomes/all/GCA/019/137/765/GCA_019137765.1_ASM1913776v1/GCA_019137765.1_ASM1913776v1_genomic.fna.gz	poales	waste_col
4530	https://ftp.ncbi.nlm.nih.gov/genomes/all/GCF/001/433/935/GCF_001433935.1_IRGSP-1.0/GCF_001433935.1_IRGSP-1.0_cds_from_genomic.fna.gz	https://ftp.ncbi.nlm.nih.gov/genomes/all/GCA/009/831/275/GCA_009831275.1_OS128077RS1/GCA_009831275.1_OS128077RS1_genomic.fna.gz	poales	waste_col
4530	https://ftp.ncbi.nlm.nih.gov/genomes/all/GCF/001/433/935/GCF_001433935.1_IRGSP-1.0/GCF_001433935.1_IRGSP-1.0_cds_from_genomic.fna.gz	https://ftp.ncbi.nlm.nih.gov/genomes/all/GCA/001/618/785/GCA_001618785.1_Mhv2.0/GCA_001618785.1_Mhv2.0_genomic.fna.gz	poales	waste_col
3726	https://ftp.ncbi.nlm.nih.gov/genomes/all/GCF/000/801/105/GCF_000801105.1_Rs1.0/GCF_000801105.1_Rs1.0_cds_from_genomic.fna.gz	https://ftp.ncbi.nlm.nih.gov/genomes/all/GCA/019/705/875/GCA_019705875.1_IVFCAAS_Rs04_1.0/GCA_019705875.1_IVFCAAS_Rs04_1.0_genomic.fna.gz	brassicales	waste_col
3726	https://ftp.ncbi.nlm.nih.gov/genomes/all/GCF/000/801/105/GCF_000801105.1_Rs1.0/GCF_000801105.1_Rs1.0_cds_from_genomic.fna.gz	https://ftp.ncbi.nlm.nih.gov/genomes/all/GCA/019/705/855/GCA_019705855.1_IVFCAAS_Rs05_1.0/GCA_019705855.1_IVFCAAS_Rs05_1.0_genomic.fna.gz	brassicales	waste_col
3726	https://ftp.ncbi.nlm.nih.gov/genomes/all/GCF/000/801/105/GCF_000801105.1_Rs1.0/GCF_000801105.1_Rs1.0_cds_from_genomic.fna.gz	https://ftp.ncbi.nlm.nih.gov/genomes/all/GCA/001/047/155/GCA_001047155.1_Rsativus_build1.00/GCA_001047155.1_Rsativus_build1.00_genomic.fna.gz	brassicales	waste_col
3726	https://ftp.ncbi.nlm.nih.gov/genomes/all/GCF/000/801/105/GCF_000801105.1_Rs1.0/GCF_000801105.1_Rs1.0_cds_from_genomic.fna.gz	https://ftp.ncbi.nlm.nih.gov/genomes/all/GCA/002/197/605/GCA_002197605.1_Radish_v2.20/GCA_002197605.1_Radish_v2.20_genomic.fna.gz	brassicales	waste_col
3726	https://ftp.ncbi.nlm.nih.gov/genomes/all/GCF/000/801/105/GCF_000801105.1_Rs1.0/GCF_000801105.1_Rs1.0_cds_from_genomic.fna.gz	https://ftp.ncbi.nlm.nih.gov/genomes/all/GCA/019/705/955/GCA_019705955.1_IVFCAAS_Rs06_1.0/GCA_019705955.1_IVFCAAS_Rs06_1.0_genomic.fna.gz	brassicales	waste_col
3726	https://ftp.ncbi.nlm.nih.gov/genomes/all/GCF/000/801/105/GCF_000801105.1_Rs1.0/GCF_000801105.1_Rs1.0_cds_from_genomic.fna.gz	https://ftp.ncbi.nlm.nih.gov/genomes/all/GCA/019/703/475/GCA_019703475.1_IVFCAAS_Rs00_1.1/GCA_019703475.1_IVFCAAS_Rs00_1.1_genomic.fna.gz	brassicales	waste_col
3726	https://ftp.ncbi.nlm.nih.gov/genomes/all/GCF/000/801/105/GCF_000801105.1_Rs1.0/GCF_000801105.1_Rs1.0_cds_from_genomic.fna.gz	https://ftp.ncbi.nlm.nih.gov/genomes/all/GCA/902/824/885/GCA_902824885.1_Qing/GCA_902824885.1_Qing_genomic.fna.gz	brassicales	waste_col
3726	https://ftp.ncbi.nlm.nih.gov/genomes/all/GCF/000/801/105/GCF_000801105.1_Rs1.0/GCF_000801105.1_Rs1.0_cds_from_genomic.fna.gz	https://ftp.ncbi.nlm.nih.gov/genomes/all/GCA/010/725/405/GCA_010725405.1_RSAskr_r1.0/GCA_010725405.1_RSAskr_r1.0_genomic.fna.gz	brassicales	waste_col
3726	https://ftp.ncbi.nlm.nih.gov/genomes/all/GCF/000/801/105/GCF_000801105.1_Rs1.0/GCF_000801105.1_Rs1.0_cds_from_genomic.fna.gz	https://ftp.ncbi.nlm.nih.gov/genomes/all/GCA/000/715/565/GCA_000715565.1_RSA_r1.0/GCA_000715565.1_RSA_r1.0_genomic.fna.gz	brassicales	waste_col
3726	https://ftp.ncbi.nlm.nih.gov/genomes/all/GCF/000/801/105/GCF_000801105.1_Rs1.0/GCF_000801105.1_Rs1.0_cds_from_genomic.fna.gz	https://ftp.ncbi.nlm.nih.gov/genomes/all/GCA/019/705/895/GCA_019705895.1_IVFCAAS_Rs01_1.0/GCA_019705895.1_IVFCAAS_Rs01_1.0_genomic.fna.gz	brassicales	waste_col
4113	https://ftp.ncbi.nlm.nih.gov/genomes/all/GCF/000/226/075/GCF_000226075.1_SolTub_3.0/GCF_000226075.1_SolTub_3.0_cds_from_genomic.fna.gz	https://ftp.ncbi.nlm.nih.gov/genomes/all/GCA/020/169/575/GCA_020169575.1_solTubHeraHap2/GCA_020169575.1_solTubHeraHap2_genomic.fna.gz	solanales	waste_col
4113	https://ftp.ncbi.nlm.nih.gov/genomes/all/GCF/000/226/075/GCF_000226075.1_SolTub_3.0/GCF_000226075.1_SolTub_3.0_cds_from_genomic.fna.gz	https://ftp.ncbi.nlm.nih.gov/genomes/all/GCA/020/169/535/GCA_020169535.1_solTubStieglitzHap2/GCA_020169535.1_solTubStieglitzHap2_genomic.fna.gz	solanales	waste_col
4113	https://ftp.ncbi.nlm.nih.gov/genomes/all/GCF/000/226/075/GCF_000226075.1_SolTub_3.0/GCF_000226075.1_SolTub_3.0_cds_from_genomic.fna.gz	https://ftp.ncbi.nlm.nih.gov/genomes/all/GCA/020/169/555/GCA_020169555.1_solTubStieglitzHap1/GCA_020169555.1_solTubStieglitzHap1_genomic.fna.gz	solanales	waste_col
4113	https://ftp.ncbi.nlm.nih.gov/genomes/all/GCF/000/226/075/GCF_000226075.1_SolTub_3.0/GCF_000226075.1_SolTub_3.0_cds_from_genomic.fna.gz	https://ftp.ncbi.nlm.nih.gov/genomes/all/GCA/014/189/305/GCA_014189305.1_ASM1418930v1/GCA_014189305.1_ASM1418930v1_genomic.fna.gz	solanales	waste_col
4113	https://ftp.ncbi.nlm.nih.gov/genomes/all/GCF/000/226/075/GCF_000226075.1_SolTub_3.0/GCF_000226075.1_SolTub_3.0_cds_from_genomic.fna.gz	https://ftp.ncbi.nlm.nih.gov/genomes/all/GCA/020/169/585/GCA_020169585.1_solTubHeraHap1/GCA_020169585.1_solTubHeraHap1_genomic.fna.gz	solanales	waste_col
4113	https://ftp.ncbi.nlm.nih.gov/genomes/all/GCF/000/226/075/GCF_000226075.1_SolTub_3.0/GCF_000226075.1_SolTub_3.0_cds_from_genomic.fna.gz	https://ftp.ncbi.nlm.nih.gov/genomes/all/GCA/014/182/985/GCA_014182985.2_ASM1418298v2/GCA_014182985.2_ASM1418298v2_genomic.fna.gz	solanales	waste_col
4113	https://ftp.ncbi.nlm.nih.gov/genomes/all/GCF/000/226/075/GCF_000226075.1_SolTub_3.0/GCF_000226075.1_SolTub_3.0_cds_from_genomic.fna.gz	https://ftp.ncbi.nlm.nih.gov/genomes/all/GCA/010/127/505/GCA_010127505.1_ASM1012750v1/GCA_010127505.1_ASM1012750v1_genomic.fna.gz	solanales	waste_col
4113	https://ftp.ncbi.nlm.nih.gov/genomes/all/GCF/000/226/075/GCF_000226075.1_SolTub_3.0/GCF_000226075.1_SolTub_3.0_cds_from_genomic.fna.gz	https://ftp.ncbi.nlm.nih.gov/genomes/all/GCA/015/076/265/GCA_015076265.1_ASM1507626v1/GCA_015076265.1_ASM1507626v1_genomic.fna.gz	solanales	waste_col
4113	https://ftp.ncbi.nlm.nih.gov/genomes/all/GCF/000/226/075/GCF_000226075.1_SolTub_3.0/GCF_000226075.1_SolTub_3.0_cds_from_genomic.fna.gz	https://ftp.ncbi.nlm.nih.gov/genomes/all/GCA/014/182/995/GCA_014182995.2_ASM1418299v2/GCA_014182995.2_ASM1418299v2_genomic.fna.gz	solanales	waste_col
4113	https://ftp.ncbi.nlm.nih.gov/genomes/all/GCF/000/226/075/GCF_000226075.1_SolTub_3.0/GCF_000226075.1_SolTub_3.0_cds_from_genomic.fna.gz	https://ftp.ncbi.nlm.nih.gov/genomes/all/GCA/014/189/475/GCA_014189475.1_ASM1418947v1/GCA_014189475.1_ASM1418947v1_genomic.fna.gz	solanales	waste_col
4565	https://ftp.ncbi.nlm.nih.gov/genomes/all/GCF/018/294/505/GCF_018294505.1_IWGSC_CS_RefSeq_v2.1/GCF_018294505.1_IWGSC_CS_RefSeq_v2.1_cds_from_genomic.fna.gz	https://ftp.ncbi.nlm.nih.gov/genomes/all/GCA/902/810/675/GCA_902810675.1_Triticum_aestivum_weebil_EIv1/GCA_902810675.1_Triticum_aestivum_weebil_EIv1_genomic.fna.gz	poales	waste_col
4565	https://ftp.ncbi.nlm.nih.gov/genomes/all/GCF/018/294/505/GCF_018294505.1_IWGSC_CS_RefSeq_v2.1/GCF_018294505.1_IWGSC_CS_RefSeq_v2.1_cds_from_genomic.fna.gz	https://ftp.ncbi.nlm.nih.gov/genomes/all/GCA/903/994/195/GCA_903994195.1_10wheat_assembly_julius/GCA_903994195.1_10wheat_assembly_julius_genomic.fna.gz	poales	waste_col
4565	https://ftp.ncbi.nlm.nih.gov/genomes/all/GCF/018/294/505/GCF_018294505.1_IWGSC_CS_RefSeq_v2.1/GCF_018294505.1_IWGSC_CS_RefSeq_v2.1_cds_from_genomic.fna.gz	https://ftp.ncbi.nlm.nih.gov/genomes/all/GCA/900/067/645/GCA_900067645.1_Triticum_aestivum_CS42_TGAC_v1/GCA_900067645.1_Triticum_aestivum_CS42_TGAC_v1_genomic.fna.gz	poales	waste_col
4565	https://ftp.ncbi.nlm.nih.gov/genomes/all/GCF/018/294/505/GCF_018294505.1_IWGSC_CS_RefSeq_v2.1/GCF_018294505.1_IWGSC_CS_RefSeq_v2.1_cds_from_genomic.fna.gz	https://ftp.ncbi.nlm.nih.gov/genomes/all/GCA/907/166/925/GCA_907166925.1_wheat_cv_fielder_v1_assembly/GCA_907166925.1_wheat_cv_fielder_v1_assembly_genomic.fna.gz	poales	waste_col
4565	https://ftp.ncbi.nlm.nih.gov/genomes/all/GCF/018/294/505/GCF_018294505.1_IWGSC_CS_RefSeq_v2.1/GCF_018294505.1_IWGSC_CS_RefSeq_v2.1_cds_from_genomic.fna.gz	https://ftp.ncbi.nlm.nih.gov/genomes/all/GCA/902/810/685/GCA_902810685.1_Triticum_aestivum_Robigus_EIv1.1/GCA_902810685.1_Triticum_aestivum_Robigus_EIv1.1_genomic.fna.gz	poales	waste_col
4565	https://ftp.ncbi.nlm.nih.gov/genomes/all/GCF/018/294/505/GCF_018294505.1_IWGSC_CS_RefSeq_v2.1/GCF_018294505.1_IWGSC_CS_RefSeq_v2.1_cds_from_genomic.fna.gz	https://ftp.ncbi.nlm.nih.gov/genomes/all/GCA/902/810/665/GCA_902810665.1_Triticum_aestivum_Paragon_EIv1.1/GCA_902810665.1_Triticum_aestivum_Paragon_EIv1.1_genomic.fna.gz	poales	waste_col
4565	https://ftp.ncbi.nlm.nih.gov/genomes/all/GCF/018/294/505/GCF_018294505.1_IWGSC_CS_RefSeq_v2.1/GCF_018294505.1_IWGSC_CS_RefSeq_v2.1_cds_from_genomic.fna.gz	https://ftp.ncbi.nlm.nih.gov/genomes/all/GCA/900/067/735/GCA_900067735.1_IWGSC_CSS/GCA_900067735.1_IWGSC_CSS_genomic.fna.gz	poales	waste_col
4565	https://ftp.ncbi.nlm.nih.gov/genomes/all/GCF/018/294/505/GCF_018294505.1_IWGSC_CS_RefSeq_v2.1/GCF_018294505.1_IWGSC_CS_RefSeq_v2.1_cds_from_genomic.fna.gz	https://ftp.ncbi.nlm.nih.gov/genomes/all/GCA/902/651/665/GCA_902651665.1_Tritex_Taestivum_CS/GCA_902651665.1_Tritex_Taestivum_CS_genomic.fna.gz	poales	waste_col
4565	https://ftp.ncbi.nlm.nih.gov/genomes/all/GCF/018/294/505/GCF_018294505.1_IWGSC_CS_RefSeq_v2.1/GCF_018294505.1_IWGSC_CS_RefSeq_v2.1_cds_from_genomic.fna.gz	https://ftp.ncbi.nlm.nih.gov/genomes/all/GCA/903/995/565/GCA_903995565.1_10wheat_assembly_landmark1/GCA_903995565.1_10wheat_assembly_landmark1_genomic.fna.gz	poales	waste_col
4565	https://ftp.ncbi.nlm.nih.gov/genomes/all/GCF/018/294/505/GCF_018294505.1_IWGSC_CS_RefSeq_v2.1/GCF_018294505.1_IWGSC_CS_RefSeq_v2.1_cds_from_genomic.fna.gz	https://ftp.ncbi.nlm.nih.gov/genomes/all/GCA/903/994/185/GCA_903994185.1_10wheat_assembly_sy_mattis/GCA_903994185.1_10wheat_assembly_sy_mattis_genomic.fna.gz	poales	waste_col
4577	https://ftp.ncbi.nlm.nih.gov/genomes/all/GCF/902/167/145/GCF_902167145.1_Zm-B73-REFERENCE-NAM-5.0/GCF_902167145.1_Zm-B73-REFERENCE-NAM-5.0_cds_from_genomic.fna.gz	https://ftp.ncbi.nlm.nih.gov/genomes/all/GCA/902/167/025/GCA_902167025.1_Zm-CML333-REFERENCE-NAM-1.0/GCA_902167025.1_Zm-CML333-REFERENCE-NAM-1.0_genomic.fna.gz	poales	waste_col
4577	https://ftp.ncbi.nlm.nih.gov/genomes/all/GCF/902/167/145/GCF_902167145.1_Zm-B73-REFERENCE-NAM-5.0/GCF_902167145.1_Zm-B73-REFERENCE-NAM-5.0_cds_from_genomic.fna.gz	https://ftp.ncbi.nlm.nih.gov/genomes/all/GCA/902/167/065/GCA_902167065.1_Zm-Il14H-REFERENCE-NAM-1.0/GCA_902167065.1_Zm-Il14H-REFERENCE-NAM-1.0_genomic.fna.gz	poales	waste_col
4577	https://ftp.ncbi.nlm.nih.gov/genomes/all/GCF/902/167/145/GCF_902167145.1_Zm-B73-REFERENCE-NAM-5.0/GCF_902167145.1_Zm-B73-REFERENCE-NAM-5.0_cds_from_genomic.fna.gz	https://ftp.ncbi.nlm.nih.gov/genomes/all/GCA/001/984/235/GCA_001984235.2_Zm-EP1-REFERENCE-TUM-1.0/GCA_001984235.2_Zm-EP1-REFERENCE-TUM-1.0_genomic.fna.gz	poales	waste_col
4577	https://ftp.ncbi.nlm.nih.gov/genomes/all/GCF/902/167/145/GCF_902167145.1_Zm-B73-REFERENCE-NAM-5.0/GCF_902167145.1_Zm-B73-REFERENCE-NAM-5.0_cds_from_genomic.fna.gz	https://ftp.ncbi.nlm.nih.gov/genomes/all/GCA/902/167/005/GCA_902167005.1_Zm-NC350-REFERENCE-NAM-1.0/GCA_902167005.1_Zm-NC350-REFERENCE-NAM-1.0_genomic.fna.gz	poales	waste_col
4577	https://ftp.ncbi.nlm.nih.gov/genomes/all/GCF/902/167/145/GCF_902167145.1_Zm-B73-REFERENCE-NAM-5.0/GCF_902167145.1_Zm-B73-REFERENCE-NAM-5.0_cds_from_genomic.fna.gz	https://ftp.ncbi.nlm.nih.gov/genomes/all/GCA/002/682/915/GCA_002682915.2_Zm_CML247_REFERENCE_PANZEA.1.2/GCA_002682915.2_Zm_CML247_REFERENCE_PANZEA.1.2_genomic.fna.gz	poales	waste_col
4577	https://ftp.ncbi.nlm.nih.gov/genomes/all/GCF/902/167/145/GCF_902167145.1_Zm-B73-REFERENCE-NAM-5.0/GCF_902167145.1_Zm-B73-REFERENCE-NAM-5.0_cds_from_genomic.fna.gz	https://ftp.ncbi.nlm.nih.gov/genomes/all/GCA/900/230/735/GCA_900230735.1_oilsands_bin_083/GCA_900230735.1_oilsands_bin_083_genomic.fna.gz	poales	waste_col
4577	https://ftp.ncbi.nlm.nih.gov/genomes/all/GCF/902/167/145/GCF_902167145.1_Zm-B73-REFERENCE-NAM-5.0/GCF_902167145.1_Zm-B73-REFERENCE-NAM-5.0_cds_from_genomic.fna.gz	https://ftp.ncbi.nlm.nih.gov/genomes/all/GCA/902/167/035/GCA_902167035.1_Zm-NC358-REFERENCE-NAM-1.0/GCA_902167035.1_Zm-NC358-REFERENCE-NAM-1.0_genomic.fna.gz	poales	waste_col
4577	https://ftp.ncbi.nlm.nih.gov/genomes/all/GCF/902/167/145/GCF_902167145.1_Zm-B73-REFERENCE-NAM-5.0/GCF_902167145.1_Zm-B73-REFERENCE-NAM-5.0_cds_from_genomic.fna.gz	https://ftp.ncbi.nlm.nih.gov/genomes/all/GCA/002/813/485/GCA_002813485.1_ASM281348v1/GCA_002813485.1_ASM281348v1_genomic.fna.gz	poales	waste_col
4577	https://ftp.ncbi.nlm.nih.gov/genomes/all/GCF/902/167/145/GCF_902167145.1_Zm-B73-REFERENCE-NAM-5.0/GCF_902167145.1_Zm-B73-REFERENCE-NAM-5.0_cds_from_genomic.fna.gz	https://ftp.ncbi.nlm.nih.gov/genomes/all/GCA/900/230/805/GCA_900230805.1_oilsands_bin_136/GCA_900230805.1_oilsands_bin_136_genomic.fna.gz	poales	waste_col
4577	https://ftp.ncbi.nlm.nih.gov/genomes/all/GCF/902/167/145/GCF_902167145.1_Zm-B73-REFERENCE-NAM-5.0/GCF_902167145.1_Zm-B73-REFERENCE-NAM-5.0_cds_from_genomic.fna.gz	https://ftp.ncbi.nlm.nih.gov/genomes/all/GCA/003/704/525/GCA_003704525.1_Zm-PE0075-REFERENCE-TUM-1.0/GCA_003704525.1_Zm-PE0075-REFERENCE-TUM-1.0_genomic.fna.gz	poales	waste_col